Date,Country,Population,New Cases,New Deaths,Hospital Admissions,ICU Admissions,COVID Tests,Positive Test Rate,First Dose Pct,Fully Vaccinated Pct,Booster Pct,Cases Per 100k,Deaths Per 100k,Hospital Bed Occupancy Pct,COVID Restrictions Level,Dominant Variant,Year,Month,Month Name,Quarter,Day Name
2021-01-03,Argentina,45800000,4332.0,50.0,133.0,40.0,472751.0,0.92,19.56,13.15,0.0,9.46,0.109,,None,Alpha,2021,1,January,1,Sunday
2021-01-10,Argentina,45800000,6648.0,81.0,203.0,32.0,476111.0,1.4,21.02,13.88,0.01,14.51,0.177,54.86,None,Alpha,2021,1,January,1,Sunday
2021-01-17,Argentina,45800000,11486.0,110.0,349.0,84.0,487975.0,2.35,23.82,14.86,0.17,25.08,0.24,55.76,None,Alpha,2021,1,January,1,Sunday
2021-01-24,Argentina,45800000,14049.0,,424.0,68.0,,3.02,25.15,16.21,0.17,30.67,0.288,63.16,Low,Alpha,2021,1,January,1,Sunday
2021-01-31,Argentina,45800000,19783.0,220.0,592.0,159.0,524171.0,3.77,27.85,17.64,0.27,43.19,0.48,61.11,Low,Alpha,2021,1,January,1,Sunday
2021-02-07,Argentina,45800000,20670.0,208.0,610.0,189.0,566826.0,3.65,29.41,19.71,0.29,45.13,0.454,63.84,Moderate,Alpha,2021,2,February,1,Sunday
2021-02-14,Argentina,45800000,27169.0,299.0,796.0,232.0,542414.0,5.01,31.49,21.01,0.29,59.32,0.653,64.44,Moderate,Alpha,2021,2,February,1,Sunday
2021-02-21,Argentina,45800000,31840.0,284.0,925.0,197.0,645899.0,4.93,34.47,22.33,0.29,69.52,0.62,73.09,Moderate,Alpha,2021,2,February,1,Sunday
2021-02-28,Argentina,45800000,27068.0,230.0,778.0,148.0,473787.0,5.71,36.4,23.97,0.31,59.1,0.502,64.03,Moderate,Alpha,2021,2,February,1,Sunday
2021-03-07,Argentina,45800000,33408.0,343.0,950.0,162.0,494912.0,6.75,38.79,25.78,0.31,72.94,0.749,71.37,Moderate,Alpha,2021,3,March,1,Sunday
2021-03-14,Argentina,45800000,32303.0,353.0,907.0,271.0,607249.0,5.32,40.84,27.65,0.34,70.53,0.771,68.46,High,Alpha,2021,3,March,1,Sunday
2021-03-21,Argentina,45800000,30309.0,249.0,842.0,138.0,517221.0,5.86,43.51,29.24,0.69,66.18,0.544,68.57,High,Alpha,2021,3,March,1,Sunday
2021-03-28,Argentina,45800000,24913.0,254.0,684.0,176.0,614682.0,4.05,46.19,31.03,0.69,54.39,0.555,62.77,Moderate,Alpha,2021,3,March,1,Sunday
04-04-2021,Argentina,45800000,18976.0,165.0,513.0,109.0,554212.0,3.42,48.06,33.54,1.09,41.43,0.36,56.97,Moderate,Alpha,2021,4,April,2,Sunday
2021-04-11,Argentina,45800000,15205.0,115.0,406.0,130.0,544424.0,2.79,50.65,35.21,1.09,33.2,0.251,55.5,Low,Alpha,2021,4,April,2,Sunday
2021-04-18,Argentina,45800000,13624.0,118.0,358.0,85.0,509362.0,2.67,52.98,37.48,1.09,29.75,0.258,,Low,Alpha,2021,4,April,2,Sunday
2021-04-25,Argentina,45800000,9486.0,75.0,246.0,60.0,422766.0,2.24,55.37,39.69,1.09,20.71,0.164,53.21,Low,Alpha,2021,4,April,2,Sunday
2021-05-02,Argentina,45800000,5842.0,51.0,149.0,46.0,381097.0,1.53,57.95,41.35,1.09,12.76,0.111,46.32,Low,Alpha,2021,5,May,2,Sunday
2021-05-09,Argentina,45800000,6987.0,53.0,176.0,55.0,497970.0,1.4,59.49,43.27,1.09,15.25,0.116,52.98,None,Alpha,2021,5,May,2,Sunday
2021-05-16,Argentina,45800000,5084.0,40.0,126.0,31.0,383605.0,1.33,61.36,46.08,1.09,11.1,0.087,46.72,None,Alpha,2021,5,May,2,Sunday
2021-05-23,Argentina,45800000,4852.0,34.0,119.0,34.0,489946.0,0.99,64.28,47.09,1.09,10.59,0.074,50.62,None,Alpha,2021,5,May,2,Sunday
2021-05-30,Argentina,45800000,4927.0,54.0,138.0,36.0,458474.0,1.07,65.1,48.57,1.09,10.76,0.118,50.64,None,Delta,2021,5,May,2,Sunday
2021-06-06,Argentina,45800000,7493.0,82.0,206.0,46.0,444396.0,1.69,66.85,50.63,1.15,16.36,0.179,52.55,None,Delta,2021,6,June,2,Sunday
2021-06-13,Argentina,45800000,9213.0,84.0,249.0,40.0,471238.0,1.96,68.37,52.94,1.17,20.12,0.183,56.76,Low,Delta,2021,6,June,2,Sunday
2021-06-20,Argentina,45800000,9420.0,86.0,253.0,69.0,473084.0,1.99,69.86,53.77,1.22,20.57,0.188,50.15,Low,Delta,2021,6,June,2,Sunday
2021-06-27,Argentina,45800000,14182.0,148.0,375.0,101.0,470560.0,3.01,71.33,55.55,1.22,30.97,0.323,56.9,Low,Delta,2021,6,June,2,Sunday
2021-07-04,Argentina,45800000,14999.0,119.0,390.0,66.0,537098.0,2.79,72.84,57.65,1.25,32.75,0.26,58.91,Low,Delta,2021,7,July,3,Sunday
2021-07-11,Argentina,45800000,17724.0,169.0,457.0,86.0,549889.0,3.22,73.85,58.7,1.49,38.7,0.369,55.89,Low,Delta,2021,7,July,3,Sunday
2021-07-18,Argentina,45800000,22319.0,195.0,569.0,156.0,522657.0,4.27,75.12,60.13,1.92,48.73,0.426,58.52,Low,Delta,2021,7,July,3,Sunday
2021-07-25,Argentina,45800000,26205.0,244.0,659.0,116.0,508694.0,5.15,76.09,61.79,2.15,57.22,0.533,62.0,Moderate,Delta,2021,7,July,3,Sunday
2021-08-01,Argentina,45800000,32918.0,256.0,823.0,220.0,624727.0,5.27,76.74,62.47,2.38,71.87,0.559,67.76,Moderate,Delta,2021,8,August,3,Sunday
2021-08-08,Argentina,45800000,36974.0,284.0,917.0,249.0,489959.0,7.55,77.6,63.39,2.38,80.73,0.62,65.85,High,Delta,2021,8,August,3,Sunday
2021-08-15,Argentina,45800000,39317.0,300.0,966.0,203.0,616604.0,6.38,78.57,64.48,2.68,85.84,0.655,72.02,High,Delta,2021,8,August,3,Sunday
2021-08-22,Argentina,45800000,41907.0,282.0,1016.0,197.0,643478.0,6.51,78.58,66.06,2.76,91.5,0.616,68.41,High,Delta,2021,8,August,3,Sunday
2021-08-29,Argentina,45800000,42719.0,299.0,1028.0,219.0,570807.0,7.48,80.28,66.89,2.76,93.27,0.653,75.48,High,Delta,2021,8,August,3,Sunday
2021-09-05,Argentina,45800000,44756.0,396.0,1072.0,,669174.0,6.69,80.28,67.45,3.3,97.72,0.865,74.67,High,Delta,2021,9,September,3,Sunday
2021-09-12,Argentina,45800000,44340.0,313.0,1056.0,267.0,617567.0,7.18,80.48,68.1,3.57,96.81,0.683,77.75,High,Delta,2021,9,September,3,Sunday
2021-09-19,Argentina,45800000,45907.0,295.0,1084.0,300.0,598839.0,7.67,80.67,69.08,3.71,100.23,0.644,75.36,High,Delta,2021,9,September,3,Sunday
2021-09-26,Argentina,45800000,46204.0,319.0,1081.0,321.0,675919.0,6.84,81.09,70.17,4.22,100.88,0.697,72.85,High,Delta,2021,9,September,3,Sunday
2021-10-03,Argentina,45800000,36424.0,262.0,852.0,132.0,531426.0,6.85,82.11,70.19,4.83,79.53,0.572,65.7,High,Delta,2021,10,October,4,Sunday
2021-10-10,Argentina,45800000,36053.0,268.0,838.0,229.0,620592.0,5.81,82.83,70.8,4.89,78.72,0.585,67.93,High,Delta,2021,10,October,4,Sunday
2021-10-17,Argentina,45800000,39231.0,248.0,909.0,185.0,500688.0,7.84,82.83,71.15,5.48,85.66,0.541,69.09,High,Delta,2021,10,October,4,Sunday
2021-10-24,Argentina,45800000,36291.0,284.0,836.0,,594643.0,6.1,82.83,71.86,6.67,79.24,0.62,70.25,High,Delta,2021,10,October,4,Sunday
2021-10-31,Argentina,45800000,33168.0,259.0,760.0,124.0,568785.0,5.83,83.02,72.5,6.67,72.42,0.566,63.0,High,Delta,2021,10,October,4,Sunday
2021-11-07,Argentina,45800000,33737.0,216.0,766.0,187.0,544864.0,6.19,83.47,73.42,7.28,73.66,0.472,70.53,High,Delta,2021,11,November,4,Sunday
2021-11-14,Argentina,45800000,35585.0,272.0,808.0,197.0,596084.0,5.97,84.03,73.42,7.62,77.7,0.594,69.75,High,Delta,2021,11,November,4,Sunday
2021-11-21,Argentina,45800000,41595.0,279.0,944.0,194.0,602220.0,6.91,84.03,73.44,8.41,90.82,0.609,69.57,High,Delta,2021,11,November,4,Sunday
2021-11-28,Argentina,45800000,48580.0,101.0,525.0,,692520.0,7.01,84.03,74.01,9.3,106.07,0.221,63.75,High,Omicron,2021,11,November,4,Sunday
2021-12-05,Argentina,45800000,52726.0,127.0,568.0,96.0,687442.0,7.67,84.03,74.22,9.83,115.12,0.277,58.4,Lockdown,Omicron,2021,12,December,4,Sunday
2021-12-12,Argentina,45800000,48921.0,116.0,527.0,91.0,663408.0,7.37,84.14,74.22,11.12,106.81,0.253,59.82,High,Omicron,2021,12,December,4,Sunday
2021-12-19,Argentina,45800000,53467.0,108.0,571.0,148.0,676857.0,7.9,84.14,75.16,12.22,116.74,0.236,57.25,Lockdown,Omicron,2021,12,December,4,Sunday
2021-12-26,Argentina,45800000,59222.0,124.0,633.0,150.0,662243.0,8.94,84.14,75.16,12.98,129.31,0.271,66.66,Lockdown,Omicron,2021,12,December,4,Sunday
2022-01-02,Argentina,45800000,73696.0,144.0,787.0,153.0,737454.0,9.99,84.14,75.16,14.0,160.91,0.314,61.9,Lockdown,Omicron,2022,1,January,1,Sunday
2022-01-09,Argentina,45800000,72280.0,152.0,772.0,156.0,763978.0,9.46,84.68,75.17,14.29,157.82,0.332,62.03,Lockdown,Omicron,2022,1,January,1,Sunday
2022-01-16,Argentina,45800000,69985.0,154.0,747.0,,728164.0,9.61,84.78,75.26,15.7,152.81,0.336,63.4,Lockdown,Omicron,2022,1,January,1,Sunday
2022-01-23,Argentina,45800000,69228.0,126.0,736.0,219.0,800219.0,8.65,84.78,75.74,17.02,151.15,0.275,68.01,High,Omicron,2022,1,January,1,Sunday
2022-01-30,Argentina,45800000,66678.0,156.0,709.0,175.0,728394.0,9.15,84.78,75.74,18.3,145.58,0.341,66.39,Lockdown,Omicron,2022,1,January,1,Sunday
2022-02-06,Argentina,45800000,55298.0,122.0,588.0,113.0,690098.0,8.01,84.94,75.74,19.76,120.74,0.266,61.18,High,Omicron,2022,2,February,1,Sunday
2022-02-13,Argentina,45800000,55686.0,101.0,592.0,128.0,596375.0,9.34,84.94,75.74,20.78,121.58,0.221,63.53,Lockdown,Omicron,2022,2,February,1,Sunday
2022-02-20,Argentina,45800000,44765.0,103.0,475.0,144.0,667700.0,6.7,84.94,75.99,22.0,97.74,0.225,57.67,Lockdown,Omicron,2022,2,February,1,Sunday
2022-02-27,Argentina,45800000,36807.0,82.0,390.0,117.0,,6.61,85.3,75.99,23.82,80.36,0.179,56.82,High,Omicron,2022,2,February,1,Sunday
2022-03-06,Argentina,45800000,31983.0,62.0,339.0,55.0,514459.0,6.22,85.3,75.99,24.38,69.83,0.135,58.58,High,Omicron,2022,3,March,1,Sunday
2022-03-13,Argentina,45800000,23596.0,49.0,250.0,65.0,590954.0,3.99,85.3,76.13,25.6,51.52,0.107,51.53,Moderate,Omicron,2022,3,March,1,Sunday
2022-03-20,Argentina,45800000,19347.0,44.0,205.0,36.0,530413.0,3.65,85.3,76.13,27.09,42.24,0.096,49.07,Moderate,Omicron,2022,3,March,1,Sunday
2022-03-27,Argentina,45800000,14879.0,35.0,158.0,29.0,519194.0,2.87,85.3,76.13,28.13,32.49,0.076,50.95,Low,Omicron,2022,3,March,1,Sunday
2022-04-03,Argentina,45800000,13514.0,,143.0,42.0,492468.0,2.74,85.3,76.47,29.78,29.51,0.057,51.24,Low,Omicron,2022,4,April,2,Sunday
2022-04-10,Argentina,45800000,10807.0,23.0,114.0,34.0,459124.0,2.35,85.3,76.47,30.6,23.6,0.05,48.91,Low,Omicron,2022,4,April,2,Sunday
2022-04-17,Argentina,45800000,8259.0,19.0,87.0,14.0,440614.0,,85.3,76.47,32.31,18.03,0.041,50.45,Low,Omicron,2022,4,April,2,Sunday
2022-04-24,Argentina,45800000,10041.0,24.0,106.0,32.0,487611.0,2.06,85.3,76.47,33.76,21.92,0.052,47.93,Low,Omicron,2022,4,April,2,Sunday
2022-05-01,Argentina,45800000,9926.0,18.0,105.0,29.0,500002.0,1.99,85.3,76.47,35.39,21.67,0.039,48.72,Low,Omicron,2022,5,May,2,Sunday
2022-05-08,Argentina,45800000,13207.0,27.0,139.0,39.0,471174.0,2.8,85.3,76.47,36.72,28.84,0.059,50.22,Low,Omicron,2022,5,May,2,Sunday
2022-05-15,Argentina,45800000,15867.0,36.0,167.0,48.0,566763.0,2.8,85.3,76.47,37.34,34.64,0.079,50.72,Low,Omicron,2022,5,May,2,Sunday
2022-05-22,Argentina,45800000,15921.0,28.0,168.0,40.0,478730.0,3.33,85.3,76.47,39.47,34.76,0.061,54.06,Low,Omicron,2022,5,May,2,Sunday
2022-05-29,Argentina,45800000,20104.0,40.0,212.0,66.0,449486.0,4.47,85.3,76.51,40.06,43.89,0.087,52.09,Low,Omicron,2022,5,May,2,Sunday
2022-06-05,Argentina,45800000,21049.0,44.0,222.0,41.0,440031.0,4.78,85.3,76.51,41.21,45.96,0.096,50.67,Moderate,Omicron,2022,6,June,2,Sunday
2022-06-12,Argentina,45800000,23890.0,49.0,252.0,59.0,452862.0,5.28,85.3,76.51,41.74,52.16,0.107,53.52,Moderate,Omicron,2022,6,June,2,Sunday
2022-06-19,Argentina,45800000,25207.0,55.0,266.0,54.0,512156.0,4.92,85.3,76.57,43.07,55.04,0.12,55.08,Moderate,Omicron,2022,6,June,2,Sunday
2022-06-26,Argentina,45800000,31460.0,45.0,271.0,79.0,548466.0,5.74,85.3,76.57,44.56,68.69,0.098,54.63,Moderate,Omicron (BA.5),2022,6,June,2,Sunday
2022-07-03,Argentina,45800000,28622.0,51.0,247.0,41.0,575405.0,4.97,85.3,76.63,45.23,62.49,0.111,53.87,Moderate,Omicron (BA.5),2022,7,July,3,Sunday
2022-07-10,Argentina,45800000,31802.0,49.0,274.0,61.0,559147.0,5.69,85.3,76.63,46.1,69.44,0.107,49.02,Moderate,Omicron (BA.5),2022,7,July,3,Sunday
2022-07-17,Argentina,45800000,27339.0,49.0,236.0,66.0,576036.0,4.75,85.3,76.63,46.98,59.69,0.107,45.56,Moderate,Omicron (BA.5),2022,7,July,3,Sunday
2022-07-24,Argentina,45800000,29572.0,47.0,255.0,52.0,552014.0,5.36,85.3,76.63,47.26,64.57,0.103,55.47,Moderate,Omicron (BA.5),2022,7,July,3,Sunday
2022-07-31,Argentina,45800000,28187.0,40.0,243.0,46.0,544167.0,5.18,85.3,76.75,48.41,61.54,0.087,53.06,Moderate,Omicron (BA.5),2022,7,July,3,Sunday
07 Aug 2022,Argentina,45800000,33496.0,62.0,288.0,56.0,542071.0,6.18,85.3,76.75,49.55,73.14,0.135,53.08,Moderate,Omicron (BA.5),2022,8,August,3,Sunday
2022-08-14,Argentina,45800000,26439.0,47.0,228.0,62.0,596369.0,4.43,85.3,76.79,50.11,57.73,0.103,53.32,High,Omicron (BA.5),2022,8,August,3,Sunday
2022-08-21,Argentina,45800000,25116.0,39.0,216.0,43.0,464423.0,5.41,85.3,76.79,50.35,54.84,0.085,56.09,Moderate,Omicron (BA.5),2022,8,August,3,Sunday
2022-08-28,Argentina,45800000,22068.0,33.0,190.0,42.0,527478.0,4.18,85.3,76.79,51.42,48.18,0.072,54.13,Moderate,Omicron (BA.5),2022,8,August,3,Sunday
2022-09-04,Argentina,45800000,16873.0,28.0,145.0,35.0,483716.0,3.49,85.3,76.79,51.42,36.84,0.061,51.84,Moderate,Omicron (BA.5),2022,9,September,3,Sunday
2022-09-11,Argentina,45800000,13557.0,25.0,117.0,36.0,505122.0,2.68,85.3,76.79,51.66,29.6,0.055,46.5,Low,Omicron (BA.5),2022,9,September,3,Sunday
18 Sep 2022,Argentina,45800000,14313.0,22.0,123.0,35.0,478114.0,2.99,85.3,76.79,52.96,31.25,0.048,46.98,Low,Omicron (BA.5),2022,9,September,3,Sunday
2022-09-25,Argentina,45800000,9210.0,17.0,79.0,14.0,455442.0,2.02,85.3,76.79,52.99,20.11,0.037,41.77,Low,Omicron (BA.5),2022,9,September,3,Sunday
2022-10-02,Argentina,45800000,6058.0,9.0,52.0,16.0,431041.0,1.41,85.3,76.97,53.11,13.23,0.02,48.62,Low,Omicron (BA.5),2022,10,October,4,Sunday
2022-10-09,Argentina,45800000,6782.0,12.0,58.0,17.0,493279.0,1.37,85.3,76.97,53.54,14.81,0.026,49.96,None,Omicron (BA.5),2022,10,October,4,Sunday
2022-10-16,Argentina,45800000,6142.0,10.0,53.0,,440911.0,1.39,85.3,76.97,53.64,13.41,0.022,50.04,None,Omicron (BA.5),2022,10,October,4,Sunday
2022-10-23,Argentina,45800000,3956.0,6.0,34.0,8.0,498495.0,0.79,85.3,76.97,54.26,8.64,0.013,48.26,None,Omicron (BA.5),2022,10,October,4,Sunday
2022-10-30,Argentina,45800000,4775.0,9.0,41.0,7.0,443919.0,1.08,85.3,76.97,54.51,10.43,0.02,46.36,None,Omicron (BA.5),2022,10,October,4,Sunday
2022-11-06,Argentina,45800000,2576.0,4.0,22.0,6.0,,0.61,85.3,77.15,54.71,5.62,0.009,44.85,None,Omicron (BA.5),2022,11,November,4,Sunday
2022-11-13,Argentina,45800000,1531.0,3.0,13.0,3.0,414460.0,0.37,85.38,77.15,54.71,3.34,0.007,43.96,None,Omicron (BA.5),2022,11,November,4,Sunday
2022-11-20,Argentina,45800000,2410.0,3.0,21.0,4.0,442546.0,0.54,85.38,77.15,55.23,5.26,0.007,45.82,None,Omicron (BA.5),2022,11,November,4,Sunday
2022-11-27,Argentina,45800000,2292.0,3.0,20.0,3.0,402978.0,0.57,85.38,77.15,55.23,5.0,0.007,43.76,None,Omicron (BA.5),2022,11,November,4,Sunday
2022-12-04,Argentina,45800000,996.0,2.0,9.0,2.0,421702.0,0.24,85.38,77.15,55.23,2.17,0.004,50.31,None,Omicron (BA.5),2022,12,December,4,Sunday
2022-12-11,Argentina,45800000,137.0,0.0,1.0,,413109.0,0.03,85.38,77.15,56.07,0.3,0.0,42.46,None,Omicron (BA.5),2022,12,December,4,Sunday
2022-12-18,Argentina,45800000,137.0,0.0,1.0,0.0,423582.0,0.03,85.38,77.15,56.48,0.3,0.0,45.22,None,Omicron (BA.5),2022,12,December,4,Sunday
2022-12-25,Argentina,45800000,137.0,0.0,1.0,0.0,424401.0,0.03,85.38,77.15,56.55,0.3,0.0,40.88,None,Omicron (BA.5),2022,12,December,4,Sunday
2021-01-03,Australia,25700000,2738.0,16.0,169.0,49.0,432104.0,0.63,20.97,14.23,0.0,10.65,0.062,58.48,Low,Alpha,2021,1,January,1,Sunday
2021-01-10,Australia,25700000,1930.0,10.0,118.0,21.0,494495.0,0.39,23.46,15.38,0.02,7.51,0.039,51.7,Low,Alpha,2021,1,January,1,Sunday
2021-01-17,Australia,25700000,3785.0,18.0,230.0,62.0,487776.0,0.78,25.52,16.91,0.02,14.73,0.07,58.19,None,Alpha,2021,1,January,1,Sunday
2021-01-24,Australia,25700000,4734.0,24.0,285.0,85.0,527979.0,0.9,28.47,18.52,0.66,18.42,0.093,65.48,Low,Alpha,2021,1,January,1,Sunday
2021-01-31,Australia,25700000,5110.0,28.0,305.0,81.0,479820.0,1.06,31.09,19.96,0.66,19.88,0.109,64.31,Low,Alpha,2021,1,January,1,Sunday
2021-02-07,Australia,25700000,7652.0,34.0,450.0,120.0,592452.0,1.29,33.67,22.25,0.66,29.77,0.132,76.27,Low,Alpha,2021,2,February,1,Sunday
2021-02-14,Australia,25700000,7861.0,41.0,456.0,107.0,634768.0,1.24,36.11,24.16,0.66,30.59,0.16,73.85,Moderate,Alpha,2021,2,February,1,Sunday
2021-02-21,Australia,25700000,8127.0,41.0,464.0,120.0,557824.0,1.46,39.24,26.73,0.66,31.62,0.16,77.34,Moderate,Alpha,2021,2,February,1,Sunday
2021-02-28,Australia,25700000,7837.0,36.0,443.0,89.0,561786.0,1.4,41.91,28.22,0.9,30.5,0.14,74.56,High,Alpha,2021,2,February,1,Sunday
2021-03-07,Australia,25700000,6493.0,34.0,361.0,60.0,583730.0,1.11,44.62,30.69,0.9,25.27,0.132,69.21,Moderate,Alpha,2021,3,March,1,Sunday
2021-03-14,Australia,25700000,8393.0,42.0,460.0,134.0,624796.0,1.34,48.12,32.97,0.9,32.66,0.163,73.6,Moderate,Alpha,2021,3,March,1,Sunday
2021-03-21,Australia,25700000,5818.0,24.0,312.0,97.0,442557.0,1.31,51.06,36.11,0.9,22.64,0.093,66.07,High,Alpha,2021,3,March,1,Sunday
2021-03-28,Australia,25700000,5869.0,22.0,311.0,92.0,639387.0,0.92,53.98,37.92,0.9,22.84,0.086,68.41,Moderate,Alpha,2021,3,March,1,Sunday
2021-04-04,Australia,25700000,3674.0,14.0,191.0,39.0,527562.0,0.7,56.34,40.89,0.9,14.3,0.054,57.96,Moderate,Alpha,2021,4,April,2,Sunday
2021-04-11,Australia,25700000,3619.0,13.0,184.0,31.0,533193.0,0.68,59.63,43.58,0.9,14.08,0.051,59.0,Low,Alpha,2021,4,April,2,Sunday
2021-04-18,Australia,25700000,1757.0,7.0,88.0,17.0,461966.0,0.38,61.79,45.82,0.9,6.84,0.027,51.92,Low,Alpha,2021,4,April,2,Sunday
2021-04-25,Australia,25700000,1892.0,8.0,93.0,27.0,400297.0,0.47,64.68,48.02,0.9,7.36,0.031,52.42,None,Alpha,2021,4,April,2,Sunday
2021-05-02,Australia,25700000,886.0,4.0,43.0,11.0,473972.0,0.19,66.76,50.57,0.9,3.45,0.016,53.36,None,Alpha,2021,5,May,2,Sunday
2021-05-09,Australia,25700000,756.0,3.0,36.0,11.0,426859.0,0.18,69.14,53.74,0.9,2.94,0.012,51.63,None,Alpha,2021,5,May,2,Sunday
2021-05-16,Australia,25700000,1792.0,6.0,83.0,17.0,488405.0,,70.65,55.55,1.07,6.97,0.023,51.69,None,Alpha,2021,5,May,2,Sunday
2021-05-23,Australia,25700000,1728.0,5.0,79.0,19.0,458573.0,0.38,73.3,58.42,1.07,6.72,0.019,51.79,None,Alpha,2021,5,May,2,Sunday
2021-05-30,Australia,25700000,2242.0,7.0,100.0,28.0,486249.0,0.46,75.3,60.63,1.07,8.72,0.027,50.78,None,Alpha,2021,5,May,2,Sunday
2021-06-06,Australia,25700000,2661.0,7.0,117.0,22.0,455537.0,0.58,76.89,62.91,1.07,10.35,0.027,53.14,None,Alpha,2021,6,June,2,Sunday
2021-06-13,Australia,25700000,2317.0,8.0,100.0,31.0,511771.0,0.45,79.14,65.04,1.07,9.01,0.031,53.31,Low,Alpha,2021,6,June,2,Sunday
2021-06-20,Australia,25700000,4009.0,17.0,196.0,49.0,464169.0,0.86,79.73,66.61,1.35,15.6,0.066,60.53,Low,Delta,2021,6,June,2,Sunday
2021-06-27,Australia,25700000,3118.0,11.0,150.0,23.0,583817.0,0.53,81.25,68.48,1.45,12.13,0.043,57.46,Low,Delta,2021,6,June,2,Sunday
2021-07-04,Australia,25700000,5454.0,21.0,257.0,40.0,639275.0,0.85,82.36,70.75,1.87,21.22,0.082,59.36,Low,Delta,2021,7,July,3,Sunday
2021-07-11,Australia,25700000,5459.0,20.0,254.0,,613132.0,0.89,83.57,72.0,2.21,21.24,0.078,64.39,Moderate,Delta,2021,7,July,3,Sunday
2021-07-18,Australia,25700000,5776.0,22.0,266.0,69.0,,0.96,85.05,72.91,2.93,22.47,0.086,62.46,Moderate,Delta,2021,7,July,3,Sunday
2021-07-25,Australia,25700000,8845.0,30.0,399.0,112.0,606743.0,1.46,86.08,75.35,2.93,34.42,0.117,68.34,Moderate,Delta,2021,7,July,3,Sunday
2021-08-01,Australia,25700000,9068.0,28.0,406.0,115.0,672821.0,1.35,86.24,76.17,3.09,35.29,0.109,74.58,High,Delta,2021,8,August,3,Sunday
2021-08-08,Australia,25700000,9845.0,33.0,434.0,96.0,626264.0,1.57,86.96,77.83,3.09,38.31,0.128,76.61,High,Delta,2021,8,August,3,Sunday
2021-08-15,Australia,25700000,9988.0,28.0,434.0,124.0,555219.0,1.8,87.48,79.23,3.09,38.86,0.109,73.61,High,Delta,2021,8,August,3,Sunday
2021-08-22,Australia,25700000,11487.0,37.0,496.0,153.0,744268.0,1.54,88.8,79.84,3.61,44.7,0.144,78.51,High,Delta,2021,8,August,3,Sunday
2021-08-29,Australia,25700000,10940.0,31.0,467.0,84.0,712289.0,1.54,89.27,81.06,3.62,42.57,0.121,76.88,High,Delta,2021,8,August,3,Sunday
2021-09-05,Australia,25700000,10287.0,33.0,436.0,122.0,638464.0,1.61,89.36,81.66,4.53,40.03,0.128,76.56,High,Delta,2021,9,September,3,Sunday
2021-09-12,Australia,25700000,10943.0,35.0,459.0,93.0,589310.0,1.86,89.39,82.86,4.75,42.58,0.136,76.3,High,Delta,2021,9,September,3,Sunday
2021-09-19,Australia,25700000,11864.0,31.0,497.0,102.0,640482.0,1.85,89.78,82.86,4.91,46.16,0.121,73.48,High,Delta,2021,9,September,3,Sunday
2021-09-26,Australia,25700000,11489.0,32.0,477.0,105.0,567612.0,2.02,90.55,83.72,6.57,44.7,0.125,80.6,Lockdown,Delta,2021,9,September,3,Sunday
2021-10-03,Australia,25700000,9100.0,28.0,375.0,111.0,662598.0,1.37,90.95,84.49,6.57,35.41,0.109,72.01,Lockdown,Delta,2021,10,October,4,Sunday
2021-10-10,Australia,25700000,10371.0,27.0,426.0,65.0,559459.0,1.85,90.95,84.75,6.81,40.36,0.105,71.19,High,Delta,2021,10,October,4,Sunday
2021-10-17,Australia,25700000,8977.0,26.0,366.0,82.0,627623.0,1.43,91.17,85.62,8.29,34.93,0.101,66.22,High,Delta,2021,10,October,4,Sunday
2021-10-24,Australia,25700000,9054.0,27.0,369.0,98.0,573584.0,1.58,91.96,85.62,8.57,35.23,0.105,70.24,High,Delta,2021,10,October,4,Sunday
31/10/2021,Australia,25700000,9824.0,26.0,396.0,67.0,558717.0,1.76,91.96,86.69,9.95,38.23,0.101,69.93,High,Delta,2021,10,October,4,Sunday
2021-11-07,Australia,25700000,9312.0,28.0,374.0,106.0,632150.0,1.47,92.25,87.05,10.3,36.23,0.109,70.11,High,Delta,2021,11,November,4,Sunday
2021-11-14,Australia,25700000,9549.0,26.0,383.0,119.0,608436.0,1.57,92.25,87.05,11.32,37.16,0.101,71.69,High,Delta,2021,11,November,4,Sunday
2021-11-21,Australia,25700000,11288.0,32.0,453.0,75.0,704613.0,1.6,92.25,87.15,12.62,43.92,0.125,72.69,High,Delta,2021,11,November,4,Sunday
2021-11-28,Australia,25700000,11221.0,27.0,448.0,79.0,592152.0,1.89,92.25,87.59,13.8,43.66,0.105,71.01,High,Delta,2021,11,November,4,Sunday
2021-12-05,Australia,25700000,11760.0,27.0,469.0,148.0,629305.0,1.87,92.25,87.59,15.03,45.76,0.105,76.05,High,Delta,2021,12,December,4,Sunday
2021-12-12,Australia,25700000,14757.0,34.0,589.0,108.0,591028.0,2.5,92.25,87.59,16.02,57.42,0.132,81.09,Lockdown,Delta,2021,12,December,4,Sunday
2021-12-19,Australia,25700000,14197.0,13.0,269.0,44.0,593558.0,2.39,92.25,88.2,17.52,55.24,0.051,63.23,Lockdown,Omicron,2021,12,December,4,Sunday
2021-12-26,Australia,25700000,17499.0,16.0,332.0,104.0,899198.0,1.95,92.95,88.2,18.97,68.09,0.062,63.36,High,Omicron,2021,12,December,4,Sunday
2022-01-02,Australia,25700000,16169.0,14.0,307.0,93.0,885732.0,1.83,92.95,88.2,20.25,62.92,0.054,64.56,High,Omicron,2022,1,January,1,Sunday
2022-01-09,Australia,25700000,17768.0,13.0,337.0,88.0,797432.0,2.23,92.95,88.25,21.66,69.14,0.051,68.81,Lockdown,Omicron,2022,1,January,1,Sunday
2022-01-16,Australia,25700000,16945.0,14.0,321.0,78.0,723830.0,2.34,92.95,88.25,22.84,65.94,0.054,67.56,Lockdown,Omicron,2022,1,January,1,Sunday
2022-01-23,Australia,25700000,17744.0,16.0,336.0,103.0,772175.0,2.3,92.95,88.4,25.07,69.04,0.062,64.99,Lockdown,Omicron,2022,1,January,1,Sunday
2022-01-30,Australia,25700000,15089.0,13.0,286.0,,788835.0,1.91,92.95,88.4,26.56,58.71,0.051,60.98,Lockdown,Omicron,2022,1,January,1,Sunday
2022-02-06,Australia,25700000,15097.0,11.0,284.0,74.0,707130.0,2.13,92.95,88.9,28.13,58.74,0.043,63.82,Lockdown,Omicron,2022,2,February,1,Sunday
2022-02-13,Australia,25700000,11839.0,11.0,223.0,65.0,684271.0,1.73,92.96,88.99,30.36,46.07,0.043,61.45,Lockdown,Omicron,2022,2,February,1,Sunday
2022-02-20,Australia,25700000,9494.0,7.0,179.0,47.0,623377.0,1.52,92.96,88.99,31.3,36.94,0.027,58.38,Lockdown,Omicron,2022,2,February,1,Sunday
2022-02-27,Australia,25700000,7674.0,6.0,144.0,34.0,560444.0,1.37,92.97,88.99,33.97,29.86,0.023,53.94,High,Omicron,2022,2,February,1,Sunday
2022-03-06,Australia,25700000,6800.0,6.0,128.0,28.0,545481.0,1.25,92.97,88.99,35.23,26.46,0.023,,Moderate,Omicron,2022,3,March,1,Sunday
13/03/2022,Australia,25700000,5972.0,5.0,112.0,26.0,565658.0,1.06,92.97,89.09,37.08,23.24,0.019,57.02,Moderate,Omicron,2022,3,March,1,Sunday
2022-03-20,Australia,25700000,4277.0,3.0,80.0,19.0,477861.0,0.9,93.15,89.14,38.59,16.64,0.012,51.82,Moderate,Omicron,2022,3,March,1,Sunday
2022-03-27,Australia,25700000,2757.0,2.0,52.0,11.0,505206.0,0.55,93.15,89.36,39.91,10.73,0.008,45.52,Low,Omicron,2022,3,March,1,Sunday
2022-04-03,Australia,25700000,2235.0,2.0,42.0,9.0,459014.0,0.49,93.15,89.65,42.03,8.69,0.008,49.5,Low,Omicron,2022,4,April,2,Sunday
2022-04-10,Australia,25700000,3283.0,2.0,61.0,17.0,503314.0,0.65,93.15,89.65,43.79,12.77,0.008,55.26,None,Omicron,2022,4,April,2,Sunday
2022-04-17,Australia,25700000,2424.0,2.0,45.0,10.0,534074.0,0.45,93.15,89.65,45.46,9.43,0.008,45.95,Low,Omicron,2022,4,April,2,Sunday
2022-04-24,Australia,25700000,3078.0,2.0,57.0,9.0,487445.0,0.63,93.15,89.65,46.71,11.98,0.008,49.98,Low,Omicron,2022,4,April,2,Sunday
2022-05-01,Australia,25700000,2711.0,2.0,51.0,10.0,522463.0,0.52,93.15,89.65,47.56,10.55,0.008,48.97,Low,Omicron,2022,5,May,2,Sunday
2022-05-08,Australia,25700000,3375.0,3.0,63.0,12.0,428406.0,,93.15,89.65,49.14,13.13,0.012,50.51,Low,Omicron,2022,5,May,2,Sunday
2022-05-15,Australia,25700000,2837.0,,53.0,15.0,470808.0,0.6,93.15,89.65,51.53,11.04,0.008,,Low,Omicron,2022,5,May,2,Sunday
2022-05-22,Australia,25700000,4663.0,3.0,87.0,20.0,527349.0,0.88,93.15,89.65,51.84,18.14,0.012,54.59,Low,Omicron,2022,5,May,2,Sunday
2022-05-29,Australia,25700000,6128.0,5.0,114.0,23.0,641370.0,0.96,93.15,89.65,53.77,23.84,0.019,53.6,Low,Omicron,2022,5,May,2,Sunday
2022-06-05,Australia,25700000,6870.0,6.0,128.0,37.0,481366.0,1.43,93.15,89.65,54.16,26.73,0.023,57.44,Moderate,Omicron,2022,6,June,2,Sunday
2022-06-12,Australia,25700000,7247.0,6.0,135.0,21.0,574060.0,1.26,93.15,89.65,55.42,28.2,0.023,54.38,Moderate,Omicron,2022,6,June,2,Sunday
2022-06-19,Australia,25700000,6173.0,5.0,115.0,21.0,621654.0,0.99,93.15,89.65,56.63,24.02,0.019,52.58,Moderate,Omicron,2022,6,June,2,Sunday
06-26-2022,Australia,25700000,7093.0,6.0,132.0,38.0,539256.0,1.32,93.15,89.65,57.09,27.6,0.023,52.82,Moderate,Omicron,2022,6,June,2,Sunday
2022-07-03,Australia,25700000,8630.0,7.0,161.0,39.0,596188.0,1.45,93.15,89.65,58.65,33.58,0.027,51.72,Moderate,Omicron,2022,7,July,3,Sunday
2022-07-10,Australia,25700000,7370.0,6.0,138.0,39.0,596414.0,1.24,93.15,89.65,58.97,28.68,0.023,55.55,High,Omicron,2022,7,July,3,Sunday
2022-07-17,Australia,25700000,7798.0,5.0,119.0,35.0,598363.0,1.3,93.15,89.65,59.79,30.34,0.019,58.83,Moderate,Omicron (BA.5),2022,7,July,3,Sunday
2022-07-24,Australia,25700000,7860.0,5.0,120.0,37.0,664949.0,1.18,93.41,89.65,60.23,30.58,0.019,54.9,Moderate,Omicron (BA.5),2022,7,July,3,Sunday
2022-07-31,Australia,25700000,7818.0,4.0,119.0,19.0,611240.0,1.28,93.41,89.65,61.11,30.42,0.016,55.41,Moderate,Omicron (BA.5),2022,7,July,3,Sunday
2022-08-07,Australia,25700000,7653.0,5.0,117.0,33.0,649055.0,1.18,93.41,89.65,61.94,29.78,0.019,52.54,Moderate,Omicron (BA.5),2022,8,August,3,Sunday
2022-08-14,Australia,25700000,5352.0,3.0,82.0,22.0,524576.0,1.02,93.41,89.65,61.94,20.82,0.012,50.82,Moderate,Omicron (BA.5),2022,8,August,3,Sunday
2022-08-21,Australia,25700000,4718.0,3.0,72.0,13.0,496053.0,0.95,93.41,89.65,62.96,18.36,0.012,53.28,Moderate,Omicron (BA.5),2022,8,August,3,Sunday
2022-08-28,Australia,25700000,5665.0,4.0,87.0,27.0,536614.0,1.06,93.41,89.65,62.96,22.04,0.016,56.76,Low,Omicron (BA.5),2022,8,August,3,Sunday
2022-09-04,Australia,25700000,3413.0,2.0,52.0,11.0,454420.0,0.75,93.41,89.65,63.48,13.28,0.008,53.32,Moderate,Omicron (BA.5),2022,9,September,3,Sunday
2022-09-11,Australia,25700000,3170.0,2.0,48.0,14.0,515130.0,0.62,93.41,89.65,63.74,12.33,0.008,51.37,Low,Omicron (BA.5),2022,9,September,3,Sunday
2022-09-18,Australia,25700000,2934.0,2.0,45.0,11.0,476011.0,0.62,93.41,89.65,63.74,11.42,0.008,49.26,Low,Omicron (BA.5),2022,9,September,3,Sunday
2022-09-25,Australia,25700000,3094.0,2.0,47.0,11.0,467832.0,0.66,93.41,89.65,64.27,12.04,0.008,49.82,Low,Omicron (BA.5),2022,9,September,3,Sunday
2022-10-02,Australia,25700000,2133.0,1.0,33.0,6.0,493897.0,0.43,93.41,89.65,64.47,8.3,0.004,46.56,Low,Omicron (BA.5),2022,10,October,4,Sunday
2022-10-09,Australia,25700000,1728.0,1.0,26.0,8.0,424052.0,0.41,93.41,89.65,64.47,6.73,0.004,44.39,None,Omicron (BA.5),2022,10,October,4,Sunday
2022-10-16,Australia,25700000,914.0,1.0,14.0,3.0,,0.19,93.76,89.65,65.04,3.56,0.004,44.46,None,Omicron (BA.5),2022,10,October,4,Sunday
2022-10-23,Australia,25700000,1381.0,1.0,21.0,3.0,442137.0,0.31,93.76,89.65,65.17,5.37,0.004,47.83,None,Omicron (BA.5),2022,10,October,4,Sunday
2022-10-30,Australia,25700000,2642.0,2.0,40.0,6.0,530268.0,0.5,93.76,89.65,65.28,10.28,0.008,48.14,None,Omicron (BA.5),2022,10,October,4,Sunday
2022-11-06,Australia,25700000,733.0,0.0,11.0,3.0,432562.0,0.17,93.76,89.73,65.45,2.85,0.0,43.42,Low,Omicron (BA.5),2022,11,November,4,Sunday
2022-11-13,Australia,25700000,334.0,0.0,5.0,1.0,460685.0,0.07,93.76,89.73,65.58,1.3,0.0,46.63,None,Omicron (BA.5),2022,11,November,4,Sunday
2022-11-20,Australia,25700000,77.0,0.0,1.0,0.0,439546.0,0.02,93.76,89.73,65.63,0.3,0.0,45.69,None,Omicron (BA.5),2022,11,November,4,Sunday
27/11/2022,Australia,25700000,77.0,0.0,1.0,0.0,459109.0,0.02,93.76,89.73,65.9,0.3,0.0,43.55,None,Omicron (BA.5),2022,11,November,4,Sunday
2022-12-04,Australia,25700000,77.0,0.0,1.0,0.0,437133.0,0.02,93.76,89.73,65.9,0.3,0.0,45.56,None,Omicron (BA.5),2022,12,December,4,Sunday
2022-12-11,Australia,25700000,77.0,0.0,1.0,0.0,375658.0,0.02,93.76,89.73,66.87,0.3,0.0,45.68,None,Omicron (BA.5),2022,12,December,4,Sunday
2022-12-18,Australia,25700000,77.0,0.0,1.0,0.0,468292.0,0.02,93.76,89.73,66.87,0.3,0.0,44.94,None,Omicron (BA.5),2022,12,December,4,Sunday
2022-12-25,Australia,25700000,936.0,1.0,14.0,4.0,447544.0,0.21,93.76,89.73,66.87,3.64,0.004,49.59,None,Omicron (BA.5),2022,12,December,4,Sunday
2021-01-03,Austria,9000000,502.0,3.0,21.0,5.0,149438.0,0.34,19.07,12.81,0.07,5.57,0.033,55.85,None,Alpha,2021,1,January,1,Sunday
2021-01-10,Austria,9000000,746.0,5.0,31.0,7.0,179409.0,0.42,21.15,13.3,0.07,8.29,0.056,57.08,None,Alpha,2021,1,January,1,Sunday
2021-01-17,Austria,9000000,1535.0,10.0,63.0,20.0,162329.0,0.95,22.82,14.27,0.07,17.06,0.111,62.81,None,Alpha,2021,1,January,1,Sunday
2021-01-24,Austria,9000000,1519.0,9.0,61.0,11.0,219138.0,0.69,25.33,15.79,0.68,16.88,0.1,62.13,Low,Alpha,2021,1,January,1,Sunday
2021-01-31,Austria,9000000,2713.0,16.0,108.0,30.0,172337.0,1.57,27.36,17.53,0.68,30.15,0.178,66.8,Low,Alpha,2021,1,January,1,Sunday
2021-02-07,Austria,9000000,2624.0,15.0,103.0,19.0,227315.0,1.15,29.59,19.83,0.68,29.15,0.167,66.66,Moderate,Alpha,2021,2,February,1,Sunday
2021-02-14,Austria,9000000,3472.0,21.0,136.0,37.0,210303.0,1.65,32.32,20.91,0.68,38.58,0.233,72.44,Moderate,Alpha,2021,2,February,1,Sunday
2021-02-21,Austria,9000000,3514.0,26.0,136.0,25.0,208136.0,1.69,34.38,22.66,0.73,39.04,0.289,73.32,Moderate,Alpha,2021,2,February,1,Sunday
2021-02-28,Austria,9000000,4755.0,30.0,182.0,44.0,239393.0,1.99,36.7,24.92,0.73,52.83,0.333,79.81,Moderate,Alpha,2021,2,February,1,Sunday
2021-03-07,Austria,9000000,4336.0,31.0,163.0,43.0,206025.0,2.1,39.63,26.92,0.73,48.17,0.344,80.16,High,Alpha,2021,3,March,1,Sunday
2021-03-14,Austria,9000000,4099.0,29.0,153.0,34.0,233203.0,1.76,42.24,28.89,0.73,45.54,0.322,73.4,High,Alpha,2021,3,March,1,Sunday
2021-03-21,Austria,9000000,3936.0,27.0,145.0,46.0,232050.0,1.7,44.74,30.86,1.0,43.73,0.3,70.18,Moderate,Alpha,2021,3,March,1,Sunday
2021-03-28,Austria,9000000,3356.0,19.0,122.0,33.0,,1.6,47.7,32.63,1.0,37.29,0.211,75.76,Moderate,Alpha,2021,3,March,1,Sunday
2021-04-04,Austria,9000000,2970.0,17.0,106.0,19.0,207683.0,1.43,49.99,34.93,1.0,33.0,0.189,66.24,Moderate,Alpha,2021,4,April,2,Sunday
2021-04-11,Austria,9000000,2129.0,12.0,75.0,16.0,221442.0,0.96,52.23,36.9,1.0,23.66,0.133,66.07,Moderate,Alpha,2021,4,April,2,Sunday
2021-04-18,Austria,9000000,2018.0,11.0,70.0,14.0,200190.0,1.01,54.61,39.53,1.0,22.43,0.122,64.04,Low,Alpha,2021,4,April,2,Sunday
2021-04-25,Austria,9000000,1172.0,6.0,40.0,8.0,167256.0,0.7,56.88,41.69,1.0,13.02,0.067,55.76,Low,Alpha,2021,4,April,2,Sunday
2021-05-02,Austria,9000000,911.0,5.0,31.0,6.0,185262.0,0.49,59.16,43.86,1.0,10.13,0.056,55.95,Low,Alpha,2021,5,May,2,Sunday
2021-05-09,Austria,9000000,580.0,3.0,19.0,3.0,162808.0,0.36,61.04,46.26,1.0,6.45,0.033,53.65,None,Alpha,2021,5,May,2,Sunday
2021-05-16,Austria,9000000,906.0,5.0,29.0,9.0,164468.0,0.55,62.89,48.09,1.0,10.07,0.056,56.85,None,Alpha,2021,5,May,2,Sunday
2021-05-23,Austria,9000000,583.0,4.0,21.0,7.0,177146.0,0.33,64.31,50.24,1.18,6.48,0.044,52.76,None,Delta,2021,5,May,2,Sunday
2021-05-30,Austria,9000000,620.0,4.0,22.0,4.0,156906.0,0.4,66.16,52.17,1.18,6.89,0.044,54.4,None,Delta,2021,5,May,2,Sunday
2021-06-06,Austria,9000000,917.0,6.0,33.0,9.0,175493.0,0.52,67.98,54.21,1.18,10.19,0.067,56.51,None,Delta,2021,6,June,2,Sunday
2021-06-13,Austria,9000000,1180.0,7.0,42.0,8.0,188160.0,0.63,69.37,56.14,1.18,13.12,0.078,60.79,None,Delta,2021,6,June,2,Sunday
2021-06-20,Austria,9000000,1134.0,7.0,40.0,10.0,205071.0,0.55,70.16,57.35,1.18,12.61,0.078,56.69,Low,Delta,2021,6,June,2,Sunday
2021-06-27,Austria,9000000,1799.0,11.0,62.0,11.0,196759.0,0.91,71.62,59.51,1.29,19.99,0.122,58.8,Low,Delta,2021,6,June,2,Sunday
2021-07-04,Austria,9000000,2103.0,12.0,71.0,14.0,168947.0,1.24,72.58,60.98,1.36,23.37,0.133,61.32,Low,Delta,2021,7,July,3,Sunday
2021-07-11,Austria,9000000,2669.0,14.0,89.0,20.0,178429.0,1.5,74.24,62.45,1.92,29.65,0.156,66.48,Low,Delta,2021,7,July,3,Sunday
2021-07-18,Austria,9000000,3194.0,17.0,106.0,29.0,235304.0,1.36,74.79,63.7,1.92,35.49,0.189,63.85,Moderate,Delta,2021,7,July,3,Sunday
2021-07-25,Austria,9000000,3219.0,15.0,105.0,24.0,196591.0,1.64,75.64,65.0,2.28,35.77,0.167,71.11,Moderate,Delta,2021,7,July,3,Sunday
01 Aug 2021,Austria,9000000,4050.0,21.0,131.0,38.0,192197.0,2.11,76.2,65.9,2.28,45.0,0.233,72.33,Moderate,Delta,2021,8,August,3,Sunday
2021-08-08,Austria,9000000,5065.0,29.0,162.0,27.0,214227.0,2.36,76.68,67.21,2.64,56.27,0.322,78.32,Moderate,Delta,2021,8,August,3,Sunday
2021-08-15,Austria,9000000,4823.0,25.0,153.0,38.0,244150.0,1.98,77.31,68.38,2.85,53.59,0.278,76.35,High,Delta,2021,8,August,3,Sunday
2021-08-22,Austria,9000000,6001.0,31.0,190.0,32.0,248291.0,2.42,78.1,68.77,3.06,66.68,0.344,80.05,High,Delta,2021,8,August,3,Sunday
2021-08-29,Austria,9000000,4913.0,22.0,154.0,26.0,242782.0,2.02,78.33,69.59,3.9,54.59,0.244,73.25,Lockdown,Delta,2021,8,August,3,Sunday
2021-09-05,Austria,9000000,6432.0,32.0,200.0,41.0,251440.0,2.56,78.97,70.65,3.9,71.46,0.356,81.57,High,Delta,2021,9,September,3,Sunday
2021-09-12,Austria,9000000,5723.0,25.0,178.0,30.0,220810.0,2.59,79.23,70.96,4.52,63.59,0.278,76.03,High,Delta,2021,9,September,3,Sunday
2021-09-19,Austria,9000000,5539.0,25.0,171.0,48.0,205345.0,2.7,79.59,71.52,4.96,61.55,0.278,79.55,High,Delta,2021,9,September,3,Sunday
2021-09-26,Austria,9000000,5342.0,26.0,164.0,39.0,221021.0,2.42,79.9,72.4,5.14,59.35,0.289,77.15,High,Delta,2021,9,September,3,Sunday
2021-10-03,Austria,9000000,5154.0,21.0,157.0,41.0,236491.0,2.18,79.9,72.64,5.36,57.27,0.233,72.6,High,Delta,2021,10,October,4,Sunday
2021-10-10,Austria,9000000,5603.0,25.0,170.0,27.0,217729.0,2.57,80.18,73.59,6.04,62.26,0.278,76.98,High,Delta,2021,10,October,4,Sunday
2021-10-17,Austria,9000000,5427.0,22.0,164.0,31.0,256740.0,2.11,80.75,73.59,7.31,60.3,0.244,79.19,High,Delta,2021,10,October,4,Sunday
2021-10-24,Austria,9000000,4208.0,18.0,127.0,30.0,203271.0,2.07,81.2,73.74,7.74,46.75,0.2,74.87,High,Delta,2021,10,October,4,Sunday
2021-10-31,Austria,9000000,4518.0,20.0,136.0,22.0,195520.0,2.31,81.2,74.31,8.35,50.2,0.222,69.87,Moderate,Delta,2021,10,October,4,Sunday
2021-11-07,Austria,9000000,4573.0,22.0,137.0,24.0,226070.0,2.02,81.2,74.73,8.91,50.81,0.244,78.64,High,Delta,2021,11,November,4,Sunday
2021-11-14,Austria,9000000,5146.0,22.0,154.0,24.0,248344.0,2.07,81.2,74.96,10.43,57.18,0.244,73.56,High,Delta,2021,11,November,4,Sunday
2021-11-21,Austria,9000000,5630.0,7.0,80.0,24.0,269635.0,2.09,81.22,75.26,10.55,62.56,0.078,59.86,High,Omicron,2021,11,November,4,Sunday
2021-11-28,Austria,9000000,5629.0,8.0,80.0,18.0,209799.0,2.68,81.22,75.26,11.8,62.54,0.089,68.51,High,Omicron,2021,11,November,4,Sunday
2021-12-05,Austria,9000000,5933.0,8.0,84.0,13.0,273032.0,2.17,81.22,75.84,12.93,65.92,0.089,62.16,High,Omicron,2021,12,December,4,Sunday
2021-12-12,Austria,9000000,6182.0,9.0,88.0,20.0,252291.0,2.45,81.31,75.84,13.46,68.69,0.1,69.21,High,Omicron,2021,12,December,4,Sunday
2021-12-19,Austria,9000000,8346.0,13.0,118.0,36.0,265061.0,3.15,81.61,75.84,14.76,92.73,0.144,68.54,Lockdown,Omicron,2021,12,December,4,Sunday
2021-12-26,Austria,9000000,8917.0,13.0,126.0,23.0,302545.0,2.95,81.75,75.97,16.04,99.07,0.144,70.75,High,Omicron,2021,12,December,4,Sunday
2022-01-02,Austria,9000000,7501.0,11.0,106.0,20.0,296040.0,2.53,81.75,75.97,17.69,83.34,0.122,65.02,Lockdown,Omicron,2022,1,January,1,Sunday
2022-01-09,Austria,9000000,9636.0,14.0,136.0,43.0,257105.0,3.75,81.75,76.09,18.6,107.07,0.156,76.27,Lockdown,Omicron,2022,1,January,1,Sunday
2022-01-16,Austria,9000000,8509.0,11.0,120.0,35.0,271510.0,3.13,81.75,76.09,19.66,94.54,0.122,73.37,Lockdown,Omicron,2022,1,January,1,Sunday
2022-01-23,Austria,9000000,8688.0,12.0,123.0,30.0,271347.0,3.2,81.89,76.31,21.03,96.53,0.133,69.35,Lockdown,Omicron,2022,1,January,1,Sunday
2022-01-30,Austria,9000000,7913.0,11.0,111.0,20.0,286520.0,2.76,81.9,76.58,22.69,87.92,0.122,68.89,Lockdown,Omicron,2022,1,January,1,Sunday
06/02/2022,Austria,9000000,6776.0,9.0,95.0,18.0,286931.0,2.36,82.07,76.58,23.94,75.28,0.1,68.17,Lockdown,Omicron,2022,2,February,1,Sunday
2022-02-13,Austria,9000000,6771.0,10.0,95.0,28.0,258367.0,2.62,82.07,76.58,26.11,75.23,0.111,65.34,Lockdown,Omicron,2022,2,February,1,Sunday
2022-02-20,Austria,9000000,6772.0,10.0,95.0,,250866.0,2.7,82.07,76.58,27.63,75.24,0.111,69.93,Lockdown,Omicron,2022,2,February,1,Sunday
2022-02-27,Austria,9000000,5124.0,7.0,72.0,15.0,242110.0,2.12,82.07,77.01,28.91,56.93,0.078,62.57,Lockdown,Omicron,2022,2,February,1,Sunday
2022-03-06,Austria,9000000,4514.0,7.0,63.0,10.0,221016.0,2.04,82.13,77.05,30.34,50.16,0.078,60.1,High,Omicron,2022,3,March,1,Sunday
2022-03-13,Austria,9000000,3728.0,5.0,52.0,9.0,177043.0,2.11,82.13,77.05,32.15,41.42,0.056,55.68,High,Omicron,2022,3,March,1,Sunday
2022-03-20,Austria,9000000,2463.0,3.0,35.0,10.0,204627.0,1.2,82.13,77.05,33.63,27.36,0.033,53.68,Moderate,Omicron,2022,3,March,1,Sunday
2022-03-27,Austria,9000000,2239.0,3.0,31.0,8.0,208622.0,1.07,82.13,77.05,34.59,24.88,0.033,57.75,Low,Omicron,2022,3,March,1,Sunday
2022-04-03,Austria,9000000,1692.0,2.0,24.0,5.0,201659.0,0.84,82.53,77.24,36.07,18.8,0.022,55.75,Low,Omicron,2022,4,April,2,Sunday
2022-04-10,Austria,9000000,1796.0,3.0,25.0,6.0,169857.0,1.06,82.53,77.24,37.93,19.96,0.033,57.36,Low,Omicron,2022,4,April,2,Sunday
2022-04-17,Austria,9000000,1358.0,2.0,19.0,5.0,189818.0,0.72,82.53,77.24,39.16,15.09,0.022,52.95,Low,Omicron,2022,4,April,2,Sunday
2022-04-24,Austria,9000000,1322.0,2.0,18.0,5.0,202655.0,0.65,82.53,77.4,40.56,14.69,0.022,50.1,Low,Omicron,2022,4,April,2,Sunday
2022-05-01,Austria,9000000,1123.0,2.0,16.0,3.0,,0.53,82.53,77.4,41.36,12.48,0.022,52.64,Low,Omicron,2022,5,May,2,Sunday
2022-05-08,Austria,9000000,1321.0,2.0,18.0,6.0,187418.0,0.7,82.53,77.4,42.6,14.67,0.022,59.29,Low,Omicron,2022,5,May,2,Sunday
2022-05-15,Austria,9000000,1588.0,2.0,22.0,3.0,198742.0,0.8,82.53,77.4,44.1,17.64,0.022,52.43,Low,Omicron,2022,5,May,2,Sunday
2022-05-22,Austria,9000000,1946.0,3.0,27.0,7.0,174231.0,1.12,82.53,77.4,44.83,21.62,0.033,55.55,Low,Omicron,2022,5,May,2,Sunday
2022-05-29,Austria,9000000,2372.0,4.0,33.0,6.0,177685.0,1.33,82.53,77.4,45.59,26.36,0.044,50.57,Low,Omicron,2022,5,May,2,Sunday
2022-06-05,Austria,9000000,3047.0,4.0,43.0,12.0,220856.0,1.38,82.53,77.4,46.8,33.86,0.044,56.9,Low,Omicron,2022,6,June,2,Sunday
2022-06-12,Austria,9000000,3267.0,4.0,46.0,11.0,173930.0,1.88,82.66,77.4,47.83,36.3,0.044,57.64,Moderate,Omicron,2022,6,June,2,Sunday
2022-06-19,Austria,9000000,3333.0,4.0,38.0,7.0,211284.0,1.58,82.66,77.46,49.24,37.03,0.044,58.23,Moderate,Omicron (BA.5),2022,6,June,2,Sunday
2022-06-26,Austria,9000000,3699.0,4.0,42.0,10.0,238292.0,1.55,82.66,77.46,49.25,41.1,0.044,57.24,Moderate,Omicron (BA.5),2022,6,June,2,Sunday
2022-07-03,Austria,9000000,4182.0,5.0,48.0,11.0,233158.0,1.79,82.66,77.46,50.2,46.46,0.056,55.2,Moderate,Omicron (BA.5),2022,7,July,3,Sunday
2022-07-10,Austria,9000000,4284.0,4.0,49.0,11.0,234563.0,1.83,82.66,77.46,51.5,47.6,0.044,57.5,Moderate,Omicron (BA.5),2022,7,July,3,Sunday
2022-07-17,Austria,9000000,3834.0,4.0,44.0,7.0,214861.0,1.78,82.66,77.81,51.5,42.6,0.044,57.85,Moderate,Omicron (BA.5),2022,7,July,3,Sunday
2022-07-24,Austria,9000000,4295.0,4.0,49.0,9.0,214892.0,2.0,82.66,77.81,52.27,47.73,0.044,56.67,Moderate,Omicron (BA.5),2022,7,July,3,Sunday
2022-07-31,Austria,9000000,4381.0,5.0,50.0,16.0,261884.0,1.67,82.66,77.81,52.38,48.68,0.056,57.19,High,Omicron (BA.5),2022,7,July,3,Sunday
2022-08-07,Austria,9000000,3473.0,4.0,40.0,7.0,231444.0,1.5,82.66,77.81,53.19,38.59,0.044,60.23,High,Omicron (BA.5),2022,8,August,3,Sunday
2022-08-14,Austria,9000000,3470.0,4.0,40.0,9.0,224867.0,1.54,82.66,77.81,54.21,38.55,0.044,56.16,Moderate,Omicron (BA.5),2022,8,August,3,Sunday
2022-08-21,Austria,9000000,2582.0,3.0,29.0,6.0,198613.0,1.3,82.66,77.81,54.21,28.69,0.033,,Moderate,Omicron (BA.5),2022,8,August,3,Sunday
2022-08-28,Austria,9000000,2376.0,2.0,27.0,8.0,186156.0,1.28,82.66,77.81,54.32,26.4,0.022,55.2,Moderate,Omicron (BA.5),2022,8,August,3,Sunday
2022-09-04,Austria,9000000,2506.0,,29.0,7.0,214137.0,1.17,82.66,77.81,54.32,27.85,0.022,52.88,Low,Omicron (BA.5),2022,9,September,3,Sunday
2022-09-11,Austria,9000000,2155.0,2.0,25.0,7.0,187470.0,1.15,82.66,77.81,54.85,23.94,0.022,54.49,Low,Omicron (BA.5),2022,9,September,3,Sunday
2022-09-18,Austria,9000000,1772.0,2.0,20.0,5.0,187998.0,0.94,82.66,77.81,55.01,19.69,0.022,55.25,Low,Omicron (BA.5),2022,9,September,3,Sunday
2022-09-25,Austria,9000000,1790.0,2.0,20.0,5.0,196295.0,0.91,82.66,77.81,55.01,19.89,0.022,58.86,Low,Omicron (BA.5),2022,9,September,3,Sunday
2022-10-02,Austria,9000000,1067.0,1.0,12.0,4.0,,0.59,82.66,77.81,55.02,11.85,0.011,51.31,Low,Omicron (BA.5),2022,10,October,4,Sunday
2022-10-09,Austria,9000000,530.0,1.0,6.0,2.0,190431.0,0.28,82.66,77.81,55.62,5.89,0.011,52.07,Low,Omicron (BA.5),2022,10,October,4,Sunday
2022-10-16,Austria,9000000,780.0,1.0,9.0,2.0,154663.0,0.5,82.66,77.81,56.05,8.66,0.011,55.03,None,Omicron (BA.5),2022,10,October,4,Sunday
2022-10-23,Austria,9000000,572.0,1.0,7.0,2.0,170927.0,0.33,82.66,77.81,56.56,6.35,0.011,55.59,None,Omicron (BA.5),2022,10,October,4,Sunday
2022-10-30,Austria,9000000,471.0,1.0,5.0,1.0,197436.0,0.24,82.66,77.81,56.56,5.23,0.011,50.5,None,Omicron (BA.5),2022,10,October,4,Sunday
2022-11-06,Austria,9000000,164.0,0.0,2.0,1.0,176082.0,0.09,82.66,77.81,56.58,1.82,0.0,51.25,None,Omicron (BA.5),2022,11,November,4,Sunday
2022-11-13,Austria,9000000,27.0,0.0,0.0,0.0,159819.0,0.02,82.66,77.81,56.58,0.3,0.0,54.1,None,Omicron (BA.5),2022,11,November,4,Sunday
2022-11-20,Austria,9000000,305.0,0.0,3.0,1.0,176894.0,0.17,82.66,77.81,56.58,3.39,0.0,53.08,None,Omicron (BA.5),2022,11,November,4,Sunday
2022-11-27,Austria,9000000,153.0,0.0,2.0,1.0,163511.0,0.09,82.66,77.81,56.58,1.7,0.0,54.22,None,Omicron (BA.5),2022,11,November,4,Sunday
2022-12-04,Austria,9000000,27.0,0.0,0.0,0.0,181427.0,0.01,82.66,77.81,57.63,0.3,0.0,54.25,None,Omicron (BA.5),2022,12,December,4,Sunday
2022-12-11,Austria,9000000,27.0,0.0,0.0,0.0,173047.0,0.02,82.66,77.81,57.63,0.3,0.0,52.7,None,Omicron (BA.5),2022,12,December,4,Sunday
2022-12-18,Austria,9000000,69.0,0.0,1.0,0.0,151670.0,0.05,82.66,77.81,57.63,0.77,0.0,51.84,None,Omicron (BA.5),2022,12,December,4,Sunday
2022-12-25,Austria,9000000,27.0,0.0,0.0,0.0,165475.0,0.02,82.66,77.81,57.63,0.3,0.0,49.64,None,Omicron (BA.5),2022,12,December,4,Sunday
2021-01-03,Bangladesh,169400000,38349.0,472.0,1456.0,243.0,617222.0,6.21,15.47,11.63,0.14,22.64,0.279,65.88,Low,Alpha,2021,1,January,1,Sunday
2021-01-10,Bangladesh,169400000,46645.0,567.0,1765.0,344.0,589675.0,7.91,17.04,12.24,0.14,27.54,0.335,60.31,Low,Alpha,2021,1,January,1,Sunday
2021-01-17,Bangladesh,169400000,55993.0,649.0,2113.0,346.0,632512.0,8.85,17.45,12.71,0.14,33.05,0.383,58.82,Low,Alpha,2021,1,January,1,Sunday
2021-01-24,Bangladesh,169400000,62201.0,621.0,2334.0,543.0,589607.0,10.55,18.64,13.68,0.56,36.72,0.367,65.98,Moderate,Alpha,2021,1,January,1,Sunday
2021-01-31,Bangladesh,169400000,54315.0,530.0,2038.0,532.0,637657.0,8.52,19.45,13.68,0.56,32.06,0.313,67.77,Moderate,Alpha,2021,1,January,1,Sunday
2021-02-07,Bangladesh,169400000,66809.0,699.0,2489.0,376.0,566771.0,11.79,21.1,14.86,0.56,39.44,0.413,62.02,Moderate,Alpha,2021,2,February,1,Sunday
2021-02-14,Bangladesh,169400000,79748.0,728.0,2957.0,559.0,682111.0,11.69,21.37,15.65,0.56,47.08,0.43,72.93,Moderate,Alpha,2021,2,February,1,Sunday
2021-02-21,Bangladesh,169400000,78022.0,767.0,2876.0,467.0,664865.0,11.74,22.9,16.59,0.56,46.06,0.453,63.06,High,Alpha,2021,2,February,1,Sunday
2021-02-28,Bangladesh,169400000,60860.0,557.0,2242.0,704.0,640350.0,9.5,23.7,16.73,0.79,35.93,0.329,60.14,High,Alpha,2021,2,February,1,Sunday
2021-03-07,Bangladesh,169400000,47603.0,,1745.0,500.0,593865.0,8.02,25.02,17.56,0.79,28.1,0.295,61.49,Moderate,Alpha,2021,3,March,1,Sunday
2021-03-14,Bangladesh,169400000,34405.0,368.0,1254.0,195.0,599688.0,5.74,26.48,18.42,0.79,20.31,0.217,60.23,Moderate,Alpha,2021,3,March,1,Sunday
2021-03-21,Bangladesh,169400000,23062.0,208.0,834.0,241.0,608817.0,3.79,26.56,19.73,0.79,13.61,0.123,54.94,Low,Alpha,2021,3,March,1,Sunday
2021-03-28,Bangladesh,169400000,22699.0,256.0,816.0,237.0,583860.0,3.89,28.32,20.61,0.79,13.4,0.151,56.12,Low,Alpha,2021,3,March,1,Sunday
2021-04-04,Bangladesh,169400000,21919.0,195.0,786.0,225.0,624225.0,3.51,29.27,21.06,0.79,12.94,0.115,57.57,Low,Alpha,2021,4,April,2,Sunday
2021-04-11,Bangladesh,169400000,21098.0,203.0,748.0,,540839.0,3.9,30.88,22.83,0.79,12.45,0.12,57.62,Low,Alpha,2021,4,April,2,Sunday
2021-04-18,Bangladesh,169400000,9269.0,92.0,328.0,75.0,546240.0,1.7,32.17,23.26,0.8,5.47,0.054,50.43,Low,Alpha,2021,4,April,2,Sunday
2021-04-25,Bangladesh,169400000,9832.0,99.0,346.0,66.0,549431.0,1.79,33.04,24.15,0.8,5.8,0.058,49.94,None,Alpha,2021,4,April,2,Sunday
2021-05-02,Bangladesh,169400000,13039.0,120.0,456.0,136.0,592216.0,2.2,34.25,25.0,0.8,7.7,0.071,55.41,None,Alpha,2021,5,May,2,Sunday
2021-05-09,Bangladesh,169400000,12531.0,128.0,435.0,127.0,,2.46,35.69,26.3,0.8,7.4,0.076,53.78,None,Alpha,2021,5,May,2,Sunday
2021-05-16,Bangladesh,169400000,18116.0,165.0,625.0,123.0,590575.0,3.07,36.47,27.1,0.8,10.69,0.097,55.29,None,Alpha,2021,5,May,2,Sunday
2021-05-23,Bangladesh,169400000,22754.0,258.0,895.0,223.0,528700.0,4.3,38.16,28.52,0.8,13.43,0.152,53.83,Low,Delta,2021,5,May,2,Sunday
2021-05-30,Bangladesh,169400000,35171.0,425.0,1383.0,338.0,572704.0,6.14,39.02,28.57,0.8,20.76,0.251,60.08,Low,Delta,2021,5,May,2,Sunday
2021-06-06,Bangladesh,169400000,39516.0,425.0,1545.0,360.0,593871.0,6.65,40.67,29.44,1.26,23.33,0.251,56.75,Low,Delta,2021,6,June,2,Sunday
2021-06-13,Bangladesh,169400000,53467.0,732.0,2074.0,526.0,671338.0,7.96,41.23,30.66,,31.56,0.432,63.36,Low,Delta,2021,6,June,2,Sunday
2021-06-20,Bangladesh,169400000,41025.0,494.0,1577.0,259.0,561842.0,7.3,42.6,32.02,1.26,24.22,0.292,59.96,Moderate,Delta,2021,6,June,2,Sunday
2021-06-27,Bangladesh,169400000,60396.0,635.0,2311.0,525.0,615463.0,9.81,43.68,32.69,1.57,35.65,0.375,64.5,Low,Delta,2021,6,June,2,Sunday
2021-07-04,Bangladesh,169400000,63503.0,802.0,2406.0,475.0,639280.0,9.93,44.92,34.16,1.57,37.49,0.473,66.74,Moderate,Delta,2021,7,July,3,Sunday
2021-07-11,Bangladesh,169400000,77739.0,957.0,2936.0,442.0,714004.0,10.89,46.51,34.61,1.57,45.89,0.565,65.51,Moderate,Delta,2021,7,July,3,Sunday
2021-07-18,Bangladesh,169400000,77297.0,862.0,2892.0,689.0,656908.0,11.77,47.4,36.0,1.57,45.63,0.509,69.48,High,Delta,2021,7,July,3,Sunday
2021-07-25,Bangladesh,169400000,93639.0,1217.0,3495.0,741.0,768674.0,12.18,48.03,36.35,1.57,55.28,0.718,71.55,High,Delta,2021,7,July,3,Sunday
2021-08-01,Bangladesh,169400000,90568.0,1012.0,3345.0,747.0,723436.0,12.52,49.03,37.87,1.57,53.46,0.597,68.6,High,Delta,2021,8,August,3,Sunday
2021-08-08,Bangladesh,169400000,95546.0,965.0,3506.0,592.0,797642.0,11.98,50.4,38.82,1.57,56.4,0.57,68.26,High,Delta,2021,8,August,3,Sunday
2021-08-15,Bangladesh,169400000,94201.0,1129.0,3449.0,814.0,758042.0,12.43,50.72,39.12,1.65,55.61,0.666,75.94,High,Delta,2021,8,August,3,Sunday
2021-08-22,Bangladesh,169400000,107260.0,1318.0,3895.0,763.0,898859.0,11.93,51.97,40.3,1.65,63.32,0.778,73.79,High,Delta,2021,8,August,3,Sunday
2021-08-29,Bangladesh,169400000,92541.0,928.0,3342.0,502.0,757177.0,12.22,52.65,41.08,1.67,54.63,0.548,69.67,High,Delta,2021,8,August,3,Sunday
2021-09-05,Bangladesh,169400000,89834.0,818.0,3224.0,911.0,670434.0,13.4,53.61,41.97,1.67,53.03,0.483,66.97,High,Delta,2021,9,September,3,Sunday
2021-09-12,Bangladesh,169400000,101252.0,1105.0,3607.0,926.0,759511.0,13.33,54.7,43.0,1.82,59.77,0.652,74.91,High,Delta,2021,9,September,3,Sunday
2021-09-19,Bangladesh,169400000,69403.0,779.0,2460.0,590.0,690641.0,10.05,55.02,43.68,2.18,40.97,0.46,67.65,High,Delta,2021,9,September,3,Sunday
2021-09-26,Bangladesh,169400000,80911.0,782.0,2855.0,730.0,667227.0,12.13,56.25,44.29,2.18,47.76,0.462,69.6,High,Delta,2021,9,September,3,Sunday
2021-10-03,Bangladesh,169400000,79392.0,934.0,2786.0,571.0,802412.0,9.89,57.31,45.07,2.18,46.87,0.551,66.98,High,Delta,2021,10,October,4,Sunday
2021-10-10,Bangladesh,169400000,77440.0,719.0,2715.0,464.0,692851.0,11.18,57.5,45.19,2.21,45.71,0.424,68.57,High,Delta,2021,10,October,4,Sunday
2021-10-17,Bangladesh,169400000,76548.0,851.0,2663.0,561.0,671616.0,11.4,57.92,46.24,2.26,45.19,0.502,64.31,High,Delta,2021,10,October,4,Sunday
2021-10-24,Bangladesh,169400000,81703.0,923.0,2835.0,805.0,732081.0,11.16,58.9,46.57,2.79,48.23,0.545,67.98,High,Delta,2021,10,October,4,Sunday
2021-10-31,Bangladesh,169400000,97515.0,882.0,3360.0,851.0,707593.0,13.78,58.9,47.53,2.79,57.56,0.521,70.53,High,Delta,2021,10,October,4,Sunday
2021-11-07,Bangladesh,169400000,112278.0,1115.0,3842.0,1093.0,863420.0,13.0,60.12,48.47,2.79,66.28,0.658,74.31,High,Delta,2021,11,November,4,Sunday
2021-11-14,Bangladesh,169400000,111444.0,947.0,3806.0,1155.0,848222.0,13.14,60.12,48.71,3.04,65.79,0.559,68.88,High,Delta,2021,11,November,4,Sunday
2021-11-21,Bangladesh,169400000,117640.0,374.0,1922.0,370.0,823987.0,14.28,61.31,48.71,3.18,69.44,0.221,66.48,High,Omicron,2021,11,November,4,Sunday
2021-11-28,Bangladesh,169400000,122853.0,376.0,1995.0,609.0,868318.0,14.15,61.31,49.49,3.18,72.52,0.222,66.3,Lockdown,Omicron,2021,11,November,4,Sunday
2021-12-05,Bangladesh,169400000,150225.0,485.0,2421.0,636.0,864577.0,17.38,61.75,50.49,3.2,88.68,0.286,62.01,High,Omicron,2021,12,December,4,Sunday
2021-12-12,Bangladesh,169400000,162141.0,,2610.0,640.0,819693.0,19.78,61.75,50.64,3.79,95.72,0.285,67.49,High,Omicron,2021,12,December,4,Sunday
2021-12-19,Bangladesh,169400000,131467.0,370.0,2103.0,495.0,829400.0,15.85,62.28,51.49,3.79,77.61,0.218,59.21,Lockdown,Omicron,2021,12,December,4,Sunday
2021-12-26,Bangladesh,169400000,127431.0,335.0,2038.0,468.0,807297.0,15.78,62.38,51.49,3.88,75.23,0.198,62.73,Lockdown,Omicron,2021,12,December,4,Sunday
2022-01-02,Bangladesh,169400000,145485.0,368.0,2314.0,376.0,743489.0,19.57,62.62,52.23,3.88,85.88,0.217,58.73,High,Omicron,2022,1,January,1,Sunday
2022-01-09,Bangladesh,169400000,132230.0,387.0,2096.0,334.0,781338.0,16.92,63.73,52.65,4.57,78.06,0.228,62.15,Lockdown,Omicron,2022,1,January,1,Sunday
2022-01-16,Bangladesh,169400000,108651.0,353.0,1716.0,354.0,714032.0,15.22,63.73,53.14,4.96,64.14,0.208,59.32,Lockdown,Omicron,2022,1,January,1,Sunday
2022-01-23,Bangladesh,169400000,106243.0,331.0,1678.0,310.0,719462.0,14.77,63.73,53.14,4.96,62.72,0.195,63.2,High,Omicron,2022,1,January,1,Sunday
2022-01-30,Bangladesh,169400000,74050.0,205.0,1163.0,192.0,776449.0,9.54,63.96,53.83,5.06,43.71,0.121,61.3,High,Omicron,2022,1,January,1,Sunday
2022-02-06,Bangladesh,169400000,68215.0,222.0,1067.0,164.0,714483.0,9.55,64.81,54.38,5.24,40.27,0.131,60.77,High,Omicron,2022,2,February,1,Sunday
2022-02-13,Bangladesh,169400000,48706.0,125.0,762.0,241.0,684469.0,7.12,65.01,54.38,6.0,28.75,0.074,57.56,Moderate,Omicron,2022,2,February,1,Sunday
2022-02-20,Bangladesh,169400000,47929.0,156.0,749.0,139.0,659209.0,7.27,65.3,54.54,6.4,28.29,0.092,54.79,Moderate,Omicron,2022,2,February,1,Sunday
2022-02-27,Bangladesh,169400000,32851.0,86.0,513.0,163.0,645471.0,5.09,65.3,54.54,6.4,19.39,0.051,54.1,Moderate,Omicron,2022,2,February,1,Sunday
2022-03-06,Bangladesh,169400000,34373.0,88.0,536.0,130.0,599267.0,5.74,65.72,54.8,6.4,20.29,0.052,54.23,Low,Omicron,2022,3,March,1,Sunday
2022-03-13,Bangladesh,169400000,20453.0,64.0,318.0,58.0,629719.0,3.25,65.72,55.07,,12.07,0.038,48.97,Low,Omicron,2022,3,March,1,Sunday
2022-03-20,Bangladesh,169400000,18319.0,51.0,284.0,50.0,501271.0,3.65,65.72,55.51,7.34,10.81,0.03,54.58,Low,Omicron,2022,3,March,1,Sunday
27 Mar 2022,Bangladesh,169400000,16558.0,52.0,256.0,47.0,548459.0,3.02,65.72,55.86,7.72,9.77,0.031,53.27,Low,Omicron,2022,3,March,1,Sunday
2022-04-03,Bangladesh,169400000,26497.0,79.0,408.0,86.0,530065.0,5.0,65.77,56.23,8.38,15.64,0.047,54.32,Low,Omicron,2022,4,April,2,Sunday
2022-04-10,Bangladesh,169400000,23045.0,57.0,355.0,66.0,624852.0,3.69,66.08,56.23,8.39,13.6,0.034,46.45,Low,Omicron,2022,4,April,2,Sunday
2022-04-17,Bangladesh,169400000,31608.0,77.0,486.0,141.0,610597.0,5.18,66.08,56.53,8.73,18.66,0.045,54.09,Low,Omicron,2022,4,April,2,Sunday
2022-04-24,Bangladesh,169400000,42105.0,115.0,647.0,137.0,676862.0,6.22,66.42,56.53,9.25,24.86,0.068,56.47,Low,Omicron,2022,4,April,2,Sunday
2022-05-01,Bangladesh,169400000,49079.0,137.0,752.0,180.0,564938.0,8.69,66.42,56.98,9.95,28.97,0.081,54.56,Low,Omicron,2022,5,May,2,Sunday
2022-05-08,Bangladesh,169400000,51109.0,137.0,783.0,184.0,610766.0,8.37,66.64,56.98,10.53,30.17,0.081,53.54,Moderate,Omicron,2022,5,May,2,Sunday
2022-05-15,Bangladesh,169400000,50921.0,127.0,777.0,204.0,549693.0,9.26,66.64,57.42,11.24,30.06,0.075,51.35,Moderate,Omicron,2022,5,May,2,Sunday
2022-05-22,Bangladesh,169400000,47316.0,118.0,722.0,231.0,650045.0,7.28,66.64,57.5,11.37,27.93,0.07,50.83,Moderate,Omicron,2022,5,May,2,Sunday
2022-05-29,Bangladesh,169400000,52562.0,144.0,802.0,181.0,623380.0,8.43,66.65,57.5,11.72,31.03,0.085,55.29,Moderate,Omicron,2022,5,May,2,Sunday
2022-06-05,Bangladesh,169400000,69460.0,161.0,1055.0,216.0,731310.0,9.5,67.2,58.02,12.55,41.0,0.095,55.88,Moderate,Omicron,2022,6,June,2,Sunday
2022-06-12,Bangladesh,169400000,75374.0,201.0,1145.0,361.0,706856.0,10.66,67.2,58.02,12.55,44.49,0.119,56.4,High,Omicron,2022,6,June,2,Sunday
2022-06-19,Bangladesh,169400000,64307.0,120.0,799.0,255.0,560936.0,11.46,67.2,58.02,13.8,37.96,0.071,58.71,High,Omicron (BA.5),2022,6,June,2,Sunday
2022-06-26,Bangladesh,169400000,68304.0,165.0,849.0,240.0,595404.0,11.47,67.2,58.02,14.01,40.32,0.097,52.06,Moderate,Omicron (BA.5),2022,6,June,2,Sunday
2022-07-03,Bangladesh,169400000,59172.0,133.0,736.0,210.0,,8.87,67.42,58.02,14.46,34.93,0.079,53.64,Moderate,Omicron (BA.5),2022,7,July,3,Sunday
2022-07-10,Bangladesh,169400000,65858.0,128.0,819.0,180.0,705558.0,9.33,67.78,58.02,14.83,38.88,0.076,59.25,Moderate,Omicron (BA.5),2022,7,July,3,Sunday
2022-07-17,Bangladesh,169400000,50591.0,119.0,629.0,152.0,526805.0,9.6,67.78,58.05,15.91,29.86,0.07,53.06,Moderate,Omicron (BA.5),2022,7,July,3,Sunday
2022-07-24,Bangladesh,169400000,51777.0,112.0,643.0,135.0,639141.0,8.1,67.78,58.11,16.25,30.57,0.066,54.09,Moderate,Omicron (BA.5),2022,7,July,3,Sunday
2022-07-31,Bangladesh,169400000,52863.0,115.0,657.0,168.0,593672.0,8.9,67.78,58.11,16.93,31.21,0.068,53.58,Moderate,Omicron (BA.5),2022,7,July,3,Sunday
2022-08-07,Bangladesh,169400000,42002.0,84.0,522.0,152.0,563024.0,7.46,67.78,58.12,17.09,24.79,0.05,54.95,Moderate,Omicron (BA.5),2022,8,August,3,Sunday
2022-08-14,Bangladesh,169400000,34132.0,72.0,424.0,91.0,566049.0,6.03,67.78,58.12,18.1,20.15,0.043,47.44,Low,Omicron (BA.5),2022,8,August,3,Sunday
2022-08-21,Bangladesh,169400000,26651.0,64.0,331.0,80.0,583521.0,4.57,67.78,58.15,18.71,15.73,0.038,51.5,Low,Omicron (BA.5),2022,8,August,3,Sunday
2022-08-28,Bangladesh,169400000,25824.0,,319.0,90.0,543113.0,4.75,67.78,58.61,19.66,15.24,0.03,52.07,Low,Omicron (BA.5),2022,8,August,3,Sunday
2022-09-04,Bangladesh,169400000,14446.0,32.0,179.0,33.0,459188.0,3.15,67.78,58.67,20.11,8.53,0.019,48.57,Low,Omicron (BA.5),2022,9,September,3,Sunday
2022-09-11,Bangladesh,169400000,15133.0,30.0,187.0,47.0,552792.0,2.74,67.78,58.67,20.11,8.93,0.018,51.98,None,Omicron (BA.5),2022,9,September,3,Sunday
2022-09-18,Bangladesh,169400000,11730.0,25.0,145.0,41.0,523719.0,2.24,67.78,58.76,,6.92,0.015,52.82,None,Omicron (BA.5),2022,9,September,3,Sunday
2022-09-25,Bangladesh,169400000,7870.0,17.0,97.0,15.0,489067.0,1.61,67.78,58.81,21.75,4.65,0.01,51.69,None,Omicron (BA.5),2022,9,September,3,Sunday
2022-10-02,Bangladesh,169400000,6741.0,13.0,83.0,,512858.0,1.31,67.78,58.81,22.54,3.98,0.008,54.92,None,Omicron (BA.5),2022,10,October,4,Sunday
2022-10-09,Bangladesh,169400000,5326.0,10.0,66.0,10.0,507582.0,1.05,67.78,58.81,23.82,3.14,0.006,49.29,None,Omicron (BA.5),2022,10,October,4,Sunday
2022-10-16,Bangladesh,169400000,508.0,1.0,6.0,1.0,511321.0,0.1,68.03,58.96,23.82,0.3,0.001,51.25,None,Omicron (BA.5),2022,10,October,4,Sunday
2022-10-23,Bangladesh,169400000,508.0,1.0,6.0,1.0,499423.0,0.1,68.03,58.96,24.92,0.3,0.001,51.19,None,Omicron (BA.5),2022,10,October,4,Sunday
2022-10-30,Bangladesh,169400000,2267.0,5.0,28.0,8.0,520924.0,,68.03,58.96,25.34,1.34,0.003,49.55,None,Omicron (BA.5),2022,10,October,4,Sunday
2022-11-06,Bangladesh,169400000,508.0,1.0,6.0,1.0,507546.0,0.1,68.03,58.96,25.93,0.3,0.001,52.84,None,Omicron (BA.5),2022,11,November,4,Sunday
2022-11-13,Bangladesh,169400000,508.0,1.0,6.0,2.0,542940.0,0.09,68.03,58.96,26.48,0.3,0.001,50.72,None,Omicron (BA.5),2022,11,November,4,Sunday
2022-11-20,Bangladesh,169400000,2367.0,6.0,29.0,5.0,579595.0,0.41,68.18,58.96,27.51,1.4,0.004,47.14,None,Omicron (BA.5),2022,11,November,4,Sunday
2022-11-27,Bangladesh,169400000,508.0,1.0,6.0,2.0,508910.0,0.1,68.18,58.96,28.16,0.3,0.001,51.88,None,Omicron (BA.5),2022,11,November,4,Sunday
2022-12-04,Bangladesh,169400000,508.0,1.0,6.0,1.0,484189.0,0.1,68.18,59.28,28.16,0.3,0.001,48.75,None,Omicron (BA.5),2022,12,December,4,Sunday
2022-12-11,Bangladesh,169400000,5739.0,14.0,71.0,19.0,463050.0,1.24,68.18,59.28,29.6,3.39,0.008,49.6,None,Omicron (BA.5),2022,12,December,4,Sunday
2022-12-18,Bangladesh,169400000,4172.0,9.0,51.0,9.0,545938.0,0.76,68.84,59.28,29.6,2.46,0.005,49.66,None,Omicron (BA.5),2022,12,December,4,Sunday
2022-12-25,Bangladesh,169400000,4096.0,9.0,50.0,14.0,481434.0,0.85,68.84,59.28,30.54,2.42,0.005,52.11,None,Omicron (BA.5),2022,12,December,4,Sunday
2021-01-03,Belgium,11600000,408.0,3.0,24.0,4.0,192955.0,0.21,20.91,13.05,0.1,3.52,0.026,52.35,None,Alpha,2021,1,January,1,Sunday
2021-01-10,Belgium,11600000,1023.0,8.0,59.0,16.0,240415.0,0.43,23.46,14.48,0.1,8.82,0.069,57.01,None,Alpha,2021,1,January,1,Sunday
2021-01-17,Belgium,11600000,1584.0,13.0,91.0,15.0,234772.0,0.67,24.93,15.63,0.43,13.66,0.112,61.04,None,Alpha,2021,1,January,1,Sunday
2021-01-24,Belgium,11600000,2126.0,14.0,121.0,31.0,275437.0,0.77,27.41,17.69,0.43,18.33,0.121,68.2,Low,Alpha,2021,1,January,1,Sunday
2021-01-31,Belgium,11600000,2184.0,13.0,123.0,24.0,245724.0,0.89,30.71,19.94,0.43,18.83,0.112,63.61,Low,Alpha,2021,1,January,1,Sunday
2021-02-07,Belgium,11600000,2381.0,14.0,133.0,37.0,246112.0,0.97,33.13,21.1,0.46,20.52,0.121,67.02,Low,Alpha,2021,2,February,1,Sunday
2021-02-14,Belgium,11600000,3168.0,19.0,174.0,41.0,249961.0,1.27,36.3,23.62,0.46,27.31,0.164,71.41,Low,Alpha,2021,2,February,1,Sunday
2021-02-21,Belgium,11600000,3429.0,25.0,187.0,34.0,275315.0,1.25,38.59,24.42,0.46,29.56,0.216,73.1,Moderate,Alpha,2021,2,February,1,Sunday
2021-02-28,Belgium,11600000,3361.0,21.0,180.0,39.0,274127.0,1.23,41.78,27.43,0.46,28.97,0.181,73.67,Moderate,Alpha,2021,2,February,1,Sunday
2021-03-07,Belgium,11600000,3278.0,19.0,173.0,41.0,287686.0,1.14,44.94,29.41,0.54,28.26,0.164,72.37,Moderate,Alpha,2021,3,March,1,Sunday
2021-03-14,Belgium,11600000,4659.0,30.0,241.0,77.0,299612.0,1.56,47.76,32.75,0.99,40.16,0.259,84.31,Moderate,Alpha,2021,3,March,1,Sunday
03-21-2021,Belgium,11600000,3808.0,24.0,194.0,45.0,328905.0,1.16,50.1,35.11,0.99,32.83,0.207,75.41,High,Alpha,2021,3,March,1,Sunday
2021-03-28,Belgium,11600000,3730.0,21.0,187.0,33.0,290443.0,1.28,54.38,37.06,0.99,32.15,0.181,75.9,Moderate,Alpha,2021,3,March,1,Sunday
2021-04-04,Belgium,11600000,3204.0,20.0,158.0,39.0,248831.0,1.29,56.42,40.02,1.27,27.62,0.172,71.09,Moderate,Alpha,2021,4,April,2,Sunday
2021-04-11,Belgium,11600000,1867.0,10.0,90.0,17.0,223596.0,0.83,58.69,42.88,1.27,16.1,0.086,65.14,Moderate,Alpha,2021,4,April,2,Sunday
2021-04-18,Belgium,11600000,1787.0,9.0,85.0,25.0,253424.0,0.71,61.81,45.51,1.27,15.41,0.078,60.21,Low,Alpha,2021,4,April,2,Sunday
2021-04-25,Belgium,11600000,1453.0,8.0,68.0,20.0,217352.0,0.67,64.34,47.54,1.27,12.53,0.069,57.96,Low,Alpha,2021,4,April,2,Sunday
2021-05-02,Belgium,11600000,1246.0,6.0,57.0,10.0,243734.0,0.51,66.86,49.53,1.27,10.74,0.052,59.11,Low,Alpha,2021,5,May,2,Sunday
2021-05-09,Belgium,11600000,878.0,5.0,39.0,10.0,241775.0,0.36,69.06,52.41,1.27,7.57,0.043,54.07,Low,Alpha,2021,5,May,2,Sunday
2021-05-16,Belgium,11600000,926.0,4.0,41.0,11.0,243195.0,0.38,70.78,55.32,1.27,7.98,0.034,56.37,None,Alpha,2021,5,May,2,Sunday
2021-05-23,Belgium,11600000,1118.0,7.0,55.0,11.0,214206.0,0.52,72.24,58.04,1.27,9.64,0.06,62.83,None,Delta,2021,5,May,2,Sunday
2021-05-30,Belgium,11600000,592.0,3.0,29.0,7.0,236371.0,,74.66,59.63,1.27,5.11,0.026,51.08,Low,Delta,2021,5,May,2,Sunday
2021-06-06,Belgium,11600000,1399.0,8.0,67.0,15.0,241667.0,0.58,75.65,61.59,1.27,12.06,0.069,62.4,None,Delta,2021,6,June,2,Sunday
2021-06-13,Belgium,11600000,649.0,4.0,30.0,7.0,210472.0,0.31,77.99,64.51,1.38,5.6,0.034,52.43,Low,Delta,2021,6,June,2,Sunday
2021-06-20,Belgium,11600000,1033.0,6.0,48.0,12.0,225668.0,0.46,78.75,65.82,1.99,8.91,0.052,59.4,None,Delta,2021,6,June,2,Sunday
2021-06-27,Belgium,11600000,1705.0,10.0,78.0,19.0,250560.0,0.68,80.37,67.11,2.31,14.7,0.086,61.75,Low,Delta,2021,6,June,2,Sunday
2021-07-04,Belgium,11600000,2239.0,10.0,101.0,27.0,238118.0,0.94,81.08,69.1,2.31,19.3,0.086,64.59,Low,Delta,2021,7,July,3,Sunday
2021-07-11,Belgium,11600000,2449.0,12.0,108.0,25.0,261875.0,0.94,82.12,70.98,2.31,21.11,0.103,63.64,Low,Delta,2021,7,July,3,Sunday
2021-07-18,Belgium,11600000,3274.0,15.0,143.0,39.0,302888.0,1.08,82.91,72.08,2.31,28.22,0.129,68.04,Moderate,Delta,2021,7,July,3,Sunday
2021-07-25,Belgium,11600000,4089.0,18.0,177.0,41.0,309245.0,1.32,84.15,73.65,3.29,35.25,0.155,71.38,Moderate,Delta,2021,7,July,3,Sunday
2021-08-01,Belgium,11600000,3740.0,17.0,161.0,42.0,282256.0,,84.46,74.13,3.29,32.24,0.147,71.07,High,Delta,2021,8,August,3,Sunday
2021-08-08,Belgium,11600000,4301.0,21.0,183.0,36.0,296612.0,1.45,85.5,75.28,3.4,37.08,0.181,73.52,Moderate,Delta,2021,8,August,3,Sunday
2021-08-15,Belgium,11600000,5255.0,23.0,221.0,54.0,296098.0,1.77,85.65,76.49,3.62,45.3,0.198,79.5,High,Delta,2021,8,August,3,Sunday
2021-08-22,Belgium,11600000,5371.0,21.0,224.0,51.0,,,86.25,77.54,4.44,46.3,0.181,75.89,High,Delta,2021,8,August,3,Sunday
2021-08-29,Belgium,11600000,5769.0,27.0,238.0,48.0,280009.0,2.06,86.77,78.55,4.44,49.73,0.233,81.34,High,Delta,2021,8,August,3,Sunday
2021-09-05,Belgium,11600000,5514.0,27.0,225.0,36.0,320705.0,1.72,87.2,79.38,4.44,47.54,0.233,82.71,High,Delta,2021,9,September,3,Sunday
2021-09-12,Belgium,11600000,5445.0,21.0,220.0,52.0,330154.0,1.65,87.21,80.6,5.7,46.94,0.181,81.25,High,Delta,2021,9,September,3,Sunday
2021-09-19,Belgium,11600000,5514.0,25.0,223.0,34.0,312609.0,1.76,88.01,80.6,5.96,47.54,0.216,79.35,High,Delta,2021,9,September,3,Sunday
2021-09-26,Belgium,11600000,4569.0,21.0,184.0,40.0,275491.0,1.66,88.01,80.92,6.42,39.39,0.181,80.52,High,Delta,2021,9,September,3,Sunday
03/10/2021,Belgium,11600000,5791.0,22.0,232.0,49.0,321375.0,1.8,88.46,81.29,7.39,49.92,0.19,79.04,High,Delta,2021,10,October,4,Sunday
2021-10-10,Belgium,11600000,5120.0,22.0,203.0,,339782.0,1.51,88.5,82.26,7.8,44.14,0.19,76.42,Lockdown,Delta,2021,10,October,4,Sunday
2021-10-17,Belgium,11600000,5207.0,,206.0,65.0,330668.0,1.57,88.86,82.67,8.89,44.89,0.198,73.4,High,Delta,2021,10,October,4,Sunday
2021-10-24,Belgium,11600000,4489.0,19.0,178.0,53.0,294065.0,1.53,88.86,82.67,9.33,38.7,0.164,72.3,High,Delta,2021,10,October,4,Sunday
2021-10-31,Belgium,11600000,4588.0,15.0,180.0,57.0,345234.0,1.33,88.86,83.61,10.43,39.55,0.129,78.05,High,Delta,2021,10,October,4,Sunday
2021-11-07,Belgium,11600000,4126.0,17.0,162.0,50.0,349934.0,1.18,89.24,83.61,11.29,35.57,0.147,70.28,High,Delta,2021,11,November,4,Sunday
2021-11-14,Belgium,11600000,5272.0,22.0,206.0,33.0,297856.0,1.77,89.24,83.83,12.09,45.45,0.19,73.21,High,Delta,2021,11,November,4,Sunday
2021-11-21,Belgium,11600000,5608.0,7.0,105.0,21.0,309959.0,1.81,89.75,84.17,13.24,48.34,0.06,65.8,High,Omicron,2021,11,November,4,Sunday
2021-11-28,Belgium,11600000,5377.0,5.0,100.0,20.0,329049.0,1.63,89.75,84.17,14.39,46.35,0.043,63.93,High,Omicron,2021,11,November,4,Sunday
2021-12-05,Belgium,11600000,6072.0,6.0,113.0,18.0,301334.0,2.02,89.75,84.28,15.86,52.35,0.052,66.76,High,Omicron,2021,12,December,4,Sunday
2021-12-12,Belgium,11600000,6381.0,8.0,119.0,35.0,353474.0,1.81,89.75,84.28,16.98,55.01,0.069,64.74,Lockdown,Omicron,2021,12,December,4,Sunday
2021-12-19,Belgium,11600000,7888.0,9.0,146.0,44.0,362767.0,2.17,89.75,84.65,18.67,68.0,0.078,66.55,Lockdown,Omicron,2021,12,December,4,Sunday
2021-12-26,Belgium,11600000,7622.0,10.0,141.0,36.0,365298.0,2.09,89.97,84.65,20.14,65.71,0.086,67.94,High,Omicron,2021,12,December,4,Sunday
2022-01-02,Belgium,11600000,8104.0,9.0,150.0,45.0,347227.0,2.33,89.97,84.81,21.62,69.86,0.078,70.98,High,Omicron,2022,1,January,1,Sunday
2022-01-09,Belgium,11600000,9087.0,12.0,168.0,46.0,358677.0,2.53,89.97,84.96,23.23,78.33,0.103,71.8,Lockdown,Omicron,2022,1,January,1,Sunday
2022-01-16,Belgium,11600000,8627.0,9.0,159.0,36.0,314588.0,2.74,89.97,85.16,24.65,74.37,0.078,71.76,Lockdown,Omicron,2022,1,January,1,Sunday
2022-01-23,Belgium,11600000,7759.0,10.0,143.0,25.0,399816.0,1.94,89.97,85.17,26.42,66.88,0.086,67.32,High,Omicron,2022,1,January,1,Sunday
2022-01-30,Belgium,11600000,7764.0,10.0,143.0,45.0,384385.0,2.02,90.07,85.17,27.73,66.93,0.086,69.73,Lockdown,Omicron,2022,1,January,1,Sunday
2022-02-06,Belgium,11600000,8000.0,9.0,148.0,40.0,381493.0,2.1,90.07,85.17,29.95,68.97,0.078,69.32,Lockdown,Omicron,2022,2,February,1,Sunday
2022-02-13,Belgium,11600000,7046.0,8.0,130.0,27.0,353298.0,1.99,90.07,85.17,31.45,60.74,0.069,65.18,Lockdown,Omicron,2022,2,February,1,Sunday
2022-02-20,Belgium,11600000,6218.0,8.0,115.0,20.0,267430.0,2.33,90.07,85.17,33.53,53.6,0.069,65.3,Lockdown,Omicron,2022,2,February,1,Sunday
2022-02-27,Belgium,11600000,4693.0,6.0,87.0,25.0,280720.0,1.67,90.07,85.17,35.04,40.46,0.052,60.26,Lockdown,Omicron,2022,2,February,1,Sunday
2022-03-06,Belgium,11600000,4745.0,6.0,88.0,25.0,293529.0,1.62,90.1,85.17,36.38,40.91,0.052,,High,Omicron,2022,3,March,1,Sunday
2022-03-13,Belgium,11600000,3288.0,4.0,61.0,15.0,248246.0,1.32,90.38,85.17,39.37,28.34,0.034,59.96,High,Omicron,2022,3,March,1,Sunday
2022-03-20,Belgium,11600000,2085.0,3.0,38.0,12.0,215035.0,0.97,90.38,85.17,40.3,17.98,0.026,55.98,Moderate,Omicron,2022,3,March,1,Sunday
2022-03-27,Belgium,11600000,1813.0,2.0,33.0,7.0,224481.0,0.81,90.41,85.17,42.42,15.63,0.017,49.97,Low,Omicron,2022,3,March,1,Sunday
2022-04-03,Belgium,11600000,1417.0,2.0,26.0,8.0,236859.0,0.6,90.41,85.17,43.39,12.21,0.017,50.72,Low,Omicron,2022,4,April,2,Sunday
2022-04-10,Belgium,11600000,1638.0,2.0,30.0,8.0,241110.0,0.68,90.41,85.25,45.57,14.12,0.017,,Low,Omicron,2022,4,April,2,Sunday
2022-04-17,Belgium,11600000,570.0,1.0,10.0,3.0,235673.0,0.24,90.41,85.47,46.15,4.92,0.009,49.02,Low,Omicron,2022,4,April,2,Sunday
2022-04-24,Belgium,11600000,1169.0,1.0,22.0,7.0,269334.0,0.43,90.41,85.47,47.92,10.07,0.009,51.24,None,Omicron,2022,4,April,2,Sunday
2022-05-01,Belgium,11600000,1411.0,2.0,26.0,8.0,248758.0,0.57,90.41,85.47,48.84,12.16,0.017,55.44,Low,Omicron,2022,5,May,2,Sunday
2022-05-08,Belgium,11600000,834.0,1.0,15.0,3.0,221621.0,0.38,90.42,85.47,51.17,7.19,0.009,53.42,Low,Omicron,2022,5,May,2,Sunday
2022-05-15,Belgium,11600000,1970.0,2.0,36.0,11.0,282032.0,,90.42,85.47,51.47,16.98,0.017,53.4,None,Omicron,2022,5,May,2,Sunday
2022-05-22,Belgium,11600000,2417.0,3.0,44.0,11.0,222803.0,1.08,90.55,85.47,52.87,20.84,0.026,57.0,Low,Omicron,2022,5,May,2,Sunday
2022-05-29,Belgium,11600000,2215.0,2.0,41.0,6.0,209434.0,1.06,90.55,85.75,53.75,19.09,0.017,55.94,Moderate,Omicron,2022,5,May,2,Sunday
2022-06-05,Belgium,11600000,2399.0,3.0,44.0,12.0,236667.0,1.01,90.55,85.75,54.54,20.68,0.026,55.44,Low,Omicron,2022,6,June,2,Sunday
2022-06-12,Belgium,11600000,2600.0,3.0,48.0,11.0,275381.0,0.94,90.7,85.75,55.57,22.41,0.026,58.92,Low,Omicron,2022,6,June,2,Sunday
2022-06-19,Belgium,11600000,2514.0,2.0,38.0,9.0,260399.0,0.97,90.7,85.75,56.62,21.67,0.017,53.07,Moderate,Omicron (BA.5),2022,6,June,2,Sunday
2022-06-26,Belgium,11600000,3620.0,3.0,54.0,12.0,253017.0,1.43,90.7,85.75,57.14,31.21,0.026,56.98,Moderate,Omicron (BA.5),2022,6,June,2,Sunday
2022-07-03,Belgium,11600000,4070.0,3.0,61.0,10.0,270062.0,1.51,90.7,85.77,57.66,35.09,0.026,55.15,Moderate,Omicron (BA.5),2022,7,July,3,Sunday
2022-07-10,Belgium,11600000,3554.0,3.0,53.0,10.0,249355.0,1.43,90.7,85.77,58.38,30.64,0.026,54.21,Moderate,Omicron (BA.5),2022,7,July,3,Sunday
2022-07-17,Belgium,11600000,4490.0,4.0,67.0,19.0,265506.0,1.69,90.7,85.77,59.37,38.71,0.034,55.17,Moderate,Omicron (BA.5),2022,7,July,3,Sunday
2022-07-24,Belgium,11600000,3735.0,3.0,56.0,11.0,315104.0,1.19,90.7,86.18,59.37,32.2,0.026,54.65,High,Omicron (BA.5),2022,7,July,3,Sunday
2022-07-31,Belgium,11600000,3788.0,4.0,57.0,15.0,278101.0,1.36,90.7,86.18,59.37,32.65,0.034,57.45,Moderate,Omicron (BA.5),2022,7,July,3,Sunday
2022-08-07,Belgium,11600000,3467.0,3.0,52.0,13.0,314148.0,1.1,90.7,86.18,59.87,29.89,0.026,55.83,Moderate,Omicron (BA.5),2022,8,August,3,Sunday
2022-08-14,Belgium,11600000,3859.0,4.0,58.0,11.0,262570.0,1.47,90.7,86.18,60.28,33.27,0.034,56.7,Moderate,Omicron (BA.5),2022,8,August,3,Sunday
2022-08-21,Belgium,11600000,3405.0,,51.0,10.0,284761.0,1.2,90.7,86.22,60.67,29.35,0.026,55.7,Moderate,Omicron (BA.5),2022,8,August,3,Sunday
2022-08-28,Belgium,11600000,2362.0,2.0,35.0,8.0,258641.0,0.91,90.7,86.22,61.0,20.36,0.017,58.76,Moderate,Omicron (BA.5),2022,8,August,3,Sunday
2022-09-04,Belgium,11600000,2726.0,3.0,41.0,12.0,279361.0,0.98,90.7,86.22,61.53,23.5,0.026,52.28,Low,Omicron (BA.5),2022,9,September,3,Sunday
2022-09-11,Belgium,11600000,2478.0,2.0,37.0,11.0,261459.0,0.95,90.7,86.22,61.87,21.36,0.017,51.48,Moderate,Omicron (BA.5),2022,9,September,3,Sunday
2022-09-18,Belgium,11600000,1811.0,2.0,27.0,6.0,262657.0,0.69,90.7,86.22,62.1,15.61,0.017,51.15,Moderate,Omicron (BA.5),2022,9,September,3,Sunday
2022-09-25,Belgium,11600000,1745.0,2.0,26.0,4.0,252953.0,0.69,90.7,86.22,62.1,15.04,0.017,52.95,Low,Omicron (BA.5),2022,9,September,3,Sunday
2022-10-02,Belgium,11600000,1048.0,1.0,16.0,4.0,208889.0,0.5,90.7,86.22,62.73,9.04,0.009,53.09,Low,Omicron (BA.5),2022,10,October,4,Sunday
2022-10-09,Belgium,11600000,925.0,1.0,14.0,3.0,239784.0,0.39,90.7,86.22,62.77,7.97,0.009,53.08,Low,Omicron (BA.5),2022,10,October,4,Sunday
2022-10-16,Belgium,11600000,565.0,0.0,8.0,2.0,217800.0,0.26,90.7,86.22,63.24,4.87,0.0,53.1,None,Omicron (BA.5),2022,10,October,4,Sunday
2022-10-23,Belgium,11600000,654.0,1.0,10.0,2.0,207568.0,0.32,90.7,86.22,63.24,5.64,0.009,50.74,None,Omicron (BA.5),2022,10,October,4,Sunday
2022-10-30,Belgium,11600000,355.0,0.0,5.0,1.0,227570.0,0.16,90.7,86.22,63.24,3.06,0.0,49.35,None,Omicron (BA.5),2022,10,October,4,Sunday
2022-11-06,Belgium,11600000,137.0,0.0,2.0,0.0,227018.0,0.06,90.7,86.22,63.53,1.18,0.0,54.03,None,Omicron (BA.5),2022,11,November,4,Sunday
2022-11-13,Belgium,11600000,582.0,0.0,9.0,3.0,211440.0,0.28,90.7,86.22,63.53,5.02,0.0,43.91,None,Omicron (BA.5),2022,11,November,4,Sunday
2022-11-20,Belgium,11600000,577.0,0.0,9.0,2.0,213680.0,0.27,90.7,86.22,63.57,4.97,0.0,51.03,None,Omicron (BA.5),2022,11,November,4,Sunday
2022-11-27,Belgium,11600000,35.0,0.0,1.0,0.0,186222.0,0.02,90.7,86.22,63.63,0.3,0.0,50.89,None,Omicron (BA.5),2022,11,November,4,Sunday
2022-12-04,Belgium,11600000,35.0,0.0,1.0,0.0,179224.0,0.02,90.7,86.22,63.63,0.3,0.0,54.5,None,Omicron (BA.5),2022,12,December,4,Sunday
2022-12-11,Belgium,11600000,474.0,0.0,7.0,1.0,213647.0,0.22,90.7,86.22,63.63,4.08,0.0,46.46,None,Omicron (BA.5),2022,12,December,4,Sunday
2022-12-18,Belgium,11600000,138.0,0.0,2.0,0.0,224848.0,0.06,90.7,86.22,63.63,1.19,0.0,48.89,None,Omicron (BA.5),2022,12,December,4,Sunday
2022-12-25,Belgium,11600000,115.0,0.0,2.0,0.0,201319.0,0.06,90.7,86.22,63.63,0.99,0.0,46.55,None,Omicron (BA.5),2022,12,December,4,Sunday
2021-01-03,Brazil,213000000,50907.0,640.0,2810.0,539.0,1825090.0,2.79,19.86,12.71,0.0,23.9,0.3,61.61,Low,Alpha,2021,1,January,1,Sunday
2021-01-10,Brazil,213000000,70999.0,1035.0,3898.0,641.0,1722095.0,4.12,20.88,13.63,0.71,33.33,0.486,68.63,Low,Alpha,2021,1,January,1,Sunday
2021-01-17,Brazil,213000000,68941.0,925.0,3748.0,826.0,,3.79,22.72,15.25,0.71,32.37,0.434,64.37,Moderate,Alpha,2021,1,January,1,Sunday
2021-01-24,Brazil,213000000,85174.0,955.0,4591.0,1292.0,2146867.0,3.97,25.53,16.68,0.71,39.99,0.448,65.57,Moderate,Alpha,2021,1,January,1,Sunday
2021-01-31,Brazil,213000000,81280.0,899.0,4351.0,1282.0,2045137.0,3.97,26.75,17.8,0.71,38.16,0.422,67.89,Moderate,Alpha,2021,1,January,1,Sunday
2021-02-07,Brazil,213000000,91438.0,1172.0,4836.0,1328.0,2147524.0,4.26,29.06,19.78,0.71,42.93,0.55,66.2,Moderate,Alpha,2021,2,February,1,Sunday
2021-02-14,Brazil,213000000,78546.0,935.0,4123.0,1009.0,2220404.0,3.54,31.25,20.99,0.71,36.88,0.439,62.38,High,Alpha,2021,2,February,1,Sunday
2021-02-21,Brazil,213000000,75997.0,861.0,3965.0,1083.0,1840086.0,4.13,33.42,21.99,0.71,35.68,0.404,59.91,Moderate,Alpha,2021,2,February,1,Sunday
2021-02-28,Brazil,213000000,81873.0,1045.0,4229.0,1124.0,2032700.0,4.03,34.97,23.57,0.71,38.44,0.491,61.5,Moderate,Alpha,2021,2,February,1,Sunday
2021-03-07,Brazil,213000000,66101.0,737.0,3373.0,640.0,1997868.0,3.31,37.61,25.46,0.71,31.03,0.346,59.6,Moderate,Alpha,2021,3,March,1,Sunday
2021-03-14,Brazil,213000000,50468.0,622.0,2554.0,622.0,1760302.0,2.87,39.47,26.77,0.71,23.69,0.292,55.48,Moderate,Alpha,2021,3,March,1,Sunday
2021-03-21,Brazil,213000000,43923.0,496.0,2189.0,615.0,2031047.0,2.16,42.98,29.12,0.71,20.62,0.233,,Low,Alpha,2021,3,March,1,Sunday
2021-03-28,Brazil,213000000,26842.0,281.0,1324.0,270.0,1834360.0,1.46,44.06,30.68,0.71,12.6,0.132,50.29,Low,Alpha,2021,3,March,1,Sunday
2021-04-04,Brazil,213000000,28874.0,292.0,1407.0,367.0,1763422.0,1.64,46.51,32.48,0.71,13.56,0.137,45.78,Low,Alpha,2021,4,April,2,Sunday
2021-04-11,Brazil,213000000,19913.0,204.0,958.0,222.0,1903432.0,1.05,48.76,34.47,0.84,9.35,0.096,49.15,Low,Alpha,2021,4,April,2,Sunday
2021-04-18,Brazil,213000000,25708.0,240.0,1218.0,287.0,1498445.0,1.72,50.85,36.67,0.84,12.07,0.113,51.67,None,Alpha,2021,4,April,2,Sunday
2021-04-25,Brazil,213000000,7690.0,78.0,361.0,60.0,1583176.0,0.49,53.87,38.09,0.84,3.61,0.037,47.76,Low,Alpha,2021,4,April,2,Sunday
2021-05-02,Brazil,213000000,11996.0,141.0,556.0,146.0,1659717.0,0.72,56.3,39.9,0.84,5.63,0.066,53.89,None,Alpha,2021,5,May,2,Sunday
2021-05-09,Brazil,213000000,19495.0,220.0,888.0,264.0,1540181.0,1.27,57.48,42.27,0.84,9.15,0.103,49.94,None,Alpha,2021,5,May,2,Sunday
2021-05-16,Brazil,213000000,24587.0,238.0,1106.0,192.0,1736024.0,1.42,59.19,43.97,1.0,11.54,0.112,54.58,None,Alpha,2021,5,May,2,Sunday
2021-05-23,Brazil,213000000,37041.0,487.0,1896.0,402.0,1619792.0,2.29,60.79,45.43,1.0,17.39,0.229,55.63,Low,Delta,2021,5,May,2,Sunday
2021-05-30,Brazil,213000000,31986.0,410.0,1615.0,256.0,,1.74,63.19,47.33,1.03,15.02,0.192,54.4,Low,Delta,2021,5,May,2,Sunday
2021-06-06,Brazil,213000000,46303.0,626.0,2306.0,358.0,1993544.0,2.32,64.86,49.15,1.24,21.74,0.294,55.3,Low,Delta,2021,6,June,2,Sunday
2021-06-13,Brazil,213000000,57324.0,636.0,2816.0,896.0,1952081.0,2.94,66.37,50.92,1.24,26.91,0.299,59.37,Low,Delta,2021,6,June,2,Sunday
2021-06-20,Brazil,213000000,70560.0,787.0,3436.0,804.0,1701396.0,4.15,68.14,52.06,,33.13,0.369,60.19,Moderate,Delta,2021,6,June,2,Sunday
2021-06-27,Brazil,213000000,66320.0,727.0,3192.0,672.0,1817262.0,3.65,69.61,53.61,1.51,31.14,0.341,61.51,Moderate,Delta,2021,6,June,2,Sunday
2021-07-04,Brazil,213000000,89779.0,883.0,4262.0,838.0,2219769.0,4.04,70.91,55.34,1.51,42.15,0.415,64.96,Moderate,Delta,2021,7,July,3,Sunday
2021-07-11,Brazil,213000000,100375.0,1061.0,4711.0,1492.0,2197195.0,4.57,71.95,56.79,1.51,47.12,0.498,65.06,Moderate,Delta,2021,7,July,3,Sunday
2021-07-18,Brazil,213000000,115398.0,1410.0,5351.0,1032.0,1798218.0,6.42,72.86,58.28,2.02,54.18,0.662,72.57,High,Delta,2021,7,July,3,Sunday
2021-07-25,Brazil,213000000,109757.0,1323.0,5019.0,1372.0,2479378.0,4.43,74.44,60.0,2.02,51.53,0.621,69.77,High,Delta,2021,7,July,3,Sunday
2021-08-01,Brazil,213000000,124490.0,1163.0,5645.0,1119.0,2377724.0,5.24,75.22,61.01,2.15,58.45,0.546,70.2,High,Delta,2021,8,August,3,Sunday
2021-08-08,Brazil,213000000,129243.0,1326.0,5798.0,939.0,2227097.0,5.8,76.38,62.3,2.2,60.68,0.623,72.32,High,Delta,2021,8,August,3,Sunday
2021-08-15,Brazil,213000000,124562.0,1236.0,5556.0,1479.0,2539738.0,4.9,77.18,62.99,2.2,58.48,0.58,70.74,Lockdown,Delta,2021,8,August,3,Sunday
2021-08-22,Brazil,213000000,120360.0,1212.0,5311.0,798.0,2198845.0,5.47,77.27,64.26,2.46,56.51,0.569,67.76,Lockdown,Delta,2021,8,August,3,Sunday
2021-08-29,Brazil,213000000,113327.0,1142.0,4946.0,1310.0,2153129.0,5.26,77.95,65.55,3.3,53.21,0.536,68.58,High,Delta,2021,8,August,3,Sunday
2021-09-05,Brazil,213000000,109099.0,913.0,4724.0,910.0,2315360.0,4.71,78.79,66.46,3.3,51.22,0.429,65.92,High,Delta,2021,9,September,3,Sunday
2021-09-12,Brazil,213000000,112980.0,1210.0,4873.0,1349.0,2600685.0,4.34,79.27,66.91,3.3,53.04,0.568,65.73,High,Delta,2021,9,September,3,Sunday
2021-09-19,Brazil,213000000,108043.0,1180.0,4617.0,1297.0,2535339.0,4.26,80.34,67.96,3.81,50.72,0.554,62.97,High,Delta,2021,9,September,3,Sunday
2021-09-26,Brazil,213000000,102879.0,1008.0,4345.0,1187.0,2273533.0,4.53,80.69,69.3,4.0,48.3,0.473,65.0,High,Delta,2021,9,September,3,Sunday
2021-10-03,Brazil,213000000,93417.0,917.0,3945.0,608.0,2227184.0,4.19,81.34,69.31,5.43,43.86,0.431,65.64,High,Delta,2021,10,October,4,Sunday
2021-10-10,Brazil,213000000,95719.0,898.0,4027.0,1086.0,2299819.0,4.16,81.52,69.72,5.43,44.94,0.422,62.83,High,Delta,2021,10,October,4,Sunday
2021-10-17,Brazil,213000000,113160.0,989.0,4730.0,1506.0,2048504.0,5.52,81.82,70.45,5.43,53.13,0.464,73.8,High,Delta,2021,10,October,4,Sunday
2021-10-24,Brazil,213000000,114411.0,932.0,4757.0,910.0,2403540.0,4.76,82.44,71.05,6.05,53.71,0.438,69.83,High,Delta,2021,10,October,4,Sunday
2021-10-31,Brazil,213000000,112655.0,1045.0,4666.0,917.0,2140656.0,5.26,82.51,71.46,6.05,52.89,0.491,70.49,High,Delta,2021,10,October,4,Sunday
2021-11-07,Brazil,213000000,141593.0,1098.0,5840.0,1684.0,2527241.0,5.6,82.65,71.94,6.63,66.48,0.515,74.12,High,Delta,2021,11,November,4,Sunday
2021-11-14,Brazil,213000000,151113.0,1489.0,6232.0,1105.0,2481050.0,6.09,83.31,71.94,7.74,70.94,0.699,78.4,High,Delta,2021,11,November,4,Sunday
2021-11-21,Brazil,213000000,159186.0,426.0,3126.0,820.0,2683561.0,5.93,83.31,72.44,7.74,74.74,0.2,58.84,Lockdown,Omicron,2021,11,November,4,Sunday
2021-11-28,Brazil,213000000,170174.0,450.0,3324.0,925.0,2677405.0,6.36,83.31,73.02,7.83,79.89,0.211,55.23,High,Omicron,2021,11,November,4,Sunday
2021-12-05,Brazil,213000000,186340.0,477.0,3629.0,567.0,2080435.0,8.96,83.31,73.33,8.89,87.48,0.224,61.79,Lockdown,Omicron,2021,12,December,4,Sunday
2021-12-12,Brazil,213000000,182816.0,562.0,3555.0,868.0,2774604.0,6.59,83.81,73.49,10.15,85.83,0.264,63.99,High,Omicron,2021,12,December,4,Sunday
2021-12-19,Brazil,213000000,182110.0,440.0,3529.0,875.0,2871106.0,6.34,84.12,73.87,10.58,85.5,0.207,62.87,High,Omicron,2021,12,December,4,Sunday
2021-12-26,Brazil,213000000,194398.0,463.0,3756.0,757.0,2911902.0,6.68,84.12,74.17,11.01,91.27,0.217,64.13,Lockdown,Omicron,2021,12,December,4,Sunday
2022-01-02,Brazil,213000000,180670.0,429.0,3476.0,1039.0,2699016.0,6.69,84.38,74.64,11.89,84.82,0.201,65.57,Lockdown,Omicron,2022,1,January,1,Sunday
2022-01-09,Brazil,213000000,183994.0,509.0,3540.0,629.0,3103583.0,5.93,84.38,74.64,12.81,86.38,0.239,63.49,High,Omicron,2022,1,January,1,Sunday
2022-01-16,Brazil,213000000,151975.0,459.0,2918.0,618.0,2595794.0,5.85,84.38,74.86,14.01,71.35,0.215,61.94,Lockdown,Omicron,2022,1,January,1,Sunday
2022-01-23,Brazil,213000000,106735.0,259.0,2049.0,603.0,2313558.0,4.61,84.38,74.86,15.27,50.11,0.122,53.97,Lockdown,Omicron,2022,1,January,1,Sunday
2022-01-30,Brazil,213000000,109044.0,320.0,2087.0,381.0,2438517.0,4.47,84.38,75.23,16.2,51.19,0.15,53.74,High,Omicron,2022,1,January,1,Sunday
2022-02-06,Brazil,213000000,97713.0,238.0,1868.0,541.0,2239101.0,4.36,85.12,75.3,17.08,45.87,0.112,59.6,High,Omicron,2022,2,February,1,Sunday
2022-02-13,Brazil,213000000,70369.0,191.0,1342.0,219.0,1852805.0,3.8,85.12,75.57,17.63,33.04,0.09,53.62,High,Omicron,2022,2,February,1,Sunday
2022-02-20,Brazil,213000000,48021.0,107.0,915.0,213.0,1488561.0,3.23,85.12,75.63,18.77,22.55,0.05,50.03,Moderate,Omicron,2022,2,February,1,Sunday
2022-02-27,Brazil,213000000,45440.0,118.0,866.0,141.0,1762392.0,2.58,85.12,75.7,20.49,21.33,0.055,49.83,Low,Omicron,2022,2,February,1,Sunday
2022-03-06,Brazil,213000000,37594.0,102.0,716.0,190.0,1889150.0,1.99,85.12,75.7,21.12,17.65,0.048,49.13,Low,Omicron,2022,3,March,1,Sunday
13 Mar 2022,Brazil,213000000,25907.0,68.0,493.0,140.0,1655783.0,1.56,85.12,75.77,22.68,12.16,0.032,48.05,Low,Omicron,2022,3,March,1,Sunday
2022-03-20,Brazil,213000000,20822.0,49.0,395.0,116.0,1777553.0,1.17,85.12,76.09,24.09,9.78,0.023,46.21,Low,Omicron,2022,3,March,1,Sunday
2022-03-27,Brazil,213000000,22594.0,64.0,429.0,136.0,1702153.0,1.33,85.12,76.09,24.92,10.61,0.03,45.81,None,Omicron,2022,3,March,1,Sunday
2022-04-03,Brazil,213000000,27813.0,82.0,528.0,140.0,1893315.0,1.47,85.12,76.09,,13.06,0.038,,Low,Omicron,2022,4,April,2,Sunday
2022-04-10,Brazil,213000000,39084.0,99.0,742.0,208.0,1748254.0,2.24,85.17,76.09,27.8,18.35,0.046,49.38,Low,Omicron,2022,4,April,2,Sunday
2022-04-17,Brazil,213000000,40676.0,109.0,772.0,182.0,1868384.0,2.18,85.2,76.13,29.27,19.1,0.051,53.76,Low,Omicron,2022,4,April,2,Sunday
2022-04-24,Brazil,213000000,42598.0,119.0,808.0,247.0,1887045.0,2.26,85.2,76.13,30.73,20.0,0.056,51.87,Low,Omicron,2022,4,April,2,Sunday
2022-05-01,Brazil,213000000,56806.0,135.0,1078.0,280.0,2136142.0,2.66,85.2,76.13,31.87,26.67,0.063,52.93,Low,Omicron,2022,5,May,2,Sunday
2022-05-08,Brazil,213000000,54073.0,154.0,1026.0,308.0,1631164.0,3.31,85.2,76.13,32.98,25.39,0.072,50.19,Moderate,Omicron,2022,5,May,2,Sunday
2022-05-15,Brazil,213000000,67558.0,162.0,1282.0,244.0,1905207.0,3.55,85.2,76.13,33.99,31.72,0.076,52.81,Low,Omicron,2022,5,May,2,Sunday
2022-05-22,Brazil,213000000,63388.0,177.0,1203.0,282.0,2082710.0,3.04,85.2,76.13,35.12,29.76,0.083,53.69,Moderate,Omicron,2022,5,May,2,Sunday
2022-05-29,Brazil,213000000,91654.0,208.0,1738.0,476.0,2400326.0,3.82,85.2,76.18,36.5,43.03,0.098,56.81,Moderate,Omicron,2022,5,May,2,Sunday
2022-06-05,Brazil,213000000,62771.0,151.0,1190.0,220.0,1983641.0,3.16,85.2,76.2,,29.47,0.071,52.5,High,Omicron,2022,6,June,2,Sunday
2022-06-12,Brazil,213000000,82429.0,212.0,1555.0,289.0,2026899.0,4.07,85.2,76.7,39.07,38.7,0.1,56.95,Moderate,Omicron,2022,6,June,2,Sunday
2022-06-19,Brazil,213000000,85602.0,176.0,1322.0,418.0,2223335.0,3.85,85.2,76.7,39.44,40.19,0.083,53.3,Moderate,Omicron (BA.5),2022,6,June,2,Sunday
2022-06-26,Brazil,213000000,91266.0,206.0,1409.0,315.0,2281870.0,4.0,85.2,76.7,40.91,42.85,0.097,55.63,Moderate,Omicron (BA.5),2022,6,June,2,Sunday
03 Jul 2022,Brazil,213000000,90779.0,213.0,1402.0,254.0,2069093.0,4.39,85.2,76.7,42.53,42.62,0.1,52.39,High,Omicron (BA.5),2022,7,July,3,Sunday
2022-07-10,Brazil,213000000,77529.0,,1197.0,247.0,2097279.0,3.7,85.45,76.7,43.18,36.4,0.065,48.23,Moderate,Omicron (BA.5),2022,7,July,3,Sunday
2022-07-17,Brazil,213000000,69745.0,132.0,1077.0,234.0,2180255.0,3.2,85.45,76.7,43.67,32.74,0.062,52.93,Moderate,Omicron (BA.5),2022,7,July,3,Sunday
2022-07-24,Brazil,213000000,61566.0,120.0,951.0,243.0,2231495.0,2.76,85.45,76.7,45.7,28.9,0.056,53.55,Moderate,Omicron (BA.5),2022,7,July,3,Sunday
2022-07-31,Brazil,213000000,59193.0,120.0,914.0,281.0,2036969.0,2.91,85.45,76.72,45.83,27.79,0.056,53.02,Moderate,Omicron (BA.5),2022,7,July,3,Sunday
2022-08-07,Brazil,213000000,46169.0,94.0,713.0,227.0,1843608.0,2.5,85.45,76.72,46.76,21.68,0.044,51.8,Moderate,Omicron (BA.5),2022,8,August,3,Sunday
2022-08-14,Brazil,213000000,34349.0,77.0,530.0,138.0,1751802.0,1.96,85.45,76.72,47.53,16.13,0.036,49.11,Low,Omicron (BA.5),2022,8,August,3,Sunday
2022-08-21,Brazil,213000000,34597.0,76.0,534.0,144.0,1839572.0,1.88,85.45,76.72,48.02,16.24,0.036,47.98,Low,Omicron (BA.5),2022,8,August,3,Sunday
2022-08-28,Brazil,213000000,34178.0,60.0,528.0,108.0,1742021.0,1.96,85.45,76.73,48.59,16.05,0.028,51.35,Low,Omicron (BA.5),2022,8,August,3,Sunday
2022-09-04,Brazil,213000000,25650.0,52.0,396.0,117.0,1728054.0,1.48,85.45,76.73,50.08,12.04,0.024,50.49,Low,Omicron (BA.5),2022,9,September,3,Sunday
2022-09-11,Brazil,213000000,20042.0,42.0,309.0,58.0,1524420.0,1.31,85.45,76.73,50.34,9.41,0.02,47.65,Low,Omicron (BA.5),2022,9,September,3,Sunday
2022-09-18,Brazil,213000000,14387.0,29.0,222.0,37.0,1797132.0,0.8,85.45,76.73,50.84,6.75,0.014,51.47,None,Omicron (BA.5),2022,9,September,3,Sunday
2022-09-25,Brazil,213000000,8414.0,15.0,130.0,41.0,1443982.0,0.58,85.45,76.73,51.29,3.95,0.007,46.1,None,Omicron (BA.5),2022,9,September,3,Sunday
2022-10-02,Brazil,213000000,16473.0,33.0,254.0,75.0,1585137.0,1.04,85.45,76.73,51.3,7.73,0.015,47.37,None,Omicron (BA.5),2022,10,October,4,Sunday
2022-10-09,Brazil,213000000,5588.0,11.0,86.0,17.0,1582599.0,0.35,85.45,77.14,52.43,2.62,0.005,52.22,None,Omicron (BA.5),2022,10,October,4,Sunday
2022-10-16,Brazil,213000000,2919.0,5.0,45.0,12.0,1800120.0,0.16,85.45,77.14,52.43,1.37,0.002,50.13,None,Omicron (BA.5),2022,10,October,4,Sunday
23/10/2022,Brazil,213000000,7659.0,17.0,118.0,27.0,1530394.0,0.5,85.45,77.14,52.94,3.6,0.008,47.36,None,Omicron (BA.5),2022,10,October,4,Sunday
2022-10-30,Brazil,213000000,639.0,1.0,10.0,2.0,1455865.0,0.04,85.45,77.14,52.94,0.3,0.0,48.53,None,Omicron (BA.5),2022,10,October,4,Sunday
2022-11-06,Brazil,213000000,639.0,1.0,10.0,2.0,1470037.0,0.04,85.45,77.14,52.94,0.3,0.0,48.2,None,Omicron (BA.5),2022,11,November,4,Sunday
2022-11-13,Brazil,213000000,969.0,2.0,15.0,3.0,1744344.0,0.06,85.45,77.14,53.96,0.46,0.001,40.97,None,Omicron (BA.5),2022,11,November,4,Sunday
2022-11-20,Brazil,213000000,639.0,1.0,10.0,2.0,1191814.0,0.05,85.45,77.14,53.96,0.3,0.0,45.54,None,Omicron (BA.5),2022,11,November,4,Sunday
2022-11-27,Brazil,213000000,1476.0,3.0,23.0,5.0,1419500.0,0.1,85.45,77.14,53.96,0.69,0.001,47.74,None,Omicron (BA.5),2022,11,November,4,Sunday
2022-12-04,Brazil,213000000,9132.0,16.0,140.0,33.0,1941852.0,0.47,85.45,77.14,54.82,4.29,0.008,47.46,None,Omicron (BA.5),2022,12,December,4,Sunday
2022-12-11,Brazil,213000000,1565.0,3.0,24.0,4.0,1616871.0,0.1,85.45,77.14,55.51,0.73,0.001,48.48,None,Omicron (BA.5),2022,12,December,4,Sunday
2022-12-18,Brazil,213000000,639.0,1.0,10.0,3.0,1401738.0,0.05,85.45,77.14,55.51,0.3,0.0,50.63,None,Omicron (BA.5),2022,12,December,4,Sunday
2022-12-25,Brazil,213000000,1437.0,3.0,22.0,6.0,1537873.0,0.09,85.45,77.14,55.51,0.67,0.001,47.05,None,Omicron (BA.5),2022,12,December,4,Sunday
2021-01-03,Canada,38000000,2788.0,17.0,75.0,16.0,746963.0,0.37,21.37,12.89,0.46,7.34,0.045,42.28,None,Alpha,2021,1,January,1,Sunday
2021-01-10,Canada,38000000,5124.0,33.0,137.0,26.0,761084.0,0.67,23.2,14.82,0.7,13.48,0.087,50.57,None,Alpha,2021,1,January,1,Sunday
2021-01-17,Canada,38000000,5535.0,33.0,146.0,45.0,706669.0,0.78,25.56,16.19,0.7,14.56,0.087,46.72,Low,Alpha,2021,1,January,1,Sunday
2021-01-24,Canada,38000000,8177.0,56.0,214.0,64.0,888430.0,0.92,28.08,17.84,0.7,21.52,0.147,54.81,Low,Alpha,2021,1,January,1,Sunday
2021-01-31,Canada,38000000,9298.0,58.0,240.0,69.0,825947.0,1.13,31.7,20.0,0.7,24.47,0.153,57.84,Moderate,Alpha,2021,1,January,1,Sunday
2021-02-07,Canada,38000000,9200.0,54.0,235.0,64.0,,1.1,33.91,21.73,0.7,24.21,0.142,55.3,Moderate,Alpha,2021,2,February,1,Sunday
2021-02-14,Canada,38000000,13915.0,72.0,352.0,62.0,919483.0,1.51,37.58,23.15,0.75,36.62,0.189,68.37,Moderate,Alpha,2021,2,February,1,Sunday
2021-02-21,Canada,38000000,12304.0,78.0,307.0,49.0,1014730.0,1.21,40.36,25.29,0.75,32.38,0.205,62.81,High,Alpha,2021,2,February,1,Sunday
2021-02-28,Canada,38000000,13598.0,76.0,332.0,87.0,945536.0,1.44,43.42,28.97,0.75,35.78,0.2,66.54,High,Alpha,2021,2,February,1,Sunday
2021-03-07,Canada,38000000,11943.0,60.0,287.0,74.0,922240.0,1.29,46.36,31.44,0.75,31.43,0.158,61.22,High,Alpha,2021,3,March,1,Sunday
2021-03-14,Canada,38000000,11562.0,67.0,272.0,58.0,876982.0,1.32,49.78,34.22,0.75,30.43,0.176,60.4,High,Alpha,2021,3,March,1,Sunday
2021-03-21,Canada,38000000,9279.0,41.0,216.0,50.0,896606.0,1.03,52.67,36.3,0.75,24.42,0.108,53.1,Moderate,Alpha,2021,3,March,1,Sunday
2021-03-28,Canada,38000000,9074.0,43.0,207.0,48.0,953485.0,0.95,55.59,38.63,0.75,23.88,0.113,52.34,Moderate,Alpha,2021,3,March,1,Sunday
2021-04-04,Canada,38000000,6417.0,31.0,144.0,,850816.0,,58.84,41.63,0.75,16.89,0.082,51.61,Moderate,Alpha,2021,4,April,2,Sunday
2021-04-11,Canada,38000000,6614.0,29.0,145.0,29.0,857389.0,0.77,61.4,44.52,0.75,17.41,0.076,50.22,Low,Alpha,2021,4,April,2,Sunday
2021-04-18,Canada,38000000,4154.0,19.0,89.0,20.0,801942.0,0.52,63.89,46.97,0.75,10.93,0.05,41.3,Low,Alpha,2021,4,April,2,Sunday
2021-04-25,Canada,38000000,3440.0,14.0,72.0,18.0,668022.0,0.51,66.85,50.5,1.13,9.05,0.037,42.86,Low,Alpha,2021,4,April,2,Sunday
2021-05-02,Canada,38000000,805.0,3.0,17.0,5.0,650630.0,0.12,69.03,53.35,1.13,2.12,0.008,31.79,Low,Alpha,2021,5,May,2,Sunday
2021-05-09,Canada,38000000,1842.0,6.0,37.0,9.0,708049.0,0.26,71.41,55.43,1.13,4.85,0.016,37.99,None,Alpha,2021,5,May,2,Sunday
2021-05-16,Canada,38000000,2105.0,7.0,42.0,12.0,682876.0,0.31,73.18,57.81,1.3,5.54,0.018,42.26,None,Alpha,2021,5,May,2,Sunday
2021-05-23,Canada,38000000,2111.0,9.0,41.0,12.0,663342.0,0.32,74.84,59.84,1.3,5.56,0.024,39.46,None,Alpha,2021,5,May,2,Sunday
2021-05-30,Canada,38000000,3297.0,16.0,72.0,12.0,636109.0,0.52,77.44,63.0,1.52,8.68,0.042,42.71,None,Delta,2021,5,May,2,Sunday
2021-06-06,Canada,38000000,3121.0,15.0,67.0,17.0,664521.0,0.47,78.95,64.75,1.52,8.21,0.039,34.44,Low,Delta,2021,6,June,2,Sunday
2021-06-13,Canada,38000000,3914.0,17.0,83.0,19.0,744570.0,0.53,80.17,66.69,2.08,10.3,0.045,42.37,None,Delta,2021,6,June,2,Sunday
2021-06-20,Canada,38000000,5818.0,27.0,121.0,30.0,792800.0,0.73,81.06,68.85,2.08,15.31,0.071,47.43,Low,Delta,2021,6,June,2,Sunday
2021-06-27,Canada,38000000,4822.0,19.0,99.0,15.0,728494.0,0.66,82.23,70.32,2.08,12.69,0.05,45.88,Low,Delta,2021,6,June,2,Sunday
2021-07-04,Canada,38000000,7104.0,28.0,143.0,43.0,827451.0,0.86,83.76,72.19,2.33,18.7,0.074,50.87,Low,Delta,2021,7,July,3,Sunday
2021-07-11,Canada,38000000,9673.0,42.0,193.0,60.0,841977.0,1.15,84.15,73.24,2.33,25.45,0.111,52.2,Low,Delta,2021,7,July,3,Sunday
2021-07-18,Canada,38000000,11170.0,44.0,218.0,33.0,980036.0,1.14,84.88,75.39,2.33,29.4,0.116,54.44,Moderate,Delta,2021,7,July,3,Sunday
2021-07-25,Canada,38000000,10152.0,43.0,197.0,37.0,870174.0,1.17,86.35,76.31,3.09,26.72,0.113,49.74,Moderate,Delta,2021,7,July,3,Sunday
2021-08-01,Canada,38000000,14075.0,60.0,269.0,49.0,1011294.0,1.39,86.42,77.85,3.09,37.04,0.158,58.69,Moderate,Delta,2021,8,August,3,Sunday
2021-08-08,Canada,38000000,14660.0,60.0,278.0,79.0,985068.0,1.49,87.52,78.5,3.47,38.58,0.158,56.81,High,Delta,2021,8,August,3,Sunday
2021-08-15,Canada,38000000,15227.0,51.0,286.0,72.0,870387.0,1.75,87.52,79.47,3.85,40.07,0.134,56.03,High,Delta,2021,8,August,3,Sunday
2021-08-22,Canada,38000000,16663.0,53.0,311.0,56.0,1000978.0,1.66,88.08,80.01,4.7,43.85,0.139,60.07,High,Delta,2021,8,August,3,Sunday
2021-08-29,Canada,38000000,18436.0,59.0,340.0,98.0,939716.0,1.96,88.93,81.37,4.7,48.52,0.155,69.02,High,Delta,2021,8,August,3,Sunday
2021-09-05,Canada,38000000,16999.0,65.0,313.0,66.0,1006046.0,1.69,88.93,81.57,5.57,44.73,0.171,62.28,High,Delta,2021,9,September,3,Sunday
2021-09-12,Canada,38000000,15644.0,61.0,286.0,65.0,929545.0,1.68,88.93,82.31,5.57,41.17,0.161,61.2,High,Delta,2021,9,September,3,Sunday
2021-09-19,Canada,38000000,16103.0,62.0,292.0,63.0,1027876.0,1.57,88.93,83.01,6.14,42.38,0.163,59.88,High,Delta,2021,9,September,3,Sunday
2021-09-26,Canada,38000000,17340.0,55.0,313.0,75.0,911774.0,1.9,89.76,83.54,6.59,45.63,0.145,58.48,High,Delta,2021,9,September,3,Sunday
2021-10-03,Canada,38000000,14391.0,54.0,260.0,60.0,965214.0,1.49,89.76,83.54,7.38,37.87,0.142,60.77,High,Delta,2021,10,October,4,Sunday
2021-10-10,Canada,38000000,12579.0,43.0,225.0,44.0,971336.0,1.3,89.78,84.26,8.65,33.1,0.113,50.02,High,Delta,2021,10,October,4,Sunday
2021-10-17,Canada,38000000,14693.0,53.0,261.0,58.0,1040373.0,1.41,89.78,84.92,9.08,38.67,0.139,57.13,High,Delta,2021,10,October,4,Sunday
2021-10-24,Canada,38000000,14030.0,47.0,250.0,76.0,898551.0,1.56,90.56,84.92,10.6,36.92,0.124,57.45,High,Delta,2021,10,October,4,Sunday
2021-10-31,Canada,38000000,13427.0,39.0,238.0,56.0,946651.0,1.42,90.56,85.2,11.23,35.33,0.103,57.14,High,Delta,2021,10,October,4,Sunday
2021-11-07,Canada,38000000,14325.0,41.0,253.0,77.0,976977.0,1.47,90.56,85.56,12.19,37.7,0.108,56.02,High,Delta,2021,11,November,4,Sunday
2021-11-14,Canada,38000000,16807.0,62.0,297.0,72.0,1136232.0,1.48,90.56,85.69,13.6,44.23,0.163,56.99,High,Delta,2021,11,November,4,Sunday
2021-11-21,Canada,38000000,17554.0,56.0,310.0,87.0,904093.0,1.94,90.94,85.69,15.15,46.2,0.147,60.69,High,Delta,2021,11,November,4,Sunday
2021-11-28,Canada,38000000,19169.0,18.0,161.0,32.0,980011.0,1.96,90.94,86.07,16.34,50.44,0.047,48.13,High,Omicron,2021,11,November,4,Sunday
2021-12-05,Canada,38000000,18586.0,17.0,156.0,44.0,1280335.0,1.45,90.94,86.53,17.89,48.91,0.045,47.64,Lockdown,Omicron,2021,12,December,4,Sunday
2021-12-12,Canada,38000000,21081.0,20.0,176.0,34.0,1070363.0,1.97,90.94,86.53,19.62,55.48,0.053,53.7,High,Omicron,2021,12,December,4,Sunday
2021-12-19,Canada,38000000,24936.0,28.0,209.0,32.0,992416.0,2.51,90.94,86.53,21.34,65.62,0.074,51.05,Lockdown,Omicron,2021,12,December,4,Sunday
2021-12-26,Canada,38000000,24659.0,21.0,206.0,37.0,1109665.0,2.22,90.94,86.53,22.6,64.89,0.055,54.58,Lockdown,Omicron,2021,12,December,4,Sunday
2022-01-02,Canada,38000000,24641.0,21.0,205.0,32.0,905815.0,2.72,90.94,86.96,24.12,64.84,0.055,54.14,Lockdown,Omicron,2022,1,January,1,Sunday
2022-01-09,Canada,38000000,29288.0,31.0,244.0,76.0,1278169.0,2.29,91.02,86.96,26.24,77.07,0.082,59.47,Lockdown,Omicron,2022,1,January,1,Sunday
2022-01-16,Canada,38000000,24673.0,24.0,206.0,66.0,1239609.0,1.99,91.02,86.96,28.18,64.93,0.063,53.5,Lockdown,Omicron,2022,1,January,1,Sunday
2022-01-23,Canada,38000000,27305.0,24.0,227.0,63.0,1126757.0,2.42,91.02,86.96,29.46,71.85,0.063,57.6,High,Omicron,2022,1,January,1,Sunday
2022-01-30,Canada,38000000,25950.0,22.0,216.0,36.0,1144257.0,2.27,91.02,86.96,31.51,68.29,0.058,54.25,Lockdown,Omicron,2022,1,January,1,Sunday
2022-02-06,Canada,38000000,20530.0,18.0,171.0,52.0,1163609.0,1.76,91.02,86.96,33.44,54.03,0.047,51.94,Lockdown,Omicron,2022,2,February,1,Sunday
2022-02-13,Canada,38000000,18672.0,17.0,156.0,43.0,900733.0,2.07,91.48,86.96,35.48,49.14,0.045,45.81,Lockdown,Omicron,2022,2,February,1,Sunday
2022-02-20,Canada,38000000,14210.0,12.0,118.0,24.0,858994.0,,91.48,86.96,37.17,37.39,0.032,39.74,Lockdown,Omicron,2022,2,February,1,Sunday
2022-02-27,Canada,38000000,11842.0,10.0,98.0,23.0,897778.0,1.32,91.48,87.52,39.44,31.16,0.026,45.57,High,Omicron,2022,2,February,1,Sunday
2022-03-06,Canada,38000000,10132.0,10.0,84.0,22.0,828159.0,1.22,91.48,87.52,40.53,26.66,0.026,44.51,Moderate,Omicron,2022,3,March,1,Sunday
2022-03-13,Canada,38000000,7985.0,9.0,66.0,10.0,819675.0,0.97,91.48,87.52,42.28,21.01,0.024,43.09,Moderate,Omicron,2022,3,March,1,Sunday
2022-03-20,Canada,38000000,6005.0,6.0,50.0,12.0,719896.0,0.83,91.48,87.52,44.33,15.8,0.016,39.22,Low,Omicron,2022,3,March,1,Sunday
2022-03-27,Canada,38000000,3532.0,3.0,29.0,8.0,765651.0,0.46,91.48,87.52,45.99,9.3,0.008,42.47,Low,Omicron,2022,3,March,1,Sunday
2022-04-03,Canada,38000000,3914.0,,32.0,6.0,751104.0,0.52,91.48,87.52,47.14,10.3,0.011,37.85,Low,Omicron,2022,4,April,2,Sunday
2022-04-10,Canada,38000000,4127.0,5.0,34.0,8.0,797896.0,0.52,91.48,87.52,48.85,10.86,0.013,40.23,Low,Omicron,2022,4,April,2,Sunday
2022-04-17,Canada,38000000,2752.0,3.0,23.0,6.0,749387.0,0.37,91.48,87.52,50.29,7.24,0.008,39.72,Low,Omicron,2022,4,April,2,Sunday
2022-04-24,Canada,38000000,4292.0,4.0,35.0,10.0,780229.0,0.55,91.48,87.97,51.59,11.3,0.011,43.56,None,Omicron,2022,4,April,2,Sunday
2022-05-01,Canada,38000000,3266.0,3.0,27.0,8.0,661068.0,0.49,91.48,87.97,52.96,8.6,0.008,37.78,Low,Omicron,2022,5,May,2,Sunday
2022-05-08,Canada,38000000,6467.0,6.0,53.0,16.0,841784.0,0.77,91.48,87.97,53.85,17.02,0.016,39.16,Low,Omicron,2022,5,May,2,Sunday
2022-05-15,Canada,38000000,6109.0,6.0,50.0,13.0,781647.0,0.78,91.48,87.97,55.54,16.08,0.016,36.79,Low,Omicron,2022,5,May,2,Sunday
2022-05-22,Canada,38000000,6096.0,6.0,50.0,12.0,791950.0,0.77,91.48,87.97,56.21,16.04,0.016,44.42,Low,Omicron,2022,5,May,2,Sunday
2022-05-29,Canada,38000000,8370.0,7.0,69.0,17.0,917909.0,0.91,91.48,87.97,56.72,22.03,0.018,43.21,Low,Omicron,2022,5,May,2,Sunday
2022-06-05,Canada,38000000,9083.0,10.0,75.0,18.0,811226.0,1.12,91.48,87.97,57.81,23.9,0.026,43.8,Moderate,Omicron,2022,6,June,2,Sunday
2022-06-12,Canada,38000000,11086.0,11.0,91.0,15.0,997017.0,1.11,91.48,87.97,58.57,29.17,0.029,51.82,Moderate,Omicron,2022,6,June,2,Sunday
2022-06-19,Canada,38000000,11641.0,11.0,96.0,26.0,1015786.0,1.15,91.48,87.97,59.58,30.64,0.029,45.27,Moderate,Omicron,2022,6,June,2,Sunday
2022-06-26,Canada,38000000,11738.0,8.0,79.0,21.0,967396.0,1.21,91.48,87.97,59.66,30.89,0.021,,Moderate,Omicron (BA.5),2022,6,June,2,Sunday
2022-07-03,Canada,38000000,11007.0,9.0,74.0,18.0,827747.0,1.33,91.48,87.97,60.64,28.97,0.024,42.09,Moderate,Omicron (BA.5),2022,7,July,3,Sunday
2022-07-10,Canada,38000000,11726.0,10.0,79.0,24.0,752665.0,1.56,91.48,87.97,60.94,30.86,0.026,40.57,Moderate,Omicron (BA.5),2022,7,July,3,Sunday
2022-07-17,Canada,38000000,11337.0,8.0,76.0,20.0,982722.0,1.15,91.48,87.97,61.84,29.83,0.021,41.76,Moderate,Omicron (BA.5),2022,7,July,3,Sunday
2022-07-24,Canada,38000000,10949.0,9.0,74.0,16.0,905085.0,1.21,91.48,87.97,62.2,28.81,0.024,41.58,Moderate,Omicron (BA.5),2022,7,July,3,Sunday
2022-07-31,Canada,38000000,10051.0,8.0,68.0,10.0,827173.0,1.22,91.48,87.97,62.26,26.45,0.021,40.6,Moderate,Omicron (BA.5),2022,7,July,3,Sunday
2022-08-07,Canada,38000000,9605.0,8.0,65.0,10.0,952696.0,1.01,91.48,87.97,62.46,25.28,0.021,38.33,Moderate,Omicron (BA.5),2022,8,August,3,Sunday
2022-08-14,Canada,38000000,9172.0,6.0,62.0,13.0,803055.0,1.14,91.48,87.97,63.01,24.14,0.016,45.54,Moderate,Omicron (BA.5),2022,8,August,3,Sunday
2022-08-21,Canada,38000000,9265.0,8.0,62.0,14.0,834980.0,1.11,91.7,87.97,63.08,24.38,0.021,42.31,Moderate,Omicron (BA.5),2022,8,August,3,Sunday
2022-08-28,Canada,38000000,6674.0,5.0,45.0,8.0,848058.0,0.79,91.7,87.97,63.89,17.56,0.013,39.55,Moderate,Omicron (BA.5),2022,8,August,3,Sunday
2022-09-04,Canada,38000000,6391.0,4.0,43.0,8.0,736358.0,0.87,91.7,87.97,63.89,16.82,0.011,41.83,Low,Omicron (BA.5),2022,9,September,3,Sunday
2022-09-11,Canada,38000000,8109.0,5.0,55.0,10.0,834435.0,0.97,91.7,87.97,63.89,21.34,0.013,42.14,Low,Omicron (BA.5),2022,9,September,3,Sunday
2022-09-18,Canada,38000000,4494.0,3.0,30.0,8.0,838685.0,0.54,91.7,87.97,63.89,11.83,0.008,39.52,Low,Omicron (BA.5),2022,9,September,3,Sunday
2022-09-25,Canada,38000000,2150.0,2.0,14.0,4.0,738107.0,0.29,91.7,87.97,63.89,5.66,0.005,39.18,Low,Omicron (BA.5),2022,9,September,3,Sunday
2022-10-02,Canada,38000000,3478.0,3.0,23.0,5.0,826701.0,0.42,91.7,87.97,64.47,9.15,0.008,38.57,None,Omicron (BA.5),2022,10,October,4,Sunday
2022-10-09,Canada,38000000,1150.0,1.0,8.0,1.0,770451.0,0.15,91.7,87.97,64.47,3.03,0.003,38.63,Low,Omicron (BA.5),2022,10,October,4,Sunday
2022-10-16,Canada,38000000,2423.0,2.0,16.0,3.0,731617.0,0.33,91.7,87.97,64.88,6.38,0.005,39.52,None,Omicron (BA.5),2022,10,October,4,Sunday
2022-10-23,Canada,38000000,1032.0,1.0,7.0,1.0,572470.0,0.18,91.7,87.97,64.88,2.72,0.003,37.28,None,Omicron (BA.5),2022,10,October,4,Sunday
2022-10-30,Canada,38000000,643.0,0.0,4.0,1.0,634901.0,0.1,91.7,87.97,64.88,1.69,0.0,36.07,None,Omicron (BA.5),2022,10,October,4,Sunday
2022-11-06,Canada,38000000,1787.0,1.0,12.0,2.0,762664.0,0.23,91.7,87.97,65.17,4.7,0.003,41.12,None,Omicron (BA.5),2022,11,November,4,Sunday
13/11/2022,Canada,38000000,895.0,1.0,6.0,1.0,614423.0,0.15,91.7,87.97,65.17,2.35,0.003,35.59,None,Omicron (BA.5),2022,11,November,4,Sunday
2022-11-20,Canada,38000000,1039.0,,7.0,2.0,685821.0,0.15,91.7,87.97,65.57,2.73,0.003,37.85,None,Omicron (BA.5),2022,11,November,4,Sunday
2022-11-27,Canada,38000000,529.0,0.0,4.0,1.0,713098.0,0.07,91.7,87.97,65.57,1.39,0.0,37.65,None,Omicron (BA.5),2022,11,November,4,Sunday
2022-12-04,Canada,38000000,114.0,0.0,1.0,0.0,766894.0,0.01,91.7,87.97,65.57,0.3,0.0,34.84,None,Omicron (BA.5),2022,12,December,4,Sunday
2022-12-11,Canada,38000000,554.0,0.0,4.0,1.0,662815.0,0.08,91.7,87.97,65.57,1.46,0.0,34.6,None,Omicron (BA.5),2022,12,December,4,Sunday
2022-12-18,Canada,38000000,976.0,1.0,7.0,1.0,666797.0,0.15,91.7,87.97,65.57,2.57,0.003,35.99,None,Omicron (BA.5),2022,12,December,4,Sunday
2022-12-25,Canada,38000000,140.0,0.0,1.0,0.0,683836.0,0.02,91.7,87.97,65.57,0.37,0.0,35.13,None,Omicron (BA.5),2022,12,December,4,Sunday
2021-01-03,Chile,19500000,1959.0,19.0,122.0,18.0,327635.0,0.6,21.18,13.33,,10.05,0.097,37.17,None,Alpha,2021,1,January,1,Sunday
2021-01-10,Chile,19500000,3864.0,29.0,240.0,,414578.0,0.93,23.6,14.24,0.32,19.81,0.149,49.01,None,Alpha,2021,1,January,1,Sunday
2021-01-17,Chile,19500000,4264.0,35.0,261.0,53.0,321203.0,1.33,25.61,16.54,0.32,21.87,0.179,43.58,Low,Alpha,2021,1,January,1,Sunday
2021-01-24,Chile,19500000,7281.0,58.0,442.0,131.0,378292.0,1.92,28.56,17.78,0.32,37.34,0.297,53.94,Low,Alpha,2021,1,January,1,Sunday
2021-01-31,Chile,19500000,7963.0,65.0,477.0,79.0,395681.0,2.01,31.02,19.94,0.58,40.83,0.333,58.23,Moderate,Alpha,2021,1,January,1,Sunday
2021-02-07,Chile,19500000,8565.0,63.0,509.0,82.0,452046.0,1.89,34.01,21.14,0.58,43.92,0.323,58.85,Moderate,Alpha,2021,2,February,1,Sunday
2021-02-14,Chile,19500000,10191.0,95.0,596.0,130.0,439652.0,2.32,36.6,23.79,0.58,52.26,0.487,59.47,Moderate,Alpha,2021,2,February,1,Sunday
2021-02-21,Chile,19500000,10433.0,83.0,601.0,159.0,486475.0,2.14,39.84,26.23,0.58,53.5,0.426,59.68,Moderate,Alpha,2021,2,February,1,Sunday
2021-02-28,Chile,19500000,10418.0,91.0,591.0,89.0,428453.0,2.43,42.54,28.46,0.58,53.43,0.467,60.46,Moderate,Alpha,2021,2,February,1,Sunday
2021-03-07,Chile,19500000,11168.0,75.0,625.0,180.0,446335.0,2.5,45.7,30.58,0.58,57.27,0.385,66.65,Moderate,Alpha,2021,3,March,1,Sunday
2021-03-14,Chile,19500000,9582.0,79.0,527.0,109.0,419794.0,2.28,48.68,33.08,0.61,49.14,0.405,58.48,High,Alpha,2021,3,March,1,Sunday
2021-03-21,Chile,19500000,10275.0,79.0,556.0,170.0,509730.0,2.02,51.77,35.47,0.61,52.69,0.405,60.28,Moderate,Alpha,2021,3,March,1,Sunday
2021-03-28,Chile,19500000,7749.0,58.0,412.0,125.0,374470.0,2.07,54.81,38.11,0.61,39.74,0.297,58.5,Moderate,Alpha,2021,3,March,1,Sunday
2021-04-04,Chile,19500000,5459.0,41.0,284.0,79.0,370871.0,1.47,57.46,41.01,1.13,28.0,0.21,48.41,Moderate,Alpha,2021,4,April,2,Sunday
2021-04-11,Chile,19500000,5268.0,36.0,270.0,74.0,354437.0,1.49,60.37,43.23,1.13,27.02,0.185,50.02,Low,Alpha,2021,4,April,2,Sunday
2021-04-18,Chile,19500000,2941.0,20.0,148.0,37.0,375861.0,0.78,63.14,45.91,1.13,15.08,0.103,43.46,Low,Alpha,2021,4,April,2,Sunday
2021-04-25,Chile,19500000,3019.0,22.0,149.0,42.0,327338.0,0.92,65.79,48.25,1.13,15.48,0.113,43.46,None,Alpha,2021,4,April,2,Sunday
2021-05-02,Chile,19500000,1988.0,11.0,96.0,17.0,399967.0,0.5,68.02,51.51,1.13,10.19,0.056,37.77,Low,Alpha,2021,5,May,2,Sunday
2021-05-09,Chile,19500000,1442.0,7.0,68.0,20.0,345395.0,0.42,70.04,53.75,1.13,7.39,0.036,36.24,None,Alpha,2021,5,May,2,Sunday
2021-05-16,Chile,19500000,1793.0,12.0,84.0,21.0,358417.0,0.5,72.45,55.93,1.13,9.19,0.062,38.42,None,Alpha,2021,5,May,2,Sunday
2021-05-23,Chile,19500000,1619.0,10.0,74.0,21.0,357874.0,0.45,74.58,58.94,1.24,8.3,0.051,41.51,None,Alpha,2021,5,May,2,Sunday
2021-05-30,Chile,19500000,2975.0,16.0,133.0,31.0,359163.0,0.83,75.78,60.94,1.43,15.25,0.082,43.75,None,Alpha,2021,5,May,2,Sunday
2021-06-06,Chile,19500000,2961.0,17.0,130.0,33.0,363095.0,0.82,77.44,62.91,1.43,15.19,0.087,44.88,Low,Alpha,2021,6,June,2,Sunday
2021-06-13,Chile,19500000,3180.0,23.0,157.0,33.0,364409.0,0.87,79.15,65.46,1.43,16.31,0.118,42.6,None,Delta,2021,6,June,2,Sunday
2021-06-20,Chile,19500000,3967.0,25.0,194.0,43.0,385848.0,1.03,80.66,67.03,1.43,20.34,0.128,45.45,Low,Delta,2021,6,June,2,Sunday
2021-06-27,Chile,19500000,5459.0,30.0,263.0,56.0,361149.0,1.51,81.3,68.49,2.17,27.99,0.154,48.23,Low,Delta,2021,6,June,2,Sunday
2021-07-04,Chile,19500000,6107.0,37.0,288.0,79.0,362354.0,1.69,83.26,70.94,2.17,31.32,0.19,47.6,Low,Delta,2021,7,July,3,Sunday
2021-07-11,Chile,19500000,7102.0,41.0,332.0,61.0,,1.65,84.04,71.98,2.17,36.42,0.21,48.83,Low,Delta,2021,7,July,3,Sunday
2021-07-18,Chile,19500000,8452.0,41.0,386.0,119.0,418863.0,2.02,84.29,74.59,2.17,43.34,0.21,48.08,Moderate,Delta,2021,7,July,3,Sunday
2021-07-25,Chile,19500000,9296.0,60.0,423.0,123.0,359335.0,2.59,85.47,74.89,2.35,47.67,0.308,52.9,Moderate,Delta,2021,7,July,3,Sunday
2021-08-01,Chile,19500000,12940.0,77.0,585.0,173.0,449649.0,2.88,86.43,75.65,,66.36,0.395,59.51,Moderate,Delta,2021,8,August,3,Sunday
2021-08-08,Chile,19500000,13310.0,78.0,588.0,,529111.0,2.52,86.63,77.91,3.59,68.25,0.4,62.72,High,Delta,2021,8,August,3,Sunday
2021-08-15,Chile,19500000,14094.0,78.0,620.0,139.0,473726.0,,88.03,78.39,3.72,72.28,0.4,64.25,High,Delta,2021,8,August,3,Sunday
2021-08-22,Chile,19500000,15347.0,75.0,669.0,202.0,472463.0,3.25,88.3,79.41,4.03,78.7,0.385,63.5,High,Delta,2021,8,August,3,Sunday
2021-08-29,Chile,19500000,14284.0,76.0,617.0,139.0,424307.0,3.37,88.89,80.29,4.47,73.25,0.39,66.21,High,Delta,2021,8,August,3,Sunday
2021-09-05,Chile,19500000,14684.0,80.0,633.0,106.0,464177.0,3.16,88.89,80.53,4.73,75.31,0.41,62.17,High,Delta,2021,9,September,3,Sunday
2021-09-12,Chile,19500000,16669.0,88.0,715.0,113.0,460442.0,3.62,89.56,80.97,4.89,85.48,0.451,67.56,High,Delta,2021,9,September,3,Sunday
2021-09-19,Chile,19500000,17419.0,76.0,734.0,118.0,533529.0,3.26,89.56,82.83,5.39,89.33,0.39,65.49,Lockdown,Delta,2021,9,September,3,Sunday
2021-09-26,Chile,19500000,14921.0,80.0,628.0,114.0,490754.0,3.04,89.96,82.83,6.82,76.52,0.41,58.64,Lockdown,Delta,2021,9,September,3,Sunday
2021-10-03,Chile,19500000,15055.0,68.0,628.0,133.0,476018.0,3.16,90.36,83.79,7.08,77.21,0.349,60.43,High,Delta,2021,10,October,4,Sunday
2021-10-10,Chile,19500000,12770.0,60.0,532.0,168.0,437190.0,2.92,90.45,83.9,7.96,65.49,0.308,61.33,High,Delta,2021,10,October,4,Sunday
2021-10-17,Chile,19500000,12606.0,61.0,524.0,100.0,520441.0,2.42,90.9,84.19,8.67,64.64,0.313,56.66,High,Delta,2021,10,October,4,Sunday
2021-10-24,Chile,19500000,12953.0,71.0,537.0,164.0,441181.0,2.94,90.9,84.36,9.54,66.43,0.364,56.68,High,Delta,2021,10,October,4,Sunday
2021-10-31,Chile,19500000,13036.0,57.0,534.0,154.0,442166.0,2.95,90.9,85.51,10.49,66.85,0.292,57.71,High,Delta,2021,10,October,4,Sunday
2021-11-07,Chile,19500000,13264.0,53.0,544.0,161.0,461765.0,2.87,91.34,85.51,11.59,68.02,0.272,57.15,High,Delta,2021,11,November,4,Sunday
2021-11-14,Chile,19500000,14670.0,78.0,601.0,170.0,482105.0,3.04,91.52,85.51,12.22,75.23,0.4,63.39,High,Delta,2021,11,November,4,Sunday
11-21-2021,Chile,19500000,14189.0,75.0,580.0,183.0,499461.0,2.84,91.52,85.78,13.96,72.76,0.385,64.28,High,Delta,2021,11,November,4,Sunday
2021-11-28,Chile,19500000,17273.0,73.0,706.0,120.0,552509.0,3.13,91.79,85.78,14.6,88.58,0.374,64.63,High,Delta,2021,11,November,4,Sunday
2021-12-05,Chile,19500000,18336.0,93.0,749.0,173.0,561700.0,3.26,91.79,85.78,16.2,94.03,0.477,67.69,Lockdown,Delta,2021,12,December,4,Sunday
2021-12-12,Chile,19500000,20219.0,32.0,394.0,82.0,652218.0,3.1,91.79,86.11,17.15,103.69,0.164,54.55,Lockdown,Omicron,2021,12,December,4,Sunday
2021-12-19,Chile,19500000,22405.0,27.0,435.0,86.0,492538.0,4.55,91.79,86.47,18.9,114.9,0.138,54.03,Lockdown,Omicron,2021,12,December,4,Sunday
2021-12-26,Chile,19500000,22461.0,34.0,434.0,98.0,580828.0,3.87,91.79,86.95,20.26,115.19,0.174,51.52,High,Omicron,2021,12,December,4,Sunday
2022-01-02,Chile,19500000,23063.0,29.0,444.0,103.0,552777.0,4.17,91.79,87.13,22.05,118.27,0.149,53.1,Lockdown,Omicron,2022,1,January,1,Sunday
2022-01-09,Chile,19500000,25266.0,38.0,487.0,155.0,697165.0,3.62,91.79,87.13,23.9,129.57,0.195,56.87,Lockdown,Omicron,2022,1,January,1,Sunday
2022-01-16,Chile,19500000,23890.0,28.0,460.0,90.0,593965.0,,91.79,87.13,25.39,122.51,0.144,55.75,High,Omicron,2022,1,January,1,Sunday
2022-01-23,Chile,19500000,23138.0,34.0,446.0,136.0,483822.0,4.78,91.82,87.13,27.69,118.66,0.174,49.72,Lockdown,Omicron,2022,1,January,1,Sunday
2022-01-30,Chile,19500000,21677.0,33.0,418.0,75.0,581338.0,3.73,92.17,87.13,29.1,111.16,0.169,51.99,Lockdown,Omicron,2022,1,January,1,Sunday
2022-02-06,Chile,19500000,19730.0,24.0,380.0,100.0,552330.0,3.57,92.17,87.13,30.58,101.18,0.123,49.71,High,Omicron,2022,2,February,1,Sunday
2022-02-13,Chile,19500000,16222.0,24.0,313.0,63.0,533365.0,3.04,92.17,87.13,32.42,83.19,0.123,51.08,Lockdown,Omicron,2022,2,February,1,Sunday
2022-02-20,Chile,19500000,13305.0,16.0,256.0,,444077.0,3.0,92.25,87.13,34.36,68.23,0.082,44.84,High,Omicron,2022,2,February,1,Sunday
2022-02-27,Chile,19500000,10485.0,13.0,202.0,52.0,452452.0,2.32,92.25,87.13,36.25,53.77,0.067,43.27,High,Omicron,2022,2,February,1,Sunday
2022-03-06,Chile,19500000,8813.0,14.0,169.0,27.0,413672.0,2.13,92.25,87.52,37.44,45.19,0.072,41.87,Moderate,Omicron,2022,3,March,1,Sunday
2022-03-13,Chile,19500000,7100.0,11.0,136.0,42.0,382605.0,1.86,92.25,87.52,39.75,36.41,0.056,43.76,Moderate,Omicron,2022,3,March,1,Sunday
2022-03-20,Chile,19500000,5252.0,8.0,101.0,20.0,394891.0,1.33,92.25,87.52,40.9,26.94,0.041,42.8,Low,Omicron,2022,3,March,1,Sunday
2022-03-27,Chile,19500000,4019.0,6.0,77.0,24.0,375559.0,1.07,92.25,87.52,43.08,20.61,0.031,40.65,Low,Omicron,2022,3,March,1,Sunday
2022-04-03,Chile,19500000,4493.0,5.0,86.0,,407742.0,1.1,92.25,87.57,44.85,23.04,0.026,42.55,Low,Omicron,2022,4,April,2,Sunday
2022-04-10,Chile,19500000,3451.0,5.0,66.0,12.0,365681.0,0.94,92.25,87.57,46.15,17.7,0.026,42.07,Low,Omicron,2022,4,April,2,Sunday
2022-04-17,Chile,19500000,3502.0,5.0,67.0,13.0,383089.0,0.91,92.25,87.57,46.83,17.96,0.026,34.49,Low,Omicron,2022,4,April,2,Sunday
2022-04-24,Chile,19500000,4135.0,6.0,79.0,21.0,336318.0,1.23,92.25,87.57,48.4,21.2,0.031,40.98,Low,Omicron,2022,4,April,2,Sunday
2022-05-01,Chile,19500000,4127.0,5.0,79.0,23.0,413712.0,1.0,92.25,87.57,50.43,21.16,0.026,38.58,Low,Omicron,2022,5,May,2,Sunday
2022-05-08,Chile,19500000,5169.0,7.0,99.0,25.0,359605.0,1.44,92.25,87.57,50.78,26.51,0.036,37.16,Low,Omicron,2022,5,May,2,Sunday
2022-05-15,Chile,19500000,5609.0,8.0,108.0,17.0,416248.0,1.35,92.25,87.57,52.87,28.76,0.041,39.86,Low,Omicron,2022,5,May,2,Sunday
2022-05-22,Chile,19500000,5800.0,7.0,111.0,25.0,398483.0,1.46,92.51,87.57,54.08,29.74,0.036,42.61,Low,Omicron,2022,5,May,2,Sunday
2022-05-29,Chile,19500000,8563.0,13.0,164.0,38.0,424704.0,2.02,92.51,87.57,55.15,43.91,0.067,46.54,Low,Omicron,2022,5,May,2,Sunday
2022-06-05,Chile,19500000,8601.0,11.0,165.0,35.0,446116.0,1.93,92.51,87.57,55.69,44.11,0.056,39.58,Moderate,Omicron,2022,6,June,2,Sunday
2022-06-12,Chile,19500000,8750.0,,168.0,37.0,349873.0,2.5,92.51,87.57,56.78,44.87,0.062,44.61,Moderate,Omicron,2022,6,June,2,Sunday
2022-06-19,Chile,19500000,8964.0,11.0,172.0,40.0,404980.0,2.21,92.51,87.57,57.52,45.97,0.056,48.14,Moderate,Omicron,2022,6,June,2,Sunday
2022-06-26,Chile,19500000,9723.0,14.0,186.0,45.0,458479.0,2.12,92.51,87.63,57.76,49.86,0.072,48.36,Moderate,Omicron,2022,6,June,2,Sunday
2022-07-03,Chile,19500000,10719.0,17.0,205.0,53.0,511597.0,2.1,92.51,87.81,59.12,54.97,0.087,35.91,Moderate,Omicron,2022,7,July,3,Sunday
2022-07-10,Chile,19500000,12526.0,14.0,196.0,36.0,462039.0,2.71,92.51,87.81,59.94,64.23,0.072,49.63,Moderate,Omicron (BA.5),2022,7,July,3,Sunday
2022-07-17,Chile,19500000,11151.0,14.0,175.0,53.0,360707.0,3.09,92.51,87.81,60.3,57.19,0.072,45.75,High,Omicron (BA.5),2022,7,July,3,Sunday
2022-07-24,Chile,19500000,11122.0,12.0,174.0,51.0,436409.0,2.55,92.51,87.81,60.47,57.04,0.062,37.54,High,Omicron (BA.5),2022,7,July,3,Sunday
2022-07-31,Chile,19500000,9730.0,10.0,152.0,43.0,430655.0,2.26,92.51,87.81,61.32,49.9,0.051,40.51,High,Omicron (BA.5),2022,7,July,3,Sunday
2022-08-07,Chile,19500000,10363.0,12.0,162.0,46.0,478592.0,2.17,92.51,87.81,61.93,53.15,0.062,45.97,Moderate,Omicron (BA.5),2022,8,August,3,Sunday
2022-08-14,Chile,19500000,7403.0,7.0,116.0,28.0,409165.0,1.81,92.51,87.81,62.28,37.96,0.036,41.88,Moderate,Omicron (BA.5),2022,8,August,3,Sunday
2022-08-21,Chile,19500000,8159.0,8.0,128.0,40.0,373299.0,2.19,92.51,87.82,62.6,41.84,0.041,40.03,Moderate,Omicron (BA.5),2022,8,August,3,Sunday
2022-08-28,Chile,19500000,6431.0,7.0,101.0,21.0,427689.0,1.5,92.51,87.82,62.6,32.98,0.036,40.55,Moderate,Omicron (BA.5),2022,8,August,3,Sunday
2022-09-04,Chile,19500000,5950.0,,93.0,21.0,409712.0,1.45,92.51,87.82,63.03,30.51,0.031,41.43,Low,Omicron (BA.5),2022,9,September,3,Sunday
2022-09-11,Chile,19500000,5128.0,6.0,80.0,23.0,361585.0,1.42,92.51,87.82,63.37,26.3,0.031,38.09,Low,Omicron (BA.5),2022,9,September,3,Sunday
2022-09-18,Chile,19500000,3793.0,4.0,59.0,18.0,389812.0,0.97,92.51,87.82,63.72,19.45,0.021,38.38,Low,Omicron (BA.5),2022,9,September,3,Sunday
2022-09-25,Chile,19500000,3202.0,3.0,50.0,11.0,346361.0,0.92,92.51,87.82,63.78,16.42,0.015,40.58,Low,Omicron (BA.5),2022,9,September,3,Sunday
2022-10-02,Chile,19500000,1457.0,2.0,23.0,7.0,335149.0,0.43,92.51,87.82,64.29,7.47,0.01,35.51,Low,Omicron (BA.5),2022,10,October,4,Sunday
2022-10-09,Chile,19500000,1946.0,2.0,30.0,8.0,333851.0,0.58,92.51,87.82,64.29,9.98,0.01,34.15,None,Omicron (BA.5),2022,10,October,4,Sunday
2022-10-16,Chile,19500000,1340.0,2.0,21.0,5.0,333593.0,0.4,92.51,87.82,64.32,6.87,0.01,35.58,None,Omicron (BA.5),2022,10,October,4,Sunday
23/10/2022,Chile,19500000,830.0,1.0,13.0,4.0,360984.0,0.23,92.51,87.82,64.44,4.26,0.005,34.63,None,Omicron (BA.5),2022,10,October,4,Sunday
2022-10-30,Chile,19500000,310.0,0.0,5.0,1.0,283672.0,0.11,92.51,87.82,64.7,1.59,0.0,35.02,None,Omicron (BA.5),2022,10,October,4,Sunday
2022-11-06,Chile,19500000,450.0,0.0,7.0,2.0,361830.0,0.12,92.51,87.82,65.01,2.31,0.0,32.3,None,Omicron (BA.5),2022,11,November,4,Sunday
2022-11-13,Chile,19500000,170.0,0.0,3.0,1.0,334086.0,0.05,92.51,87.82,65.01,0.87,0.0,37.05,None,Omicron (BA.5),2022,11,November,4,Sunday
2022-11-20,Chile,19500000,93.0,0.0,1.0,0.0,318351.0,0.03,92.51,87.82,65.19,0.48,0.0,38.55,None,Omicron (BA.5),2022,11,November,4,Sunday
2022-11-27,Chile,19500000,58.0,0.0,1.0,0.0,328777.0,0.02,92.51,87.82,65.19,0.3,0.0,34.35,None,Omicron (BA.5),2022,11,November,4,Sunday
2022-12-04,Chile,19500000,152.0,0.0,2.0,0.0,305305.0,0.05,92.51,87.82,65.19,0.78,0.0,34.79,None,Omicron (BA.5),2022,12,December,4,Sunday
2022-12-11,Chile,19500000,58.0,0.0,1.0,0.0,285385.0,0.02,92.51,87.82,65.19,0.3,0.0,35.91,None,Omicron (BA.5),2022,12,December,4,Sunday
2022-12-18,Chile,19500000,58.0,0.0,1.0,0.0,305104.0,0.02,92.51,87.82,65.19,0.3,0.0,34.1,None,Omicron (BA.5),2022,12,December,4,Sunday
2022-12-25,Chile,19500000,58.0,0.0,1.0,0.0,278459.0,0.02,92.51,87.82,65.19,0.3,0.0,38.84,None,Omicron (BA.5),2022,12,December,4,Sunday
2021-01-03,China,1412000000,129423.0,400.0,6430.0,1861.0,15494627.0,0.84,21.02,14.56,0.13,9.17,0.028,51.76,Low,Alpha,2021,1,January,1,Sunday
2021-01-10,China,1412000000,133872.0,447.0,6584.0,1074.0,13931725.0,0.96,22.57,16.24,0.13,9.48,0.032,51.32,Low,Alpha,2021,1,January,1,Sunday
2021-01-17,China,1412000000,297109.0,1165.0,14569.0,4277.0,16902725.0,1.76,24.46,16.72,0.45,21.04,0.083,67.66,Low,Alpha,2021,1,January,1,Sunday
2021-01-24,China,1412000000,295800.0,1121.0,14363.0,2246.0,17975034.0,1.65,26.48,18.34,0.45,20.95,0.079,62.92,Low,Alpha,2021,1,January,1,Sunday
2021-01-31,China,1412000000,387513.0,1345.0,18604.0,5633.0,14976039.0,2.59,27.92,20.18,0.45,27.44,0.095,67.35,Low,Alpha,2021,1,January,1,Sunday
2021-02-07,China,1412000000,479360.0,1606.0,22874.0,7225.0,18409007.0,2.6,29.86,21.16,0.45,33.95,0.114,71.71,Moderate,Alpha,2021,2,February,1,Sunday
2021-02-14,China,1412000000,428677.0,1640.0,20322.0,5354.0,17574205.0,2.44,31.63,22.21,0.92,30.36,0.116,73.68,High,Alpha,2021,2,February,1,Sunday
2021-02-21,China,1412000000,501724.0,1755.0,23512.0,7461.0,17972424.0,2.79,33.67,24.04,0.92,35.53,0.124,75.48,Moderate,Alpha,2021,2,February,1,Sunday
2021-02-28,China,1412000000,501354.0,1838.0,23241.0,6734.0,17842399.0,2.81,36.41,25.75,0.92,35.51,0.13,71.33,High,Alpha,2021,2,February,1,Sunday
2021-03-07,China,1412000000,432931.0,1195.0,19815.0,3122.0,17441025.0,2.48,38.66,27.72,0.92,30.66,0.085,70.03,High,Alpha,2021,3,March,1,Sunday
2021-03-14,China,1412000000,444009.0,1265.0,20100.0,3028.0,17671802.0,2.51,40.64,29.4,0.92,31.45,0.09,67.91,Moderate,Alpha,2021,3,March,1,Sunday
2021-03-21,China,1412000000,336070.0,895.0,15154.0,2327.0,17579703.0,1.91,42.98,30.01,0.92,23.8,0.063,,Moderate,Alpha,2021,3,March,1,Sunday
2021-03-28,China,1412000000,311724.0,1048.0,13832.0,3137.0,16493063.0,1.89,46.0,32.42,0.92,22.08,0.074,61.05,Moderate,Alpha,2021,3,March,1,Sunday
2021-04-04,China,1412000000,260189.0,816.0,11382.0,2914.0,15143191.0,1.72,48.09,34.54,0.92,18.43,0.058,55.12,Moderate,Alpha,2021,4,April,2,Sunday
2021-04-11,China,1412000000,145196.0,382.0,6281.0,1456.0,13235510.0,1.1,49.73,36.17,0.92,10.28,0.027,48.54,Low,Alpha,2021,4,April,2,Sunday
2021-04-18,China,1412000000,103113.0,339.0,4426.0,1173.0,13239640.0,0.78,52.23,37.3,0.92,7.3,0.024,45.13,Low,Alpha,2021,4,April,2,Sunday
2021-04-25,China,1412000000,84172.0,268.0,3542.0,802.0,13849954.0,0.61,54.69,40.14,1.29,5.96,0.019,43.88,None,Alpha,2021,4,April,2,Sunday
2021-05-02,China,1412000000,45688.0,114.0,1893.0,298.0,12429854.0,0.37,56.55,42.31,1.29,3.24,0.008,40.69,None,Alpha,2021,5,May,2,Sunday
2021-05-09,China,1412000000,68538.0,192.0,2803.0,528.0,14421564.0,0.48,58.6,44.11,1.29,4.85,0.014,43.36,None,Alpha,2021,5,May,2,Sunday
2021-05-16,China,1412000000,74691.0,206.0,3015.0,961.0,13933227.0,0.54,60.79,45.91,1.29,5.29,0.015,42.65,None,Alpha,2021,5,May,2,Sunday
2021-05-23,China,1412000000,119881.0,339.0,5474.0,1143.0,15205133.0,0.79,63.19,48.14,1.29,8.49,0.024,50.02,None,Delta,2021,5,May,2,Sunday
2021-05-30,China,1412000000,142756.0,489.0,6421.0,1318.0,13440172.0,1.06,65.11,50.13,1.29,10.11,0.035,50.47,None,Delta,2021,5,May,2,Sunday
2021-06-06,China,1412000000,206596.0,602.0,9178.0,1615.0,13830178.0,1.49,66.35,51.75,1.42,14.63,0.043,57.07,Low,Delta,2021,6,June,2,Sunday
2021-06-13,China,1412000000,119496.0,414.0,5212.0,1656.0,15192526.0,0.79,68.43,54.13,1.42,8.46,0.029,52.88,Low,Delta,2021,6,June,2,Sunday
2021-06-20,China,1412000000,188878.0,632.0,8149.0,1542.0,14786598.0,1.28,69.92,55.51,1.42,13.38,0.045,54.24,None,Delta,2021,6,June,2,Sunday
2021-06-27,China,1412000000,251414.0,840.0,10723.0,2788.0,15024850.0,1.67,71.17,56.95,1.6,17.81,0.059,57.52,Low,Delta,2021,6,June,2,Sunday
2021-07-04,China,1412000000,373054.0,1172.0,15709.0,2469.0,17435900.0,2.14,72.84,58.54,1.86,26.42,0.083,65.69,Low,Delta,2021,7,July,3,Sunday
2021-07-11,China,1412000000,376018.0,962.0,15593.0,2515.0,17418579.0,,73.91,60.41,2.09,26.63,0.068,64.83,Moderate,Delta,2021,7,July,3,Sunday
2021-07-18,China,1412000000,373949.0,992.0,15260.0,4148.0,14862252.0,2.52,75.92,62.34,2.09,26.48,0.07,63.3,Moderate,Delta,2021,7,July,3,Sunday
2021-07-25,China,1412000000,483120.0,1404.0,19569.0,5048.0,19589081.0,2.47,77.23,63.23,2.09,34.22,0.099,69.53,Moderate,Delta,2021,7,July,3,Sunday
2021-08-01,China,1412000000,497686.0,1255.0,19849.0,5272.0,17200231.0,2.89,77.75,65.06,2.09,35.25,0.089,67.47,High,Delta,2021,8,August,3,Sunday
2021-08-08,China,1412000000,564812.0,1571.0,22298.0,4220.0,20980559.0,,78.71,66.24,2.6,40.0,0.111,75.78,High,Delta,2021,8,August,3,Sunday
2021-08-15,China,1412000000,610837.0,1478.0,23734.0,7534.0,16917803.0,3.61,80.18,68.06,2.66,43.26,0.105,75.75,High,Delta,2021,8,August,3,Sunday
2021-08-22,China,1412000000,582738.0,1325.0,22501.0,5511.0,19125212.0,3.05,81.11,68.77,2.76,41.27,0.094,77.61,High,Delta,2021,8,August,3,Sunday
2021-08-29,China,1412000000,663589.0,1659.0,25443.0,8010.0,19187028.0,3.46,81.22,69.56,2.76,47.0,0.117,80.67,High,Delta,2021,8,August,3,Sunday
2021-09-05,China,1412000000,601725.0,1543.0,22767.0,4050.0,15867362.0,3.79,82.26,71.05,3.49,42.62,0.109,72.82,Lockdown,Delta,2021,9,September,3,Sunday
2021-09-12,China,1412000000,575252.0,1382.0,21569.0,4721.0,19553366.0,2.94,82.98,72.04,3.49,40.74,0.098,75.71,High,Delta,2021,9,September,3,Sunday
2021-09-19,China,1412000000,550464.0,1359.0,20532.0,4251.0,15502333.0,3.55,83.39,72.61,3.74,38.98,0.096,64.64,High,Delta,2021,9,September,3,Sunday
2021-09-26,China,1412000000,558194.0,1284.0,20701.0,5762.0,17971910.0,3.11,84.32,73.25,4.05,39.53,0.091,76.12,High,Delta,2021,9,September,3,Sunday
2021-10-03,China,1412000000,551546.0,1370.0,20207.0,5599.0,19953081.0,2.76,84.52,74.56,4.54,39.06,0.097,67.21,High,Delta,2021,10,October,4,Sunday
2021-10-10,China,1412000000,557640.0,1322.0,20315.0,4728.0,17615594.0,3.17,85.05,75.16,4.54,39.49,0.094,71.96,High,Delta,2021,10,October,4,Sunday
2021-10-17,China,1412000000,507145.0,1172.0,18438.0,2816.0,16587860.0,3.06,85.63,75.38,5.32,35.92,0.083,68.99,High,Delta,2021,10,October,4,Sunday
10-24-2021,China,1412000000,502150.0,1090.0,18055.0,3246.0,18971263.0,2.65,85.63,76.55,5.35,35.56,0.077,70.15,High,Delta,2021,10,October,4,Sunday
10-31-2021,China,1412000000,599788.0,1335.0,21499.0,3409.0,18449732.0,3.25,85.81,76.88,5.81,42.48,0.095,71.67,High,Delta,2021,10,October,4,Sunday
2021-11-07,China,1412000000,513046.0,973.0,18340.0,5392.0,17359427.0,2.96,87.04,77.16,6.76,36.33,0.069,62.41,High,Delta,2021,11,November,4,Sunday
2021-11-14,China,1412000000,540911.0,1225.0,19178.0,3821.0,20083932.0,2.69,87.04,78.02,6.76,38.31,0.087,68.2,High,Delta,2021,11,November,4,Sunday
2021-11-21,China,1412000000,727959.0,433.0,12230.0,2080.0,18252741.0,3.99,87.98,78.98,7.81,51.56,0.031,58.1,High,Omicron,2021,11,November,4,Sunday
2021-11-28,China,1412000000,843960.0,605.0,14122.0,2969.0,20532172.0,4.11,88.18,79.39,8.16,59.77,0.043,56.35,Lockdown,Omicron,2021,11,November,4,Sunday
2021-12-05,China,1412000000,727988.0,512.0,12144.0,1981.0,21528620.0,3.38,88.18,79.7,8.26,51.56,0.036,58.63,Lockdown,Omicron,2021,12,December,4,Sunday
2021-12-12,China,1412000000,960932.0,622.0,16004.0,5064.0,20290597.0,4.74,88.73,79.86,9.82,68.05,0.044,61.59,Lockdown,Omicron,2021,12,December,4,Sunday
2021-12-19,China,1412000000,1028338.0,723.0,17054.0,3471.0,26491036.0,3.88,88.73,80.3,10.21,72.83,0.051,67.47,Lockdown,Omicron,2021,12,December,4,Sunday
2021-12-26,China,1412000000,996816.0,665.0,16506.0,5094.0,22478151.0,4.43,88.73,80.45,10.97,70.6,0.047,64.42,Lockdown,Omicron,2021,12,December,4,Sunday
2022-01-02,China,1412000000,1038291.0,588.0,17193.0,4574.0,24927979.0,4.17,88.73,80.45,11.94,73.53,0.042,70.96,Lockdown,Omicron,2022,1,January,1,Sunday
2022-01-09,China,1412000000,981172.0,665.0,16208.0,3991.0,24300836.0,4.04,88.88,80.69,12.92,69.49,0.047,63.95,Lockdown,Omicron,2022,1,January,1,Sunday
2022-01-16,China,1412000000,952006.0,687.0,15676.0,3619.0,22144830.0,4.3,88.88,81.02,13.4,67.42,0.049,64.87,Lockdown,Omicron,2022,1,January,1,Sunday
2022-01-23,China,1412000000,830494.0,443.0,13564.0,3620.0,20367001.0,4.08,89.05,81.84,14.44,58.82,0.031,60.1,Lockdown,Omicron,2022,1,January,1,Sunday
2022-01-30,China,1412000000,781279.0,,12747.0,3399.0,20605557.0,3.79,89.05,81.94,15.32,55.33,0.032,55.36,Lockdown,Omicron,2022,1,January,1,Sunday
2022-02-06,China,1412000000,718236.0,456.0,11719.0,1779.0,21175828.0,3.39,89.05,81.94,16.11,50.87,0.032,57.37,Lockdown,Omicron,2022,2,February,1,Sunday
2022-02-13,China,1412000000,600349.0,361.0,9791.0,2980.0,17345187.0,3.46,89.07,81.98,16.78,42.52,0.026,56.89,Lockdown,Omicron,2022,2,February,1,Sunday
2022-02-20,China,1412000000,450843.0,289.0,7352.0,1563.0,15640436.0,2.88,89.49,82.0,18.4,31.93,0.02,52.86,High,Omicron,2022,2,February,1,Sunday
2022-02-27,China,1412000000,324120.0,204.0,5274.0,1108.0,17915267.0,1.81,89.49,82.21,19.88,22.95,0.014,47.52,Moderate,Omicron,2022,2,February,1,Sunday
2022-03-06,China,1412000000,334558.0,223.0,5443.0,1193.0,15172620.0,2.21,89.49,82.22,20.8,23.69,0.016,44.87,Moderate,Omicron,2022,3,March,1,Sunday
2022-03-13,China,1412000000,191905.0,101.0,3100.0,826.0,15080748.0,1.27,89.49,82.92,21.49,13.59,0.007,46.62,Moderate,Omicron,2022,3,March,1,Sunday
2022-03-20,China,1412000000,232995.0,138.0,3764.0,805.0,14840407.0,1.57,89.55,82.92,23.37,16.5,0.01,47.05,Low,Omicron,2022,3,March,1,Sunday
2022-03-27,China,1412000000,170591.0,114.0,2756.0,589.0,14265471.0,1.2,89.55,82.92,24.2,12.08,0.008,46.6,Low,Omicron,2022,3,March,1,Sunday
2022-04-03,China,1412000000,177202.0,103.0,2863.0,460.0,16176380.0,1.1,89.88,82.92,24.94,12.55,0.007,43.97,Low,Omicron,2022,4,April,2,Sunday
2022-04-10,China,1412000000,176160.0,107.0,2846.0,628.0,14405910.0,,89.88,82.92,27.17,12.48,0.008,40.42,Low,Omicron,2022,4,April,2,Sunday
2022-04-17,China,1412000000,133491.0,69.0,2155.0,378.0,13667903.0,0.98,89.88,82.98,27.9,9.45,0.005,44.93,Low,Omicron,2022,4,April,2,Sunday
2022-04-24,China,1412000000,162868.0,90.0,2620.0,774.0,14059120.0,1.16,90.36,83.33,30.04,11.53,0.006,44.27,Low,Omicron,2022,4,April,2,Sunday
2022-05-01,China,1412000000,131419.0,78.0,2110.0,436.0,13482577.0,0.97,90.36,83.51,31.18,9.31,0.006,47.01,Low,Omicron,2022,5,May,2,Sunday
2022-05-08,China,1412000000,214014.0,124.0,3437.0,1077.0,14092571.0,1.52,90.36,83.51,32.1,15.16,0.009,45.58,Low,Omicron,2022,5,May,2,Sunday
2022-05-15,China,1412000000,317614.0,202.0,5101.0,1359.0,15310299.0,2.07,90.36,83.51,33.64,22.49,0.014,47.88,Low,Omicron,2022,5,May,2,Sunday
2022-05-22,China,1412000000,278584.0,172.0,4474.0,1246.0,17618359.0,1.58,90.36,83.51,35.55,19.73,0.012,48.1,Moderate,Omicron,2022,5,May,2,Sunday
2022-05-29,China,1412000000,352842.0,235.0,5661.0,1761.0,17234967.0,2.05,90.36,83.6,36.44,24.99,0.017,47.34,Low,Omicron,2022,5,May,2,Sunday
2022-06-05,China,1412000000,339436.0,224.0,5446.0,1038.0,15723511.0,2.16,90.36,83.6,37.5,24.04,0.016,46.9,Moderate,Omicron,2022,6,June,2,Sunday
2022-06-12,China,1412000000,421455.0,232.0,6762.0,1666.0,18342184.0,2.3,90.36,83.6,39.57,29.85,0.016,50.23,Moderate,Omicron,2022,6,June,2,Sunday
2022-06-19,China,1412000000,467337.0,191.0,6135.0,963.0,15255736.0,3.06,90.36,83.6,39.99,33.1,0.014,47.24,Moderate,Omicron (BA.5),2022,6,June,2,Sunday
2022-06-26,China,1412000000,370814.0,196.0,4868.0,814.0,18304908.0,2.03,90.36,83.6,41.35,26.26,0.014,47.08,Moderate,Omicron (BA.5),2022,6,June,2,Sunday
2022-07-03,China,1412000000,444927.0,202.0,5841.0,1240.0,19032919.0,2.34,90.36,83.6,42.08,31.51,0.014,53.95,Moderate,Omicron (BA.5),2022,7,July,3,Sunday
2022-07-10,China,1412000000,470729.0,214.0,6180.0,1644.0,20641692.0,2.28,90.36,83.6,43.01,33.34,0.015,52.22,Moderate,Omicron (BA.5),2022,7,July,3,Sunday
2022-07-17,China,1412000000,418812.0,179.0,5498.0,1602.0,18353714.0,2.28,90.36,83.6,44.54,29.66,0.013,49.36,High,Omicron (BA.5),2022,7,July,3,Sunday
2022-07-24,China,1412000000,415528.0,209.0,5439.0,1053.0,17538911.0,2.37,90.36,83.89,45.72,29.43,0.015,52.38,Moderate,Omicron (BA.5),2022,7,July,3,Sunday
2022-07-31,China,1412000000,423968.0,188.0,5544.0,1538.0,18791528.0,2.26,90.36,83.98,46.84,30.03,0.013,46.6,Moderate,Omicron (BA.5),2022,7,July,3,Sunday
2022-08-07,China,1412000000,311496.0,133.0,4073.0,766.0,15089807.0,2.06,90.39,83.98,47.31,22.06,0.009,52.69,Moderate,Omicron (BA.5),2022,8,August,3,Sunday
2022-08-14,China,1412000000,309984.0,147.0,4054.0,612.0,15367662.0,2.02,90.39,83.98,48.88,21.95,0.01,45.28,Moderate,Omicron (BA.5),2022,8,August,3,Sunday
2022-08-21,China,1412000000,278565.0,,3643.0,580.0,15469296.0,1.8,90.49,83.98,49.34,19.73,0.01,50.83,Moderate,Omicron (BA.5),2022,8,August,3,Sunday
2022-08-28,China,1412000000,276540.0,122.0,3611.0,901.0,17229096.0,1.61,90.49,84.13,50.64,19.58,0.009,50.77,Low,Omicron (BA.5),2022,8,August,3,Sunday
2022-09-04,China,1412000000,110915.0,56.0,1448.0,340.0,12891696.0,0.86,90.49,84.13,51.56,7.86,0.004,38.16,Low,Omicron (BA.5),2022,9,September,3,Sunday
2022-09-11,China,1412000000,154958.0,72.0,2023.0,396.0,13188778.0,1.17,90.49,84.13,51.93,10.97,0.005,47.07,None,Omicron (BA.5),2022,9,September,3,Sunday
2022-09-18,China,1412000000,143048.0,66.0,1868.0,282.0,14435094.0,0.99,90.49,84.13,52.5,10.13,0.005,42.46,Low,Omicron (BA.5),2022,9,September,3,Sunday
2022-09-25,China,1412000000,116033.0,52.0,1515.0,374.0,14688877.0,0.79,90.49,84.13,53.94,8.22,0.004,41.22,Low,Omicron (BA.5),2022,9,September,3,Sunday
2022-10-02,China,1412000000,119903.0,51.0,1566.0,453.0,13147382.0,0.91,90.49,84.13,54.4,8.49,0.004,44.03,None,Omicron (BA.5),2022,10,October,4,Sunday
2022-10-09,China,1412000000,95191.0,43.0,1243.0,201.0,14412545.0,0.66,90.49,84.13,54.79,6.74,0.003,39.72,Low,Omicron (BA.5),2022,10,October,4,Sunday
2022-10-16,China,1412000000,14051.0,7.0,183.0,50.0,14258167.0,0.1,90.49,84.31,55.77,1.0,0.0,41.91,None,Omicron (BA.5),2022,10,October,4,Sunday
2022-10-23,China,1412000000,53708.0,22.0,700.0,181.0,14528843.0,0.37,90.49,84.31,55.89,3.8,0.002,39.07,None,Omicron (BA.5),2022,10,October,4,Sunday
2022-10-30,China,1412000000,4236.0,2.0,55.0,13.0,13111598.0,0.03,90.49,84.31,56.18,0.3,0.0,40.9,None,Omicron (BA.5),2022,10,October,4,Sunday
2022-11-06,China,1412000000,16369.0,7.0,213.0,,12781636.0,0.13,90.49,84.31,56.54,1.16,0.0,44.04,None,Omicron (BA.5),2022,11,November,4,Sunday
2022-11-13,China,1412000000,28726.0,13.0,374.0,115.0,14806170.0,0.19,90.49,84.31,57.25,2.03,0.001,41.9,None,Omicron (BA.5),2022,11,November,4,Sunday
2022-11-20,China,1412000000,4236.0,2.0,55.0,13.0,12766918.0,0.03,90.49,84.31,57.93,0.3,0.0,39.56,None,Omicron (BA.5),2022,11,November,4,Sunday
2022-11-27,China,1412000000,27161.0,14.0,354.0,77.0,13961866.0,0.19,90.49,84.31,58.5,1.92,0.001,42.26,None,Omicron (BA.5),2022,11,November,4,Sunday
2022-12-04,China,1412000000,4236.0,2.0,55.0,16.0,14748841.0,0.03,90.49,84.31,58.5,0.3,0.0,36.95,None,Omicron (BA.5),2022,12,December,4,Sunday
2022-12-11,China,1412000000,4236.0,2.0,55.0,16.0,13603259.0,0.03,90.49,84.31,59.13,0.3,0.0,38.36,None,Omicron (BA.5),2022,12,December,4,Sunday
2022-12-18,China,1412000000,21259.0,10.0,277.0,76.0,11893856.0,0.18,90.49,84.31,59.13,1.51,0.001,39.72,None,Omicron (BA.5),2022,12,December,4,Sunday
2022-12-25,China,1412000000,4236.0,2.0,55.0,16.0,11487282.0,0.04,90.49,84.31,59.13,0.3,0.0,42.43,None,Omicron (BA.5),2022,12,December,4,Sunday
2021-01-03,Colombia,51500000,14551.0,193.0,553.0,153.0,391346.0,3.72,18.4,11.64,0.31,28.25,0.375,48.57,Low,Alpha,2021,1,January,1,Sunday
2021-01-10,Colombia,51500000,19232.0,255.0,725.0,185.0,412437.0,4.66,19.36,13.06,0.31,37.34,0.495,52.22,Low,Alpha,2021,1,January,1,Sunday
2021-01-17,Colombia,51500000,23455.0,321.0,878.0,184.0,516956.0,4.54,21.17,14.17,0.31,45.54,0.623,55.73,Moderate,Alpha,2021,1,January,1,Sunday
2021-01-24,Colombia,51500000,24032.0,264.0,898.0,137.0,470278.0,5.11,22.66,14.57,0.47,46.66,0.513,51.03,Moderate,Alpha,2021,1,January,1,Sunday
2021-01-31,Colombia,51500000,32424.0,450.0,1203.0,302.0,428440.0,7.57,23.71,15.69,0.47,62.96,0.874,63.14,Moderate,Alpha,2021,1,January,1,Sunday
2021-02-07,Colombia,51500000,30219.0,423.0,1111.0,276.0,,6.3,26.0,17.28,0.47,58.68,0.821,55.92,High,Alpha,2021,2,February,1,Sunday
2021-02-14,Colombia,51500000,29156.0,370.0,1064.0,188.0,487182.0,5.98,27.54,18.4,0.47,56.61,0.718,56.29,High,Alpha,2021,2,February,1,Sunday
2021-02-21,Colombia,51500000,24971.0,291.0,904.0,275.0,473524.0,5.27,29.75,19.79,0.47,48.49,0.565,58.72,High,Alpha,2021,2,February,1,Sunday
2021-02-28,Colombia,51500000,25238.0,310.0,906.0,160.0,516692.0,4.88,31.81,21.08,0.47,49.01,0.602,57.67,Moderate,Alpha,2021,2,February,1,Sunday
2021-03-07,Colombia,51500000,19646.0,197.0,698.0,139.0,426891.0,4.6,33.47,22.85,0.47,38.15,0.383,53.31,Moderate,Alpha,2021,3,March,1,Sunday
2021-03-14,Colombia,51500000,14648.0,181.0,516.0,110.0,470975.0,3.11,35.23,24.09,0.47,28.44,0.351,46.06,Moderate,Alpha,2021,3,March,1,Sunday
2021-03-21,Colombia,51500000,11798.0,116.0,410.0,109.0,434767.0,2.71,37.55,26.2,0.47,22.91,0.225,47.21,Low,Alpha,2021,3,March,1,Sunday
2021-03-28,Colombia,51500000,7749.0,82.0,267.0,44.0,364611.0,2.13,40.2,27.46,0.47,15.05,0.159,46.01,Low,Alpha,2021,3,March,1,Sunday
2021-04-04,Colombia,51500000,8159.0,80.0,278.0,75.0,397894.0,2.05,40.8,29.22,0.72,15.84,0.155,46.36,Low,Alpha,2021,4,April,2,Sunday
2021-04-11,Colombia,51500000,5389.0,62.0,183.0,40.0,411245.0,1.31,43.5,30.08,0.72,10.46,0.12,48.13,Low,Alpha,2021,4,April,2,Sunday
2021-04-18,Colombia,51500000,5114.0,56.0,171.0,31.0,395573.0,1.29,45.21,32.02,0.72,9.93,0.109,50.08,None,Alpha,2021,4,April,2,Sunday
2021-04-25,Colombia,51500000,3605.0,40.0,119.0,20.0,399126.0,0.9,47.17,33.89,0.72,7.0,0.078,45.84,None,Alpha,2021,4,April,2,Sunday
2021-05-02,Colombia,51500000,5500.0,49.0,180.0,40.0,377485.0,1.46,49.14,35.62,0.72,10.68,0.095,43.9,None,Alpha,2021,5,May,2,Sunday
2021-05-09,Colombia,51500000,6086.0,59.0,197.0,44.0,416494.0,1.46,50.9,36.93,0.72,11.82,0.115,48.53,None,Alpha,2021,5,May,2,Sunday
2021-05-16,Colombia,51500000,5660.0,55.0,181.0,31.0,384184.0,1.47,52.95,38.6,0.72,10.99,0.107,43.77,None,Alpha,2021,5,May,2,Sunday
2021-05-23,Colombia,51500000,10331.0,104.0,327.0,76.0,503531.0,2.05,54.41,40.25,1.31,20.06,0.202,40.9,None,Alpha,2021,5,May,2,Sunday
2021-05-30,Colombia,51500000,11833.0,130.0,425.0,,380346.0,3.11,55.47,41.87,1.31,22.98,0.252,45.82,Low,Delta,2021,5,May,2,Sunday
2021-06-06,Colombia,51500000,12784.0,162.0,452.0,143.0,522333.0,2.45,58.07,44.17,1.31,24.82,0.315,43.43,Low,Delta,2021,6,June,2,Sunday
2021-06-13,Colombia,51500000,17216.0,,604.0,164.0,415754.0,4.14,59.52,45.15,1.31,33.43,0.39,50.7,Low,Delta,2021,6,June,2,Sunday
2021-06-20,Colombia,51500000,18601.0,247.0,6460.0,98.0,502776.0,3.7,60.42,46.55,1.34,36.12,0.48,51.85,Low,Delta,2021,6,June,2,Sunday
2021-06-27,Colombia,51500000,21070.0,243.0,726.0,168.0,498683.0,4.23,61.96,47.61,1.34,40.91,0.472,49.53,Moderate,Delta,2021,6,June,2,Sunday
2021-07-04,Colombia,51500000,27659.0,280.0,944.0,145.0,461792.0,5.99,63.57,49.01,1.34,53.71,0.544,54.69,Moderate,Delta,2021,7,July,3,Sunday
2021-07-11,Colombia,51500000,28356.0,282.0,955.0,226.0,525277.0,,64.7,50.66,1.34,55.06,0.548,53.42,Moderate,Delta,2021,7,July,3,Sunday
2021-07-18,Colombia,51500000,35645.0,365.0,1186.0,246.0,513555.0,6.94,65.9,52.35,1.34,69.21,0.709,60.18,Moderate,Delta,2021,7,July,3,Sunday
2021-07-25,Colombia,51500000,34635.0,349.0,1145.0,348.0,541778.0,6.39,66.64,53.18,,67.25,0.678,57.74,High,Delta,2021,7,July,3,Sunday
2021-08-01,Colombia,51500000,41906.0,492.0,1372.0,321.0,570234.0,7.35,67.72,54.37,1.7,81.37,0.955,65.84,High,Delta,2021,8,August,3,Sunday
2021-08-08,Colombia,51500000,37979.0,431.0,1234.0,363.0,530259.0,7.16,68.81,55.31,1.81,73.75,0.837,61.65,Lockdown,Delta,2021,8,August,3,Sunday
2021-08-15,Colombia,51500000,41144.0,379.0,1329.0,331.0,540691.0,7.61,69.11,56.06,2.29,79.89,0.736,66.67,High,Delta,2021,8,August,3,Sunday
2021-08-22,Colombia,51500000,37834.0,432.0,1206.0,262.0,559694.0,6.76,70.11,57.71,2.79,73.46,0.839,59.66,High,Delta,2021,8,August,3,Sunday
2021-08-29,Colombia,51500000,38342.0,344.0,1215.0,230.0,507611.0,7.55,70.11,58.44,2.79,74.45,0.668,66.29,High,Delta,2021,8,August,3,Sunday
2021-09-05,Colombia,51500000,39714.0,434.0,1248.0,226.0,515137.0,7.71,70.86,59.54,2.79,77.12,0.843,61.44,High,Delta,2021,9,September,3,Sunday
2021-09-12,Colombia,51500000,32156.0,283.0,1004.0,286.0,558347.0,5.76,72.08,60.28,2.9,62.44,0.55,56.41,High,Delta,2021,9,September,3,Sunday
2021-09-19,Colombia,51500000,34503.0,329.0,1073.0,322.0,547661.0,6.3,72.67,60.71,3.49,67.0,0.639,64.8,High,Delta,2021,9,September,3,Sunday
2021-09-26,Colombia,51500000,35000.0,368.0,1079.0,221.0,476211.0,7.35,72.86,61.79,3.53,67.96,0.715,54.3,High,Delta,2021,9,September,3,Sunday
2021-10-03,Colombia,51500000,31869.0,287.0,981.0,230.0,475872.0,6.7,73.25,62.01,3.75,61.88,0.557,56.0,High,Delta,2021,10,October,4,Sunday
2021-10-10,Colombia,51500000,32874.0,279.0,1003.0,199.0,432798.0,7.6,73.75,63.09,4.07,63.83,0.542,53.55,High,Delta,2021,10,October,4,Sunday
2021-10-17,Colombia,51500000,33504.0,346.0,1018.0,231.0,563120.0,5.95,74.29,63.58,4.07,65.06,0.672,53.35,High,Delta,2021,10,October,4,Sunday
2021-10-24,Colombia,51500000,35871.0,356.0,1080.0,322.0,565322.0,6.35,74.29,64.6,4.79,69.65,0.691,53.72,High,Delta,2021,10,October,4,Sunday
2021-10-31,Colombia,51500000,37965.0,398.0,1143.0,198.0,497930.0,7.62,75.04,64.6,4.79,73.72,0.773,61.38,High,Delta,2021,10,October,4,Sunday
2021-11-07,Colombia,51500000,46717.0,456.0,1406.0,281.0,,7.58,75.2,64.7,5.56,90.71,0.885,60.51,High,Delta,2021,11,November,4,Sunday
2021-11-14,Colombia,51500000,47006.0,380.0,1406.0,377.0,680272.0,6.91,75.53,65.4,5.65,91.27,0.738,63.19,Lockdown,Delta,2021,11,November,4,Sunday
2021-11-21,Colombia,51500000,53204.0,509.0,1582.0,321.0,539740.0,9.86,75.66,66.1,6.51,103.31,0.988,68.73,Lockdown,Delta,2021,11,November,4,Sunday
2021-11-28,Colombia,51500000,62015.0,192.0,882.0,144.0,623786.0,9.94,75.66,66.1,6.77,120.42,0.373,57.04,High,Omicron,2021,11,November,4,Sunday
2021-12-05,Colombia,51500000,57916.0,141.0,818.0,175.0,557629.0,10.39,75.78,66.87,7.0,112.46,0.274,55.94,High,Omicron,2021,12,December,4,Sunday
2021-12-12,Colombia,51500000,67174.0,167.0,949.0,251.0,731386.0,9.18,76.75,66.87,7.81,130.43,0.324,59.93,Lockdown,Omicron,2021,12,December,4,Sunday
2021-12-19,Colombia,51500000,60440.0,178.0,854.0,271.0,643841.0,9.39,76.75,66.87,9.14,117.36,0.346,59.48,High,Omicron,2021,12,December,4,Sunday
2021-12-26,Colombia,51500000,55698.0,168.0,783.0,236.0,607043.0,9.18,76.84,67.34,9.14,108.15,0.326,51.25,Lockdown,Omicron,2021,12,December,4,Sunday
2022-01-02,Colombia,51500000,57460.0,152.0,807.0,198.0,646674.0,8.89,76.84,67.47,9.81,111.57,0.295,55.95,Lockdown,Omicron,2022,1,January,1,Sunday
2022-01-09,Colombia,51500000,50028.0,148.0,702.0,,574154.0,8.71,76.85,67.54,10.15,97.14,0.287,52.47,High,Omicron,2022,1,January,1,Sunday
2022-01-16,Colombia,51500000,48171.0,120.0,676.0,167.0,573352.0,8.4,76.85,67.54,11.6,93.54,0.233,52.39,High,Omicron,2022,1,January,1,Sunday
2022-01-23,Colombia,51500000,40653.0,109.0,566.0,132.0,570068.0,7.13,76.98,68.51,12.2,78.94,0.212,47.31,Lockdown,Omicron,2022,1,January,1,Sunday
2022-01-30,Colombia,51500000,33339.0,98.0,464.0,83.0,498577.0,6.69,77.05,68.51,12.81,64.74,0.19,48.21,High,Omicron,2022,1,January,1,Sunday
2022-02-06,Colombia,51500000,31720.0,79.0,442.0,88.0,497326.0,6.38,77.67,68.51,13.87,61.59,0.153,48.15,High,Omicron,2022,2,February,1,Sunday
2022-02-13,Colombia,51500000,25131.0,65.0,348.0,79.0,480311.0,5.23,77.89,69.0,14.55,48.8,0.126,51.36,High,Omicron,2022,2,February,1,Sunday
2022-02-20,Colombia,51500000,17288.0,49.0,240.0,76.0,453616.0,3.81,77.89,69.0,15.38,33.57,0.095,43.25,Moderate,Omicron,2022,2,February,1,Sunday
2022-02-27,Colombia,51500000,14280.0,37.0,198.0,50.0,457497.0,3.12,77.89,69.0,,27.73,0.072,39.54,Moderate,Omicron,2022,2,February,1,Sunday
2022-03-06,Colombia,51500000,12825.0,38.0,177.0,55.0,449847.0,2.85,77.89,69.3,17.19,24.9,0.074,45.17,Low,Omicron,2022,3,March,1,Sunday
2022-03-13,Colombia,51500000,8085.0,25.0,111.0,22.0,359045.0,2.25,77.89,69.64,18.16,15.7,0.049,41.04,Low,Omicron,2022,3,March,1,Sunday
2022-03-20,Colombia,51500000,7507.0,21.0,103.0,17.0,450986.0,1.66,78.02,69.64,19.33,14.58,0.041,43.71,Low,Omicron,2022,3,March,1,Sunday
2022-03-27,Colombia,51500000,9764.0,28.0,135.0,43.0,417680.0,2.34,78.02,69.64,19.81,18.96,0.054,46.2,Low,Omicron,2022,3,March,1,Sunday
2022-04-03,Colombia,51500000,8458.0,25.0,117.0,24.0,398835.0,2.12,78.02,69.64,21.76,16.42,0.049,44.03,Low,Omicron,2022,4,April,2,Sunday
2022-04-10,Colombia,51500000,10561.0,30.0,146.0,35.0,389066.0,2.71,78.02,69.64,23.12,20.51,0.058,43.64,Low,Omicron,2022,4,April,2,Sunday
2022-04-17,Colombia,51500000,13487.0,39.0,186.0,30.0,501721.0,2.69,78.02,69.64,23.51,26.19,0.076,44.93,Low,Omicron,2022,4,April,2,Sunday
2022-04-24,Colombia,51500000,15434.0,36.0,212.0,63.0,525204.0,2.94,78.02,70.05,25.1,29.97,0.07,47.84,Low,Omicron,2022,4,April,2,Sunday
2022-05-01,Colombia,51500000,14281.0,42.0,196.0,29.0,501661.0,2.85,78.02,70.05,25.82,27.73,0.082,42.59,Low,Omicron,2022,5,May,2,Sunday
2022-05-08,Colombia,51500000,21577.0,53.0,296.0,90.0,474622.0,4.55,78.02,70.05,26.8,41.9,0.103,48.81,Low,Omicron,2022,5,May,2,Sunday
2022-05-15,Colombia,51500000,19911.0,46.0,273.0,49.0,475119.0,4.19,78.02,70.07,27.98,38.66,0.089,44.13,Moderate,Omicron,2022,5,May,2,Sunday
2022-05-22,Colombia,51500000,25200.0,69.0,346.0,63.0,544777.0,4.63,78.14,70.07,29.23,48.93,0.134,49.25,Moderate,Omicron,2022,5,May,2,Sunday
2022-05-29,Colombia,51500000,23761.0,58.0,325.0,94.0,470857.0,5.05,78.14,70.35,30.09,46.14,0.113,43.57,Moderate,Omicron,2022,5,May,2,Sunday
2022-06-05,Colombia,51500000,27257.0,63.0,373.0,80.0,517671.0,5.27,78.14,70.35,31.58,52.93,0.122,49.52,Moderate,Omicron,2022,6,June,2,Sunday
2022-06-12,Colombia,51500000,27678.0,76.0,379.0,73.0,507175.0,5.46,78.14,70.35,32.31,53.74,0.148,48.0,Moderate,Omicron,2022,6,June,2,Sunday
06-19-2022,Colombia,51500000,25736.0,60.0,352.0,88.0,564275.0,4.56,78.14,70.35,33.19,49.97,0.117,48.08,Moderate,Omicron,2022,6,June,2,Sunday
2022-06-26,Colombia,51500000,30540.0,72.0,342.0,66.0,570033.0,5.36,78.14,70.35,34.53,59.3,0.14,50.09,Moderate,Omicron (BA.5),2022,6,June,2,Sunday
2022-07-03,Colombia,51500000,25483.0,62.0,286.0,57.0,482635.0,5.28,78.14,70.35,35.32,49.48,0.12,44.79,High,Omicron (BA.5),2022,7,July,3,Sunday
2022-07-10,Colombia,51500000,26013.0,59.0,291.0,46.0,550298.0,4.73,78.14,70.35,36.4,50.51,0.115,46.85,Moderate,Omicron (BA.5),2022,7,July,3,Sunday
2022-07-17,Colombia,51500000,22049.0,44.0,247.0,60.0,472082.0,4.67,78.14,70.35,37.42,42.81,0.085,47.01,Moderate,Omicron (BA.5),2022,7,July,3,Sunday
2022-07-24,Colombia,51500000,18886.0,41.0,212.0,36.0,437692.0,4.31,78.14,70.35,37.93,36.67,0.08,44.97,Moderate,Omicron (BA.5),2022,7,July,3,Sunday
2022-07-31,Colombia,51500000,17516.0,32.0,196.0,57.0,441072.0,3.97,78.14,70.35,39.64,34.01,0.062,47.27,Moderate,Omicron (BA.5),2022,7,July,3,Sunday
07 Aug 2022,Colombia,51500000,15238.0,33.0,171.0,47.0,446096.0,3.42,78.3,70.35,40.28,29.59,0.064,45.92,Moderate,Omicron (BA.5),2022,8,August,3,Sunday
2022-08-14,Colombia,51500000,14441.0,28.0,162.0,32.0,409769.0,3.52,78.3,70.35,40.64,28.04,0.054,43.51,Low,Omicron (BA.5),2022,8,August,3,Sunday
2022-08-21,Colombia,51500000,10884.0,23.0,122.0,29.0,403441.0,2.7,78.3,70.35,41.59,21.13,0.045,47.5,Low,Omicron (BA.5),2022,8,August,3,Sunday
2022-08-28,Colombia,51500000,9669.0,18.0,108.0,27.0,367327.0,2.63,78.3,70.35,42.51,18.78,0.035,45.54,Low,Omicron (BA.5),2022,8,August,3,Sunday
2022-09-04,Colombia,51500000,8512.0,21.0,95.0,25.0,382980.0,2.22,78.3,70.35,43.07,16.53,0.041,41.84,Low,Omicron (BA.5),2022,9,September,3,Sunday
2022-09-11,Colombia,51500000,7481.0,14.0,84.0,19.0,412816.0,1.81,78.3,70.62,44.22,14.53,0.027,41.64,Low,Omicron (BA.5),2022,9,September,3,Sunday
2022-09-18,Colombia,51500000,5036.0,10.0,56.0,15.0,426809.0,1.18,78.3,70.62,44.22,9.78,0.019,42.8,Low,Omicron (BA.5),2022,9,September,3,Sunday
2022-09-25,Colombia,51500000,4378.0,9.0,49.0,9.0,419526.0,1.04,78.3,70.72,45.21,8.5,0.017,44.36,None,Omicron (BA.5),2022,9,September,3,Sunday
2022-10-02,Colombia,51500000,1915.0,4.0,21.0,5.0,392662.0,0.49,78.3,70.72,45.21,3.72,0.008,37.29,None,Omicron (BA.5),2022,10,October,4,Sunday
2022-10-09,Colombia,51500000,1444.0,3.0,16.0,3.0,331265.0,,78.3,70.72,45.56,2.8,0.006,40.74,None,Omicron (BA.5),2022,10,October,4,Sunday
2022-10-16,Colombia,51500000,848.0,2.0,9.0,3.0,348892.0,0.24,78.3,70.72,46.91,1.65,0.004,41.19,None,Omicron (BA.5),2022,10,October,4,Sunday
2022-10-23,Colombia,51500000,1601.0,3.0,18.0,4.0,372192.0,0.43,78.3,70.72,46.91,3.11,0.006,39.18,None,Omicron (BA.5),2022,10,October,4,Sunday
2022-10-30,Colombia,51500000,997.0,2.0,11.0,3.0,404300.0,0.25,78.3,70.72,46.93,1.94,0.004,40.11,None,Omicron (BA.5),2022,10,October,4,Sunday
2022-11-06,Colombia,51500000,154.0,0.0,2.0,0.0,354961.0,0.04,78.3,70.72,47.66,0.3,0.0,42.87,None,Omicron (BA.5),2022,11,November,4,Sunday
2022-11-13,Colombia,51500000,154.0,0.0,2.0,0.0,335259.0,0.05,78.43,70.72,48.42,0.3,0.0,41.31,None,Omicron (BA.5),2022,11,November,4,Sunday
2022-11-20,Colombia,51500000,154.0,0.0,2.0,0.0,414555.0,0.04,78.43,70.72,48.42,0.3,0.0,41.5,None,Omicron (BA.5),2022,11,November,4,Sunday
2022-11-27,Colombia,51500000,1764.0,4.0,20.0,4.0,356637.0,0.49,78.43,70.72,48.7,3.43,0.008,39.36,None,Omicron (BA.5),2022,11,November,4,Sunday
2022-12-04,Colombia,51500000,154.0,0.0,2.0,1.0,337989.0,0.05,78.43,70.72,48.7,0.3,0.0,42.0,None,Omicron (BA.5),2022,12,December,4,Sunday
2022-12-11,Colombia,51500000,483.0,1.0,5.0,1.0,379807.0,0.13,78.43,70.72,49.15,0.94,0.002,38.82,None,Omicron (BA.5),2022,12,December,4,Sunday
2022-12-18,Colombia,51500000,154.0,0.0,2.0,0.0,370022.0,0.04,78.43,70.72,49.84,0.3,0.0,46.18,None,Omicron (BA.5),2022,12,December,4,Sunday
2022-12-25,Colombia,51500000,154.0,0.0,2.0,0.0,356647.0,0.04,78.43,70.72,49.84,0.3,0.0,46.89,None,Omicron (BA.5),2022,12,December,4,Sunday
2021-01-03,Czechia,10700000,1910.0,20.0,92.0,25.0,255681.0,0.75,17.61,11.39,0.0,17.85,0.187,60.38,Low,Alpha,2021,1,January,1,Sunday
2021-01-10,Czechia,10700000,2116.0,,101.0,16.0,208021.0,1.02,19.18,12.61,0.04,19.77,0.159,61.93,Low,Alpha,2021,1,January,1,Sunday
2021-01-17,Czechia,10700000,2474.0,20.0,117.0,30.0,218744.0,1.13,20.9,13.94,0.12,23.12,0.187,64.74,Low,Alpha,2021,1,January,1,Sunday
2021-01-24,Czechia,10700000,2476.0,19.0,116.0,23.0,249824.0,0.99,22.68,14.7,0.12,23.14,0.178,61.26,Moderate,Alpha,2021,1,January,1,Sunday
2021-01-31,Czechia,10700000,3120.0,28.0,145.0,32.0,261552.0,1.19,24.65,16.34,0.12,29.16,0.262,62.52,Moderate,Alpha,2021,1,January,1,Sunday
2021-02-07,Czechia,10700000,2783.0,22.0,129.0,27.0,245857.0,1.13,26.03,17.53,0.59,26.01,0.206,62.89,Moderate,Alpha,2021,2,February,1,Sunday
2021-02-14,Czechia,10700000,3621.0,32.0,166.0,45.0,259266.0,1.4,28.56,18.97,0.59,33.84,0.299,72.84,Moderate,Alpha,2021,2,February,1,Sunday
2021-02-21,Czechia,10700000,3100.0,22.0,141.0,32.0,240798.0,1.29,30.01,20.08,0.59,28.98,0.206,64.51,High,Alpha,2021,2,February,1,Sunday
2021-02-28,Czechia,10700000,3338.0,28.0,150.0,42.0,270504.0,1.23,31.73,21.76,0.6,31.19,0.262,67.2,Moderate,Alpha,2021,2,February,1,Sunday
2021-03-07,Czechia,10700000,2733.0,25.0,122.0,25.0,231335.0,1.18,35.29,23.45,0.6,25.54,0.234,60.68,Moderate,Alpha,2021,3,March,1,Sunday
2021-03-14,Czechia,10700000,2532.0,22.0,112.0,27.0,253628.0,1.0,36.58,25.24,0.72,23.67,0.206,66.32,Moderate,Alpha,2021,3,March,1,Sunday
2021-03-21,Czechia,10700000,1958.0,15.0,86.0,26.0,223451.0,0.88,38.89,26.6,0.72,18.3,0.14,59.54,Moderate,Alpha,2021,3,March,1,Sunday
2021-03-28,Czechia,10700000,1239.0,9.0,54.0,12.0,211530.0,0.59,40.63,28.2,0.72,11.58,0.084,55.87,Low,Alpha,2021,3,March,1,Sunday
2021-04-04,Czechia,10700000,930.0,7.0,40.0,10.0,233011.0,0.4,43.19,29.73,0.72,8.69,0.065,55.23,Low,Alpha,2021,4,April,2,Sunday
2021-04-11,Czechia,10700000,906.0,7.0,38.0,10.0,228017.0,0.4,45.49,32.4,0.72,8.46,0.065,61.64,Low,Alpha,2021,4,April,2,Sunday
2021-04-18,Czechia,10700000,649.0,4.0,27.0,8.0,189927.0,0.34,47.56,34.28,0.72,6.06,0.037,55.34,Low,Alpha,2021,4,April,2,Sunday
2021-04-25,Czechia,10700000,298.0,2.0,12.0,3.0,185038.0,0.16,49.12,35.22,0.72,2.78,0.019,52.3,None,Alpha,2021,4,April,2,Sunday
2021-05-02,Czechia,10700000,545.0,4.0,22.0,6.0,216896.0,0.25,51.29,37.67,0.72,5.1,0.037,46.51,None,Alpha,2021,5,May,2,Sunday
2021-05-09,Czechia,10700000,1249.0,8.0,50.0,15.0,194001.0,0.64,53.39,39.34,0.72,11.67,0.075,59.98,None,Alpha,2021,5,May,2,Sunday
2021-05-16,Czechia,10700000,646.0,4.0,25.0,8.0,230330.0,0.28,55.12,41.6,0.72,6.04,0.037,52.29,Low,Alpha,2021,5,May,2,Sunday
2021-05-23,Czechia,10700000,1163.0,7.0,45.0,14.0,219666.0,0.53,56.77,42.92,0.9,10.87,0.065,53.95,None,Alpha,2021,5,May,2,Sunday
2021-05-30,Czechia,10700000,449.0,3.0,17.0,3.0,192789.0,0.23,58.55,44.86,0.9,4.2,0.028,51.3,Low,Alpha,2021,5,May,2,Sunday
2021-06-06,Czechia,10700000,1338.0,8.0,51.0,14.0,221214.0,0.6,59.79,46.23,0.9,12.5,0.075,60.36,None,Alpha,2021,6,June,2,Sunday
2021-06-13,Czechia,10700000,2009.0,18.0,87.0,18.0,260902.0,0.77,61.65,47.75,0.9,18.77,0.168,60.29,Low,Delta,2021,6,June,2,Sunday
2021-06-20,Czechia,10700000,2120.0,17.0,91.0,20.0,197133.0,1.08,62.45,49.73,1.19,19.81,0.159,57.0,Low,Delta,2021,6,June,2,Sunday
2021-06-27,Czechia,10700000,2110.0,17.0,89.0,23.0,256931.0,0.82,63.96,51.3,1.44,19.72,0.159,60.09,Moderate,Delta,2021,6,June,2,Sunday
2021-07-04,Czechia,10700000,2836.0,24.0,119.0,21.0,277024.0,1.02,65.1,52.01,1.58,26.5,0.224,61.61,Low,Delta,2021,7,July,3,Sunday
2021-07-11,Czechia,10700000,3616.0,26.0,149.0,40.0,262520.0,1.38,65.43,54.07,1.58,33.79,0.243,67.67,Moderate,Delta,2021,7,July,3,Sunday
2021-07-18,Czechia,10700000,4089.0,34.0,168.0,34.0,277897.0,1.47,67.01,54.69,1.79,38.22,0.318,67.76,High,Delta,2021,7,July,3,Sunday
2021-07-25,Czechia,10700000,4320.0,29.0,177.0,51.0,287510.0,1.5,67.56,55.48,1.79,40.38,0.271,65.72,High,Delta,2021,7,July,3,Sunday
2021-08-01,Czechia,10700000,4092.0,32.0,165.0,35.0,295965.0,1.38,68.25,57.3,2.09,38.25,0.299,68.21,High,Delta,2021,8,August,3,Sunday
2021-08-08,Czechia,10700000,4389.0,36.0,175.0,28.0,269179.0,1.63,69.16,58.49,2.28,41.02,0.336,69.3,High,Delta,2021,8,August,3,Sunday
2021-08-15,Czechia,10700000,4460.0,29.0,177.0,45.0,287034.0,1.55,70.0,58.86,2.28,41.68,0.271,66.51,High,Delta,2021,8,August,3,Sunday
2021-08-22,Czechia,10700000,4747.0,35.0,188.0,52.0,291120.0,1.63,70.09,59.63,2.28,44.36,0.327,65.88,High,Delta,2021,8,August,3,Sunday
2021-08-29,Czechia,10700000,4896.0,36.0,192.0,49.0,312736.0,1.57,71.11,60.91,3.22,45.75,0.336,71.89,High,Delta,2021,8,August,3,Sunday
2021-09-05,Czechia,10700000,4428.0,28.0,172.0,49.0,348044.0,1.27,71.54,61.65,3.22,41.38,0.262,68.43,Lockdown,Delta,2021,9,September,3,Sunday
2021-09-12,Czechia,10700000,4433.0,31.0,171.0,49.0,269961.0,1.64,72.36,62.97,3.68,41.43,0.29,68.49,High,Delta,2021,9,September,3,Sunday
2021-09-19,Czechia,10700000,4111.0,26.0,158.0,25.0,281713.0,1.46,72.36,63.22,3.68,38.42,0.243,69.56,High,Delta,2021,9,September,3,Sunday
2021-09-26,Czechia,10700000,4157.0,30.0,158.0,24.0,263837.0,1.58,73.18,64.04,3.89,38.85,0.28,62.85,High,Delta,2021,9,September,3,Sunday
2021-10-03,Czechia,10700000,3493.0,24.0,133.0,25.0,256384.0,1.36,73.27,64.44,3.97,32.64,0.224,,High,Delta,2021,10,October,4,Sunday
2021-10-10,Czechia,10700000,3629.0,23.0,137.0,26.0,246487.0,1.47,73.44,65.36,4.97,33.91,0.215,67.19,High,Delta,2021,10,October,4,Sunday
2021-10-17,Czechia,10700000,3342.0,24.0,126.0,31.0,231335.0,1.44,74.1,65.36,5.02,31.23,0.224,63.95,High,Delta,2021,10,October,4,Sunday
2021-10-24,Czechia,10700000,3717.0,,140.0,26.0,297290.0,1.25,74.53,65.76,5.5,34.74,0.243,62.3,Moderate,Delta,2021,10,October,4,Sunday
2021-10-31,Czechia,10700000,4559.0,27.0,171.0,36.0,297711.0,1.53,74.53,65.76,6.76,42.6,0.252,67.38,High,Delta,2021,10,October,4,Sunday
2021-11-07,Czechia,10700000,4722.0,26.0,176.0,40.0,295107.0,1.6,74.53,66.77,6.9,44.13,0.243,68.42,High,Delta,2021,11,November,4,Sunday
2021-11-14,Czechia,10700000,4849.0,29.0,180.0,45.0,274966.0,1.76,74.66,67.18,7.48,45.32,0.271,66.01,High,Delta,2021,11,November,4,Sunday
2021-11-21,Czechia,10700000,5710.0,41.0,211.0,67.0,312038.0,1.83,74.66,67.4,7.54,53.36,0.383,74.07,Lockdown,Delta,2021,11,November,4,Sunday
2021-11-28,Czechia,10700000,5489.0,34.0,203.0,54.0,280619.0,1.96,74.66,67.4,8.0,51.29,0.318,72.33,High,Delta,2021,11,November,4,Sunday
2021-12-05,Czechia,10700000,6828.0,40.0,253.0,49.0,336943.0,2.03,75.35,67.4,9.55,63.81,0.374,75.85,Lockdown,Delta,2021,12,December,4,Sunday
2021-12-12,Czechia,10700000,6214.0,12.0,110.0,23.0,333318.0,1.86,75.35,67.84,9.55,58.08,0.112,65.22,High,Omicron,2021,12,December,4,Sunday
2021-12-19,Czechia,10700000,7251.0,14.0,128.0,20.0,331632.0,2.19,75.35,67.86,10.65,67.77,0.131,63.31,High,Omicron,2021,12,December,4,Sunday
2021-12-26,Czechia,10700000,7553.0,14.0,132.0,29.0,331722.0,2.28,76.19,68.52,11.39,70.59,0.131,68.72,Lockdown,Omicron,2021,12,December,4,Sunday
2022-01-02,Czechia,10700000,7185.0,14.0,126.0,32.0,331677.0,2.17,76.19,68.52,12.24,67.15,0.131,63.73,High,Omicron,2022,1,January,1,Sunday
2022-01-09,Czechia,10700000,7101.0,13.0,125.0,39.0,365887.0,1.94,76.19,68.52,13.31,66.37,0.121,61.92,Lockdown,Omicron,2022,1,January,1,Sunday
2022-01-16,Czechia,10700000,6385.0,12.0,111.0,22.0,333577.0,1.91,76.19,69.34,14.1,59.68,0.112,60.55,Lockdown,Omicron,2022,1,January,1,Sunday
2022-01-23,Czechia,10700000,5789.0,12.0,101.0,19.0,275042.0,2.1,76.19,69.34,15.06,54.11,0.112,62.06,Lockdown,Omicron,2022,1,January,1,Sunday
2022-01-30,Czechia,10700000,5340.0,11.0,93.0,14.0,323785.0,1.65,76.19,69.34,16.56,49.91,0.103,58.34,High,Omicron,2022,1,January,1,Sunday
2022-02-06,Czechia,10700000,4228.0,9.0,74.0,18.0,294724.0,1.43,76.19,69.34,17.89,39.52,0.084,59.42,Lockdown,Omicron,2022,2,February,1,Sunday
2022-02-13,Czechia,10700000,3636.0,6.0,63.0,20.0,273907.0,1.33,76.19,69.34,18.18,33.98,0.056,56.93,High,Omicron,2022,2,February,1,Sunday
2022-02-20,Czechia,10700000,2301.0,5.0,40.0,9.0,273280.0,0.84,76.32,69.5,19.92,21.5,0.047,54.51,High,Omicron,2022,2,February,1,Sunday
2022-02-27,Czechia,10700000,2235.0,4.0,39.0,9.0,240557.0,0.93,76.32,69.7,21.21,20.89,0.037,55.36,Moderate,Omicron,2022,2,February,1,Sunday
2022-03-06,Czechia,10700000,1287.0,3.0,22.0,4.0,227531.0,0.57,76.32,69.7,22.39,12.03,0.028,56.23,Moderate,Omicron,2022,3,March,1,Sunday
2022-03-13,Czechia,10700000,1730.0,4.0,30.0,7.0,237980.0,0.73,76.32,69.7,23.41,16.17,0.037,53.18,Low,Omicron,2022,3,March,1,Sunday
2022-03-20,Czechia,10700000,910.0,2.0,16.0,3.0,226818.0,0.4,76.32,69.7,24.53,8.51,0.019,53.56,Low,Omicron,2022,3,March,1,Sunday
2022-03-27,Czechia,10700000,879.0,1.0,15.0,2.0,207509.0,0.42,76.32,69.7,26.19,8.21,0.009,,Low,Omicron,2022,3,March,1,Sunday
2022-04-03,Czechia,10700000,1222.0,2.0,21.0,6.0,207301.0,0.59,76.32,69.85,27.3,11.43,0.019,50.59,None,Omicron,2022,4,April,2,Sunday
2022-04-10,Czechia,10700000,966.0,2.0,17.0,3.0,229723.0,0.42,76.32,69.85,27.88,9.03,0.019,54.51,Low,Omicron,2022,4,April,2,Sunday
2022-04-17,Czechia,10700000,1448.0,3.0,25.0,4.0,239823.0,0.6,76.32,69.85,29.61,13.53,0.028,56.06,Low,Omicron,2022,4,April,2,Sunday
2022-04-24,Czechia,10700000,1344.0,3.0,23.0,4.0,243714.0,0.55,76.54,69.85,30.91,12.56,0.028,56.24,Low,Omicron,2022,4,April,2,Sunday
2022-05-01,Czechia,10700000,1023.0,2.0,18.0,3.0,221474.0,0.46,76.54,69.85,31.76,9.57,0.019,50.53,Low,Omicron,2022,5,May,2,Sunday
2022-05-08,Czechia,10700000,1984.0,4.0,34.0,9.0,203801.0,0.97,76.54,70.14,33.18,18.55,0.037,52.35,Low,Omicron,2022,5,May,2,Sunday
2022-05-15,Czechia,10700000,2380.0,5.0,41.0,8.0,246372.0,0.97,76.54,70.14,34.54,22.25,0.047,55.53,Low,Omicron,2022,5,May,2,Sunday
2022-05-22,Czechia,10700000,2707.0,6.0,47.0,12.0,250795.0,1.08,76.54,70.14,35.25,25.3,0.056,56.01,Moderate,Omicron,2022,5,May,2,Sunday
2022-05-29,Czechia,10700000,2971.0,6.0,51.0,12.0,280893.0,1.06,76.54,70.14,36.64,27.77,0.056,56.75,Moderate,Omicron,2022,5,May,2,Sunday
2022-06-05,Czechia,10700000,3069.0,5.0,53.0,11.0,279645.0,1.1,76.54,70.14,37.31,28.68,0.047,56.01,Moderate,Omicron,2022,6,June,2,Sunday
2022-06-12,Czechia,10700000,2776.0,5.0,48.0,9.0,263918.0,1.05,76.54,70.14,38.22,25.94,0.047,56.85,Moderate,Omicron,2022,6,June,2,Sunday
2022-06-19,Czechia,10700000,3604.0,6.0,62.0,16.0,224543.0,1.61,76.54,70.14,39.72,33.68,0.056,51.44,Moderate,Omicron,2022,6,June,2,Sunday
2022-06-26,Czechia,10700000,3702.0,8.0,64.0,15.0,253355.0,1.46,76.54,70.22,40.79,34.59,0.075,59.68,High,Omicron,2022,6,June,2,Sunday
2022-07-03,Czechia,10700000,2794.0,6.0,48.0,13.0,244632.0,1.14,76.54,70.22,40.94,26.11,0.056,60.07,High,Omicron,2022,7,July,3,Sunday
2022-07-10,Czechia,10700000,3203.0,5.0,45.0,11.0,253540.0,1.26,76.54,70.22,42.39,29.93,0.047,54.7,Moderate,Omicron (BA.5),2022,7,July,3,Sunday
2022-07-17,Czechia,10700000,2942.0,5.0,42.0,12.0,258527.0,1.14,76.54,70.22,42.87,27.5,0.047,56.28,Moderate,Omicron (BA.5),2022,7,July,3,Sunday
2022-07-24,Czechia,10700000,2796.0,4.0,40.0,10.0,281859.0,0.99,76.54,70.22,42.93,26.13,0.037,59.77,Moderate,Omicron (BA.5),2022,7,July,3,Sunday
2022-07-31,Czechia,10700000,2331.0,3.0,33.0,10.0,257236.0,0.91,76.54,70.22,43.84,21.79,0.028,54.93,Moderate,Omicron (BA.5),2022,7,July,3,Sunday
2022-08-07,Czechia,10700000,2257.0,3.0,32.0,8.0,222873.0,1.01,76.54,70.38,45.09,21.09,0.028,55.51,Moderate,Omicron (BA.5),2022,8,August,3,Sunday
2022-08-14,Czechia,10700000,2095.0,3.0,30.0,9.0,221390.0,0.95,76.54,70.38,45.09,19.58,0.028,59.14,Moderate,Omicron (BA.5),2022,8,August,3,Sunday
2022-08-21,Czechia,10700000,1832.0,2.0,26.0,8.0,214515.0,0.85,76.54,70.38,45.86,17.13,0.019,59.22,Low,Omicron (BA.5),2022,8,August,3,Sunday
2022-08-28,Czechia,10700000,1514.0,2.0,21.0,4.0,222674.0,0.68,76.54,70.43,46.54,14.15,0.019,50.96,Low,Omicron (BA.5),2022,8,August,3,Sunday
2022-09-04,Czechia,10700000,1257.0,2.0,18.0,5.0,233440.0,0.54,76.54,70.43,47.18,11.75,0.019,52.28,Low,Omicron (BA.5),2022,9,September,3,Sunday
2022-09-11,Czechia,10700000,1050.0,2.0,15.0,3.0,231476.0,0.45,76.54,70.43,47.54,9.81,0.019,55.23,Low,Omicron (BA.5),2022,9,September,3,Sunday
2022-09-18,Czechia,10700000,624.0,1.0,9.0,3.0,199671.0,0.31,76.54,70.43,48.37,5.84,0.009,53.62,Low,Omicron (BA.5),2022,9,September,3,Sunday
2022-09-25,Czechia,10700000,799.0,1.0,11.0,2.0,209067.0,0.38,76.54,70.43,48.37,7.46,0.009,54.35,None,Omicron (BA.5),2022,9,September,3,Sunday
2022-10-02,Czechia,10700000,575.0,1.0,8.0,2.0,232258.0,0.25,76.54,70.43,48.65,5.38,0.009,45.73,None,Omicron (BA.5),2022,10,October,4,Sunday
2022-10-09,Czechia,10700000,361.0,,5.0,1.0,176482.0,,76.54,70.43,49.08,3.37,0.009,47.09,None,Omicron (BA.5),2022,10,October,4,Sunday
2022-10-16,Czechia,10700000,228.0,0.0,3.0,1.0,207517.0,0.11,76.54,70.43,49.46,2.13,0.0,56.23,None,Omicron (BA.5),2022,10,October,4,Sunday
2022-10-23,Czechia,10700000,32.0,0.0,0.0,0.0,201476.0,0.02,76.54,70.43,49.83,0.3,0.0,53.39,None,Omicron (BA.5),2022,10,October,4,Sunday
2022-10-30,Czechia,10700000,32.0,0.0,0.0,0.0,188695.0,0.02,76.54,70.43,49.83,0.3,0.0,52.34,None,Omicron (BA.5),2022,10,October,4,Sunday
2022-11-06,Czechia,10700000,32.0,0.0,0.0,0.0,192997.0,0.02,76.54,70.43,50.2,0.3,0.0,48.35,None,Omicron (BA.5),2022,11,November,4,Sunday
2022-11-13,Czechia,10700000,327.0,0.0,5.0,1.0,206262.0,0.16,76.54,70.62,50.2,3.06,0.0,50.93,None,Omicron (BA.5),2022,11,November,4,Sunday
2022-11-20,Czechia,10700000,32.0,0.0,0.0,0.0,188728.0,0.02,76.54,70.62,50.38,0.3,0.0,52.88,None,Omicron (BA.5),2022,11,November,4,Sunday
2022-11-27,Czechia,10700000,32.0,0.0,0.0,0.0,183423.0,0.02,76.54,70.62,50.73,0.3,0.0,48.0,None,Omicron (BA.5),2022,11,November,4,Sunday
2022-12-04,Czechia,10700000,32.0,0.0,0.0,0.0,182259.0,0.02,76.54,70.62,51.04,0.3,0.0,49.69,None,Omicron (BA.5),2022,12,December,4,Sunday
2022-12-11,Czechia,10700000,32.0,0.0,0.0,0.0,,0.01,76.54,70.62,51.07,0.3,0.0,52.4,None,Omicron (BA.5),2022,12,December,4,Sunday
2022-12-18,Czechia,10700000,32.0,0.0,0.0,0.0,186474.0,0.02,76.54,70.62,51.07,0.3,0.0,52.93,None,Omicron (BA.5),2022,12,December,4,Sunday
2022-12-25,Czechia,10700000,63.0,0.0,1.0,0.0,197060.0,0.03,76.54,70.62,51.13,0.59,0.0,50.25,None,Omicron (BA.5),2022,12,December,4,Sunday
2021-01-03,Egypt,104300000,10234.0,141.0,502.0,84.0,455541.0,2.25,13.22,8.74,0.18,9.81,0.135,54.31,None,Alpha,2021,1,January,1,Sunday
10 Jan 2021,Egypt,104300000,15936.0,204.0,777.0,166.0,391040.0,4.08,13.41,9.84,0.18,15.28,0.196,61.43,None,Alpha,2021,1,January,1,Sunday
2021-01-17,Egypt,104300000,31994.0,396.0,1556.0,399.0,455549.0,7.02,14.59,10.23,0.18,30.68,0.38,62.92,Low,Alpha,2021,1,January,1,Sunday
2021-01-24,Egypt,104300000,32150.0,423.0,1560.0,441.0,434264.0,7.4,14.59,10.61,0.54,30.82,0.406,59.64,Moderate,Alpha,2021,1,January,1,Sunday
2021-01-31,Egypt,104300000,40941.0,447.0,1981.0,370.0,478031.0,8.56,16.57,11.09,0.54,39.25,0.429,64.14,Moderate,Alpha,2021,1,January,1,Sunday
2021-02-07,Egypt,104300000,46161.0,570.0,2229.0,587.0,490642.0,9.41,16.57,11.47,0.54,44.26,0.547,60.16,Moderate,Alpha,2021,2,February,1,Sunday
2021-02-14,Egypt,104300000,50546.0,580.0,2439.0,634.0,550495.0,9.18,17.64,11.62,0.54,48.46,0.556,60.99,Moderate,Alpha,2021,2,February,1,Sunday
2021-02-21,Egypt,104300000,52381.0,663.0,2515.0,745.0,479682.0,10.92,18.56,12.45,0.54,50.22,0.636,65.48,High,Alpha,2021,2,February,1,Sunday
2021-02-28,Egypt,104300000,52528.0,527.0,2510.0,510.0,408598.0,12.86,19.04,13.27,0.73,50.36,0.505,66.37,High,Alpha,2021,2,February,1,Sunday
2021-03-07,Egypt,104300000,43534.0,496.0,2073.0,575.0,429358.0,10.14,20.34,13.87,0.73,41.74,0.476,65.32,High,Alpha,2021,3,March,1,Sunday
2021-03-14,Egypt,104300000,44518.0,538.0,2107.0,585.0,454493.0,9.8,21.29,14.88,0.98,42.68,0.516,61.38,Moderate,Alpha,2021,3,March,1,Sunday
2021-03-21,Egypt,104300000,32388.0,367.0,1525.0,291.0,438338.0,7.39,21.75,15.71,0.98,31.05,0.352,59.57,Moderate,Alpha,2021,3,March,1,Sunday
2021-03-28,Egypt,104300000,33990.0,358.0,1597.0,408.0,473906.0,7.17,22.71,16.12,0.98,32.59,0.343,59.94,Moderate,Alpha,2021,3,March,1,Sunday
2021-04-04,Egypt,104300000,19736.0,221.0,921.0,244.0,391548.0,5.04,23.9,17.29,0.98,18.92,0.212,54.9,Moderate,Alpha,2021,4,April,2,Sunday
2021-04-11,Egypt,104300000,16183.0,202.0,755.0,148.0,378416.0,4.28,24.83,17.35,0.98,15.52,0.194,53.99,Low,Alpha,2021,4,April,2,Sunday
2021-04-18,Egypt,104300000,15630.0,160.0,725.0,164.0,386480.0,4.04,26.27,18.27,0.98,14.99,0.153,51.84,Low,Alpha,2021,4,April,2,Sunday
2021-04-25,Egypt,104300000,8020.0,86.0,370.0,83.0,361617.0,2.22,27.05,19.04,0.98,7.69,0.082,52.41,Low,Alpha,2021,4,April,2,Sunday
2021-05-02,Egypt,104300000,9136.0,116.0,419.0,118.0,382309.0,2.39,27.81,20.13,0.98,8.76,0.111,52.51,None,Alpha,2021,5,May,2,Sunday
2021-05-09,Egypt,104300000,6879.0,85.0,314.0,47.0,375158.0,1.83,29.0,20.59,0.98,6.59,0.081,50.25,None,Alpha,2021,5,May,2,Sunday
2021-05-16,Egypt,104300000,7299.0,69.0,332.0,78.0,416896.0,1.75,29.19,21.36,0.98,7.0,0.066,53.13,None,Alpha,2021,5,May,2,Sunday
2021-05-23,Egypt,104300000,11180.0,123.0,508.0,92.0,373449.0,2.99,30.6,21.59,0.98,10.72,0.118,55.16,None,Alpha,2021,5,May,2,Sunday
2021-05-30,Egypt,104300000,13771.0,129.0,622.0,162.0,400722.0,3.44,31.84,22.59,0.98,13.2,0.124,55.01,None,Alpha,2021,5,May,2,Sunday
2021-06-06,Egypt,104300000,16683.0,261.0,859.0,228.0,402028.0,4.15,33.05,23.96,0.98,15.99,0.25,52.23,Low,Delta,2021,6,June,2,Sunday
2021-06-13,Egypt,104300000,17410.0,237.0,896.0,211.0,449641.0,3.87,33.72,23.96,0.98,16.69,0.227,55.32,Low,Delta,2021,6,June,2,Sunday
2021-06-20,Egypt,104300000,25267.0,337.0,1287.0,312.0,437975.0,5.77,35.03,25.57,0.98,24.23,0.323,55.29,Low,Delta,2021,6,June,2,Sunday
2021-06-27,Egypt,104300000,26884.0,341.0,1365.0,278.0,485438.0,5.54,35.77,26.09,0.98,25.78,0.327,58.31,Low,Delta,2021,6,June,2,Sunday
2021-07-04,Egypt,104300000,34679.0,479.0,1756.0,357.0,425551.0,8.15,36.26,26.47,1.32,33.25,0.459,58.29,Low,Delta,2021,7,July,3,Sunday
2021-07-11,Egypt,104300000,41739.0,502.0,2104.0,582.0,485831.0,8.59,37.24,27.2,1.32,40.02,0.481,65.98,Moderate,Delta,2021,7,July,3,Sunday
2021-07-18,Egypt,104300000,49649.0,717.0,2477.0,427.0,485585.0,10.22,38.26,28.76,1.32,47.6,0.687,67.12,Moderate,Delta,2021,7,July,3,Sunday
2021-07-25,Egypt,104300000,51191.0,673.0,2545.0,716.0,462850.0,11.06,38.83,29.35,1.32,49.08,0.645,68.48,Moderate,Delta,2021,7,July,3,Sunday
2021-08-01,Egypt,104300000,59397.0,796.0,2947.0,770.0,532369.0,,40.23,29.61,1.32,56.95,0.763,70.8,High,Delta,2021,8,August,3,Sunday
2021-08-08,Egypt,104300000,64951.0,934.0,3206.0,963.0,626475.0,10.37,40.23,30.4,1.66,62.27,0.895,69.14,High,Delta,2021,8,August,3,Sunday
2021-08-15,Egypt,104300000,65675.0,772.0,3232.0,,514471.0,12.77,41.4,30.86,1.66,62.97,0.74,68.92,High,Delta,2021,8,August,3,Sunday
2021-08-22,Egypt,104300000,67356.0,783.0,3295.0,778.0,550993.0,12.22,42.25,31.77,1.66,64.58,0.751,74.74,High,Delta,2021,8,August,3,Sunday
2021-08-29,Egypt,104300000,70254.0,879.0,3427.0,537.0,505208.0,13.91,42.64,32.19,1.74,67.36,0.843,70.82,High,Delta,2021,8,August,3,Sunday
2021-09-05,Egypt,104300000,62721.0,866.0,3043.0,928.0,480671.0,13.05,43.24,33.02,1.74,60.13,0.83,65.39,High,Delta,2021,9,September,3,Sunday
2021-09-12,Egypt,104300000,73351.0,799.0,3530.0,935.0,536720.0,13.67,44.03,34.22,1.74,70.33,0.766,74.41,High,Delta,2021,9,September,3,Sunday
2021-09-19,Egypt,104300000,66443.0,908.0,3196.0,818.0,534263.0,12.44,44.91,34.26,1.74,63.7,0.871,70.12,Lockdown,Delta,2021,9,September,3,Sunday
2021-09-26,Egypt,104300000,52260.0,654.0,2509.0,689.0,499316.0,10.47,45.11,34.57,1.74,50.11,0.627,69.13,High,Delta,2021,9,September,3,Sunday
10-03-2021,Egypt,104300000,66961.0,850.0,3204.0,635.0,545559.0,12.27,45.5,35.05,1.74,64.2,0.815,70.41,High,Delta,2021,10,October,4,Sunday
2021-10-10,Egypt,104300000,65087.0,818.0,3093.0,781.0,477964.0,13.62,46.7,36.05,1.74,62.4,0.784,69.05,High,Delta,2021,10,October,4,Sunday
2021-10-17,Egypt,104300000,53817.0,574.0,2553.0,731.0,494198.0,10.89,46.99,36.32,1.74,51.6,0.55,69.47,High,Delta,2021,10,October,4,Sunday
2021-10-24,Egypt,104300000,50607.0,571.0,2387.0,395.0,532151.0,9.51,47.66,37.14,2.22,48.52,0.547,60.74,High,Delta,2021,10,October,4,Sunday
2021-10-31,Egypt,104300000,56865.0,746.0,2682.0,839.0,471026.0,12.07,48.05,37.14,2.22,54.52,0.715,65.01,High,Delta,2021,10,October,4,Sunday
2021-11-07,Egypt,104300000,54720.0,642.0,2561.0,772.0,507828.0,,48.91,38.25,2.26,52.46,0.616,63.48,High,Delta,2021,11,November,4,Sunday
2021-11-14,Egypt,104300000,76310.0,936.0,3572.0,1121.0,594361.0,12.84,49.01,38.25,2.26,73.16,0.897,66.67,High,Delta,2021,11,November,4,Sunday
2021-11-21,Egypt,104300000,72574.0,984.0,3380.0,971.0,534989.0,,49.01,38.95,2.6,69.58,0.943,73.11,High,Delta,2021,11,November,4,Sunday
2021-11-28,Egypt,104300000,87608.0,902.0,4072.0,815.0,627844.0,13.95,49.58,39.25,2.89,84.0,0.865,73.96,High,Delta,2021,11,November,4,Sunday
2021-12-05,Egypt,104300000,87709.0,314.0,1936.0,482.0,537016.0,16.33,49.62,40.27,2.89,84.09,0.301,63.97,Lockdown,Omicron,2021,12,December,4,Sunday
2021-12-12,Egypt,104300000,98750.0,343.0,2179.0,371.0,686689.0,14.38,49.98,40.27,2.89,94.68,0.329,64.23,Lockdown,Omicron,2021,12,December,4,Sunday
2021-12-19,Egypt,104300000,112258.0,356.0,2463.0,685.0,697281.0,16.1,50.0,41.09,2.89,107.63,0.341,66.59,Lockdown,Omicron,2021,12,December,4,Sunday
2021-12-26,Egypt,104300000,104616.0,427.0,2295.0,404.0,659825.0,15.86,50.63,41.09,3.4,100.3,0.409,62.86,Lockdown,Omicron,2021,12,December,4,Sunday
2022-01-02,Egypt,104300000,109117.0,444.0,2385.0,709.0,729208.0,14.96,51.16,41.61,3.79,104.62,0.426,62.67,Lockdown,Omicron,2022,1,January,1,Sunday
2022-01-09,Egypt,104300000,116319.0,393.0,2543.0,485.0,670243.0,17.35,51.23,41.61,3.79,111.52,0.377,65.81,High,Omicron,2022,1,January,1,Sunday
2022-01-16,Egypt,104300000,98563.0,399.0,2150.0,381.0,608951.0,16.19,51.23,41.91,3.79,94.5,0.383,65.37,Lockdown,Omicron,2022,1,January,1,Sunday
2022-01-23,Egypt,104300000,87119.0,266.0,1893.0,307.0,676793.0,12.87,51.27,42.45,3.79,83.53,0.255,61.31,High,Omicron,2022,1,January,1,Sunday
2022-01-30,Egypt,104300000,76208.0,308.0,1654.0,448.0,665962.0,11.44,52.57,42.63,3.91,73.07,0.295,58.15,Lockdown,Omicron,2022,1,January,1,Sunday
2022-02-06,Egypt,104300000,74807.0,291.0,1622.0,295.0,544719.0,13.73,52.57,42.77,4.15,71.72,0.279,56.71,Lockdown,Omicron,2022,2,February,1,Sunday
2022-02-13,Egypt,104300000,60435.0,195.0,1310.0,241.0,533156.0,11.34,52.57,42.77,4.68,57.94,0.187,58.22,High,Omicron,2022,2,February,1,Sunday
2022-02-20,Egypt,104300000,51614.0,,1117.0,200.0,557323.0,9.26,52.65,43.04,4.81,49.49,0.179,55.1,High,Omicron,2022,2,February,1,Sunday
27/02/2022,Egypt,104300000,40775.0,155.0,878.0,177.0,482134.0,8.46,53.33,43.64,5.27,39.09,0.149,54.78,High,Omicron,2022,2,February,1,Sunday
2022-03-06,Egypt,104300000,30942.0,102.0,665.0,206.0,480536.0,6.44,53.33,43.91,5.35,29.67,0.098,53.0,Moderate,Omicron,2022,3,March,1,Sunday
2022-03-13,Egypt,104300000,18114.0,60.0,389.0,91.0,450691.0,4.02,53.33,43.91,5.35,17.37,0.058,50.72,Low,Omicron,2022,3,March,1,Sunday
2022-03-20,Egypt,104300000,22260.0,81.0,479.0,93.0,415776.0,5.35,53.91,43.91,5.64,21.34,0.078,53.14,Low,Omicron,2022,3,March,1,Sunday
2022-03-27,Egypt,104300000,18727.0,58.0,403.0,72.0,440140.0,4.25,53.91,43.91,5.92,17.95,0.056,53.31,Low,Omicron,2022,3,March,1,Sunday
2022-04-03,Egypt,104300000,19230.0,59.0,412.0,63.0,426997.0,4.5,53.91,44.47,6.34,18.44,0.057,56.89,Low,Omicron,2022,4,April,2,Sunday
2022-04-10,Egypt,104300000,19301.0,62.0,413.0,88.0,385792.0,5.0,53.91,44.47,7.25,18.5,0.059,53.88,Low,Omicron,2022,4,April,2,Sunday
2022-04-17,Egypt,104300000,13583.0,50.0,290.0,49.0,379399.0,3.58,53.91,44.76,7.63,13.02,0.048,55.18,Low,Omicron,2022,4,April,2,Sunday
2022-04-24,Egypt,104300000,20753.0,69.0,443.0,68.0,408794.0,5.08,53.91,44.82,7.64,19.9,0.066,50.13,Low,Omicron,2022,4,April,2,Sunday
2022-05-01,Egypt,104300000,24509.0,85.0,524.0,88.0,474198.0,5.17,53.91,44.82,7.78,23.5,0.081,48.69,Low,Omicron,2022,5,May,2,Sunday
2022-05-08,Egypt,104300000,28886.0,90.0,615.0,126.0,488038.0,5.92,53.91,45.37,7.78,27.7,0.086,53.24,Low,Omicron,2022,5,May,2,Sunday
2022-05-15,Egypt,104300000,29914.0,93.0,636.0,177.0,483303.0,6.19,54.27,45.37,8.56,28.68,0.089,55.55,Low,Omicron,2022,5,May,2,Sunday
2022-05-22,Egypt,104300000,28546.0,102.0,606.0,98.0,468194.0,6.1,54.27,45.62,8.65,27.37,0.098,54.97,Low,Omicron,2022,5,May,2,Sunday
2022-05-29,Egypt,104300000,37556.0,113.0,798.0,212.0,492243.0,7.63,54.27,45.62,9.78,36.01,0.108,57.47,Low,Omicron,2022,5,May,2,Sunday
2022-06-05,Egypt,104300000,42460.0,153.0,902.0,230.0,500572.0,8.48,54.27,45.62,9.78,40.71,0.147,48.77,Moderate,Omicron,2022,6,June,2,Sunday
2022-06-12,Egypt,104300000,49554.0,164.0,1050.0,315.0,525370.0,9.43,54.27,45.88,10.25,47.51,0.157,59.19,Moderate,Omicron,2022,6,June,2,Sunday
2022-06-19,Egypt,104300000,45429.0,163.0,963.0,175.0,516610.0,8.79,54.27,45.88,10.31,43.56,0.156,56.34,Moderate,Omicron,2022,6,June,2,Sunday
2022-06-26,Egypt,104300000,41209.0,136.0,873.0,249.0,431692.0,9.55,54.27,45.88,11.02,39.51,0.13,51.06,Moderate,Omicron,2022,6,June,2,Sunday
2022-07-03,Egypt,104300000,49652.0,150.0,861.0,256.0,476864.0,10.41,54.5,45.88,11.68,47.61,0.144,56.66,Moderate,Omicron (BA.5),2022,7,July,3,Sunday
2022-07-10,Egypt,104300000,49099.0,116.0,851.0,269.0,465779.0,10.54,54.57,45.88,12.25,47.08,0.111,55.21,Moderate,Omicron (BA.5),2022,7,July,3,Sunday
2022-07-17,Egypt,104300000,40966.0,124.0,707.0,203.0,528698.0,7.75,54.57,46.5,12.41,39.28,0.119,54.82,Moderate,Omicron (BA.5),2022,7,July,3,Sunday
2022-07-24,Egypt,104300000,44534.0,112.0,769.0,132.0,560817.0,7.94,54.57,46.5,13.14,42.7,0.107,56.76,Moderate,Omicron (BA.5),2022,7,July,3,Sunday
2022-07-31,Egypt,104300000,44409.0,104.0,767.0,239.0,409057.0,10.86,54.57,46.5,13.2,42.58,0.1,55.32,Moderate,Omicron (BA.5),2022,7,July,3,Sunday
2022-08-07,Egypt,104300000,36645.0,101.0,633.0,183.0,533400.0,6.87,54.57,46.5,13.98,35.13,0.097,49.71,Moderate,Omicron (BA.5),2022,8,August,3,Sunday
2022-08-14,Egypt,104300000,31920.0,79.0,551.0,103.0,464545.0,6.87,54.63,46.5,14.71,30.6,0.076,52.51,Moderate,Omicron (BA.5),2022,8,August,3,Sunday
2022-08-21,Egypt,104300000,24771.0,66.0,428.0,76.0,477934.0,5.18,55.04,46.5,15.02,23.75,0.063,,Moderate,Omicron (BA.5),2022,8,August,3,Sunday
2022-08-28,Egypt,104300000,25495.0,75.0,440.0,136.0,462055.0,5.52,55.04,46.5,15.28,24.44,0.072,53.78,Low,Omicron (BA.5),2022,8,August,3,Sunday
2022-09-04,Egypt,104300000,21039.0,62.0,363.0,64.0,481864.0,4.37,55.04,46.5,15.87,20.17,0.059,55.16,Low,Omicron (BA.5),2022,9,September,3,Sunday
2022-09-11,Egypt,104300000,15476.0,43.0,267.0,75.0,424109.0,3.65,55.04,46.5,16.79,14.84,0.041,47.95,Low,Omicron (BA.5),2022,9,September,3,Sunday
2022-09-18,Egypt,104300000,8191.0,25.0,141.0,31.0,,2.31,55.04,46.5,16.79,7.85,0.024,48.57,Low,Omicron (BA.5),2022,9,September,3,Sunday
2022-09-25,Egypt,104300000,14577.0,39.0,252.0,69.0,411186.0,3.55,55.04,46.5,17.25,13.98,0.037,48.75,None,Omicron (BA.5),2022,9,September,3,Sunday
2022-10-02,Egypt,104300000,10201.0,24.0,176.0,29.0,419543.0,2.43,55.04,46.5,18.24,9.78,0.023,49.34,Low,Omicron (BA.5),2022,10,October,4,Sunday
2022-10-09,Egypt,104300000,6285.0,19.0,108.0,30.0,385606.0,1.63,55.04,46.5,18.45,6.03,0.018,51.07,None,Omicron (BA.5),2022,10,October,4,Sunday
2022-10-16,Egypt,104300000,6155.0,15.0,106.0,25.0,412667.0,1.49,55.04,46.5,18.67,5.9,0.014,48.92,None,Omicron (BA.5),2022,10,October,4,Sunday
2022-10-23,Egypt,104300000,5137.0,13.0,89.0,27.0,387252.0,1.33,55.04,46.5,20.03,4.93,0.012,51.55,None,Omicron (BA.5),2022,10,October,4,Sunday
2022-10-30,Egypt,104300000,3180.0,8.0,55.0,10.0,365740.0,0.87,55.42,46.5,20.03,3.05,0.008,52.36,None,Omicron (BA.5),2022,10,October,4,Sunday
2022-11-06,Egypt,104300000,1339.0,3.0,23.0,4.0,346147.0,0.39,55.42,46.72,20.59,1.28,0.003,52.25,None,Omicron (BA.5),2022,11,November,4,Sunday
2022-11-13,Egypt,104300000,465.0,1.0,8.0,1.0,364921.0,0.13,55.42,46.72,20.97,0.45,0.001,46.6,None,Omicron (BA.5),2022,11,November,4,Sunday
20/11/2022,Egypt,104300000,1695.0,4.0,29.0,5.0,386261.0,0.44,55.42,46.72,21.57,1.63,0.004,53.0,None,Omicron (BA.5),2022,11,November,4,Sunday
2022-11-27,Egypt,104300000,3445.0,10.0,59.0,19.0,324438.0,1.06,55.42,46.72,,3.3,0.01,53.39,None,Omicron (BA.5),2022,11,November,4,Sunday
2022-12-04,Egypt,104300000,-313.0,1.0,5.0,1.0,352837.0,0.09,55.42,46.72,22.85,0.3,0.001,53.26,None,Omicron (BA.5),2022,12,December,4,Sunday
2022-12-11,Egypt,104300000,3304.0,,57.0,10.0,322970.0,1.02,55.42,47.15,23.15,3.17,0.01,49.32,None,Omicron (BA.5),2022,12,December,4,Sunday
2022-12-18,Egypt,104300000,912.0,2.0,16.0,5.0,359277.0,0.25,55.42,47.15,23.88,0.87,0.002,47.57,None,Omicron (BA.5),2022,12,December,4,Sunday
2022-12-25,Egypt,104300000,875.0,2.0,15.0,3.0,414025.0,0.21,55.42,47.15,23.88,0.84,0.002,46.98,None,Omicron (BA.5),2022,12,December,4,Sunday
2021-01-03,Ethiopia,120300000,14629.0,174.0,994.0,208.0,154125.0,9.49,6.97,5.15,0.26,12.16,0.145,,Low,Alpha,2021,1,January,1,Sunday
2021-01-10,Ethiopia,120300000,14103.0,166.0,957.0,282.0,169755.0,8.31,7.3,5.22,0.26,11.72,0.138,39.75,Low,Alpha,2021,1,January,1,Sunday
2021-01-17,Ethiopia,120300000,17579.0,170.0,1193.0,201.0,182635.0,9.63,7.57,5.3,0.26,14.61,0.141,44.02,Low,Alpha,2021,1,January,1,Sunday
2021-01-24,Ethiopia,120300000,24398.0,262.0,1654.0,296.0,204205.0,11.95,7.57,5.49,0.47,20.28,0.218,42.41,Moderate,Alpha,2021,1,January,1,Sunday
2021-01-31,Ethiopia,120300000,31004.0,316.0,2090.0,483.0,199572.0,15.54,8.04,6.51,0.47,25.77,0.263,48.68,Moderate,Alpha,2021,1,January,1,Sunday
2021-02-07,Ethiopia,120300000,28297.0,299.0,1907.0,,213047.0,13.28,8.69,6.51,0.47,23.52,0.249,49.03,High,Alpha,2021,2,February,1,Sunday
2021-02-14,Ethiopia,120300000,26780.0,304.0,1805.0,487.0,185647.0,14.43,8.69,6.51,0.55,22.26,0.253,49.68,High,Alpha,2021,2,February,1,Sunday
2021-02-21,Ethiopia,120300000,24299.0,243.0,1635.0,277.0,195774.0,12.41,8.99,6.75,0.55,20.2,0.202,41.28,Moderate,Alpha,2021,2,February,1,Sunday
2021-02-28,Ethiopia,120300000,19442.0,201.0,1307.0,408.0,184897.0,10.52,8.99,6.94,0.55,16.16,0.167,42.47,Moderate,Alpha,2021,2,February,1,Sunday
2021-03-07,Ethiopia,120300000,26252.0,283.0,1765.0,495.0,189700.0,13.84,9.93,6.94,0.55,21.82,0.235,49.92,Moderate,Alpha,2021,3,March,1,Sunday
2021-03-14,Ethiopia,120300000,14686.0,143.0,987.0,272.0,174917.0,8.4,10.07,6.94,0.55,12.21,0.119,43.61,Moderate,Alpha,2021,3,March,1,Sunday
2021-03-21,Ethiopia,120300000,17631.0,189.0,1181.0,288.0,163450.0,10.79,10.38,7.64,0.85,14.66,0.157,41.96,Low,Alpha,2021,3,March,1,Sunday
2021-03-28,Ethiopia,120300000,11579.0,107.0,775.0,168.0,161031.0,7.19,10.38,7.64,0.85,9.63,0.089,40.06,Moderate,Alpha,2021,3,March,1,Sunday
2021-04-04,Ethiopia,120300000,9814.0,105.0,657.0,111.0,145170.0,6.76,10.87,7.64,0.85,8.16,0.087,40.09,Low,Alpha,2021,4,April,2,Sunday
2021-04-11,Ethiopia,120300000,11093.0,102.0,741.0,189.0,158311.0,7.01,11.24,7.97,0.85,9.22,0.085,38.91,Low,Alpha,2021,4,April,2,Sunday
2021-04-18,Ethiopia,120300000,2994.0,34.0,200.0,34.0,163319.0,1.83,11.24,7.97,0.85,2.49,0.028,38.0,Low,Alpha,2021,4,April,2,Sunday
2021-04-25,Ethiopia,120300000,2180.0,20.0,145.0,36.0,153227.0,1.42,11.85,8.69,0.85,1.81,0.017,37.53,None,Alpha,2021,4,April,2,Sunday
2021-05-02,Ethiopia,120300000,4746.0,51.0,316.0,76.0,156573.0,3.03,12.34,8.69,0.85,3.94,0.042,34.54,None,Alpha,2021,5,May,2,Sunday
2021-05-09,Ethiopia,120300000,7751.0,82.0,516.0,130.0,137928.0,5.62,12.34,8.69,0.85,6.44,0.068,37.29,None,Alpha,2021,5,May,2,Sunday
2021-05-16,Ethiopia,120300000,6076.0,61.0,404.0,117.0,159150.0,3.82,13.04,8.91,0.85,5.05,0.051,36.71,Low,Alpha,2021,5,May,2,Sunday
2021-05-23,Ethiopia,120300000,6535.0,70.0,432.0,95.0,155210.0,4.21,13.24,9.79,0.85,5.43,0.058,37.37,None,Alpha,2021,5,May,2,Sunday
2021-05-30,Ethiopia,120300000,9372.0,137.0,713.0,160.0,167968.0,5.58,13.98,9.79,0.85,7.79,0.114,40.35,None,Delta,2021,5,May,2,Sunday
2021-06-06,Ethiopia,120300000,8665.0,101.0,658.0,105.0,177467.0,4.88,13.98,10.09,0.85,7.2,0.084,39.8,Low,Delta,2021,6,June,2,Sunday
2021-06-13,Ethiopia,120300000,16210.0,225.0,1230.0,245.0,167550.0,9.67,14.33,10.16,0.85,13.47,0.187,40.95,Low,Delta,2021,6,June,2,Sunday
2021-06-20,Ethiopia,120300000,15273.0,196.0,1159.0,190.0,167218.0,9.13,14.74,10.16,0.92,12.7,0.163,45.68,Low,Delta,2021,6,June,2,Sunday
06-27-2021,Ethiopia,120300000,24364.0,337.0,1841.0,321.0,201521.0,12.09,14.74,10.91,0.92,20.25,0.28,46.39,Low,Delta,2021,6,June,2,Sunday
2021-07-04,Ethiopia,120300000,26548.0,387.0,2002.0,446.0,182370.0,14.56,15.25,11.27,0.92,22.07,0.322,50.99,Moderate,Delta,2021,7,July,3,Sunday
2021-07-11,Ethiopia,120300000,23022.0,314.0,1731.0,379.0,186640.0,12.33,15.75,11.76,0.92,19.14,0.261,49.33,Moderate,Delta,2021,7,July,3,Sunday
2021-07-18,Ethiopia,120300000,29202.0,342.0,2195.0,678.0,164983.0,17.7,15.75,11.76,0.92,24.27,0.284,45.83,Moderate,Delta,2021,7,July,3,Sunday
2021-07-25,Ethiopia,120300000,33806.0,430.0,2542.0,433.0,199500.0,16.95,16.64,11.76,0.92,28.1,0.357,49.31,High,Delta,2021,7,July,3,Sunday
2021-08-01,Ethiopia,120300000,31041.0,409.0,2328.0,408.0,220459.0,14.08,16.82,12.19,0.92,25.8,0.34,48.23,High,Delta,2021,8,August,3,Sunday
2021-08-08,Ethiopia,120300000,32399.0,374.0,2430.0,675.0,207457.0,15.62,17.17,12.19,0.92,26.93,0.311,50.66,High,Delta,2021,8,August,3,Sunday
2021-08-15,Ethiopia,120300000,35998.0,488.0,2699.0,415.0,223441.0,16.11,17.71,12.19,1.01,29.92,0.406,53.29,High,Delta,2021,8,August,3,Sunday
2021-08-22,Ethiopia,120300000,36757.0,505.0,2746.0,716.0,225845.0,16.28,17.72,12.82,1.01,30.55,0.42,52.12,High,Delta,2021,8,August,3,Sunday
2021-08-29,Ethiopia,120300000,39737.0,554.0,2967.0,822.0,238316.0,16.67,18.2,12.92,1.01,33.03,0.461,51.69,High,Delta,2021,8,August,3,Sunday
2021-09-05,Ethiopia,120300000,37733.0,432.0,2817.0,724.0,205656.0,18.35,18.79,12.93,1.01,31.37,0.359,56.3,High,Delta,2021,9,September,3,Sunday
2021-09-12,Ethiopia,120300000,42644.0,582.0,3172.0,631.0,236879.0,18.0,18.89,13.55,1.06,35.45,0.484,53.19,High,Delta,2021,9,September,3,Sunday
2021-09-19,Ethiopia,120300000,34147.0,419.0,2533.0,425.0,242035.0,14.11,18.89,14.0,1.06,28.39,0.348,52.34,Lockdown,Delta,2021,9,September,3,Sunday
2021-09-26,Ethiopia,120300000,34696.0,405.0,2572.0,820.0,205691.0,16.87,19.55,14.14,1.06,28.84,0.337,50.63,High,Delta,2021,9,September,3,Sunday
2021-10-03,Ethiopia,120300000,27877.0,358.0,2063.0,611.0,173506.0,16.07,19.88,14.4,1.06,23.17,0.298,47.53,High,Delta,2021,10,October,4,Sunday
2021-10-10,Ethiopia,120300000,35953.0,467.0,2656.0,728.0,198444.0,18.12,20.45,14.73,1.06,29.89,0.388,52.9,High,Delta,2021,10,October,4,Sunday
2021-10-17,Ethiopia,120300000,36084.0,453.0,2665.0,484.0,216412.0,,20.45,14.73,1.4,30.0,0.377,55.13,High,Delta,2021,10,October,4,Sunday
2021-10-24,Ethiopia,120300000,33130.0,463.0,2442.0,545.0,176306.0,18.79,20.51,15.08,1.4,27.54,0.385,50.71,High,Delta,2021,10,October,4,Sunday
2021-10-31,Ethiopia,120300000,28264.0,321.0,2079.0,563.0,182806.0,15.46,20.81,15.41,1.4,23.49,0.267,46.57,High,Delta,2021,10,October,4,Sunday
2021-11-07,Ethiopia,120300000,38312.0,471.0,2817.0,471.0,206955.0,18.51,21.84,15.47,1.4,31.85,0.392,55.87,High,Delta,2021,11,November,4,Sunday
2021-11-14,Ethiopia,120300000,39227.0,461.0,2883.0,,216073.0,18.15,21.84,15.57,1.4,32.61,0.383,53.8,High,Delta,2021,11,November,4,Sunday
2021-11-21,Ethiopia,120300000,50485.0,550.0,3705.0,1157.0,267896.0,18.84,22.4,15.83,1.4,41.97,0.457,57.87,High,Delta,2021,11,November,4,Sunday
2021-11-28,Ethiopia,120300000,49513.0,182.0,1734.0,304.0,245295.0,20.19,22.72,16.2,1.4,41.16,0.151,48.31,High,Omicron,2021,11,November,4,Sunday
2021-12-05,Ethiopia,120300000,55815.0,229.0,1947.0,357.0,222003.0,25.14,22.72,16.79,1.4,46.4,0.19,47.81,High,Omicron,2021,12,December,4,Sunday
2021-12-12,Ethiopia,120300000,64384.0,248.0,2241.0,475.0,339103.0,18.99,22.72,17.2,1.4,53.52,0.206,54.9,High,Omicron,2021,12,December,4,Sunday
2021-12-19,Ethiopia,120300000,58595.0,219.0,2037.0,462.0,248341.0,23.59,23.02,17.36,1.4,48.71,0.182,47.55,High,Omicron,2021,12,December,4,Sunday
2021-12-26,Ethiopia,120300000,67578.0,257.0,2350.0,529.0,229081.0,29.5,23.49,17.36,1.4,56.17,0.214,52.27,High,Omicron,2021,12,December,4,Sunday
2022-01-02,Ethiopia,120300000,63823.0,231.0,2219.0,592.0,236545.0,26.98,23.49,17.36,1.4,53.05,0.192,,Lockdown,Omicron,2022,1,January,1,Sunday
2022-01-09,Ethiopia,120300000,59866.0,202.0,2076.0,477.0,230205.0,26.01,23.93,17.8,1.4,49.76,0.168,48.87,High,Omicron,2022,1,January,1,Sunday
2022-01-16,Ethiopia,120300000,54638.0,213.0,1890.0,343.0,215568.0,25.35,24.15,18.2,1.4,45.42,0.177,45.76,High,Omicron,2022,1,January,1,Sunday
2022-01-23,Ethiopia,120300000,51082.0,212.0,1767.0,343.0,244951.0,20.85,24.15,18.2,1.4,42.46,0.176,45.05,Lockdown,Omicron,2022,1,January,1,Sunday
2022-01-30,Ethiopia,120300000,40541.0,167.0,1402.0,308.0,170332.0,23.8,24.15,18.26,1.4,33.7,0.139,45.01,Lockdown,Omicron,2022,1,January,1,Sunday
2022-02-06,Ethiopia,120300000,30764.0,107.0,1064.0,254.0,214773.0,14.32,24.82,18.26,1.4,25.57,0.089,39.59,Lockdown,Omicron,2022,2,February,1,Sunday
2022-02-13,Ethiopia,120300000,22196.0,82.0,766.0,235.0,195852.0,11.33,25.52,18.66,1.68,18.45,0.068,38.56,High,Omicron,2022,2,February,1,Sunday
2022-02-20,Ethiopia,120300000,21525.0,83.0,743.0,124.0,176007.0,12.23,25.52,18.66,1.68,17.89,0.069,39.9,Moderate,Omicron,2022,2,February,1,Sunday
2022-02-27,Ethiopia,120300000,21219.0,87.0,730.0,209.0,195476.0,10.86,25.52,19.0,1.68,17.64,0.072,42.88,Moderate,Omicron,2022,2,February,1,Sunday
2022-03-06,Ethiopia,120300000,14218.0,49.0,489.0,99.0,154837.0,,25.52,19.0,1.68,11.82,0.041,38.55,Moderate,Omicron,2022,3,March,1,Sunday
2022-03-13,Ethiopia,120300000,12626.0,42.0,435.0,119.0,155594.0,8.11,25.73,19.0,1.68,10.5,0.035,38.19,Low,Omicron,2022,3,March,1,Sunday
2022-03-20,Ethiopia,120300000,8347.0,35.0,285.0,55.0,166220.0,5.02,25.73,20.38,1.68,6.94,0.029,34.49,Low,Omicron,2022,3,March,1,Sunday
2022-03-27,Ethiopia,120300000,10545.0,35.0,360.0,78.0,160398.0,6.57,25.92,20.38,1.83,8.77,0.029,41.82,Low,Omicron,2022,3,March,1,Sunday
2022-04-03,Ethiopia,120300000,10186.0,44.0,348.0,78.0,154367.0,6.6,26.9,20.4,1.83,8.47,0.037,40.28,Low,Omicron,2022,4,April,2,Sunday
2022-04-10,Ethiopia,120300000,6806.0,26.0,232.0,64.0,155055.0,4.39,26.9,20.4,1.83,5.66,0.022,39.87,Low,Omicron,2022,4,April,2,Sunday
2022-04-17,Ethiopia,120300000,10876.0,41.0,371.0,66.0,180993.0,6.01,26.9,20.4,1.83,9.04,0.034,34.02,None,Omicron,2022,4,April,2,Sunday
2022-04-24,Ethiopia,120300000,9138.0,31.0,312.0,65.0,177075.0,5.16,26.9,20.4,1.83,7.6,0.026,38.18,Low,Omicron,2022,4,April,2,Sunday
2022-05-01,Ethiopia,120300000,16304.0,67.0,556.0,133.0,179295.0,9.09,27.1,20.4,1.83,13.55,0.056,36.4,Low,Omicron,2022,5,May,2,Sunday
2022-05-08,Ethiopia,120300000,15530.0,52.0,530.0,139.0,167115.0,9.29,27.1,20.4,1.83,12.91,0.043,40.52,Low,Omicron,2022,5,May,2,Sunday
2022-05-15,Ethiopia,120300000,20018.0,72.0,683.0,111.0,187504.0,10.68,27.1,20.4,1.9,16.64,0.06,40.31,Low,Omicron,2022,5,May,2,Sunday
2022-05-22,Ethiopia,120300000,24240.0,78.0,827.0,137.0,174573.0,13.89,27.1,20.4,1.9,20.15,0.065,41.65,Moderate,Omicron,2022,5,May,2,Sunday
2022-05-29,Ethiopia,120300000,25674.0,82.0,875.0,238.0,207839.0,12.35,27.1,20.6,1.9,21.34,0.068,38.85,Moderate,Omicron,2022,5,May,2,Sunday
2022-06-05,Ethiopia,120300000,27640.0,110.0,941.0,200.0,208281.0,13.27,27.34,20.81,1.94,22.98,0.091,38.43,Moderate,Omicron,2022,6,June,2,Sunday
2022-06-12,Ethiopia,120300000,24235.0,82.0,824.0,147.0,216477.0,11.2,27.39,21.1,1.94,20.15,0.068,38.74,Moderate,Omicron,2022,6,June,2,Sunday
2022-06-19,Ethiopia,120300000,27490.0,105.0,934.0,182.0,180892.0,15.2,27.44,21.1,1.94,22.85,0.087,41.76,Moderate,Omicron,2022,6,June,2,Sunday
2022-06-26,Ethiopia,120300000,33933.0,107.0,942.0,237.0,189592.0,17.9,28.08,21.35,2.3,28.21,0.089,40.43,Moderate,Omicron (BA.5),2022,6,June,2,Sunday
2022-07-03,Ethiopia,120300000,33370.0,98.0,924.0,288.0,212752.0,15.68,28.09,21.75,2.3,27.74,0.081,41.57,High,Omicron (BA.5),2022,7,July,3,Sunday
2022-07-10,Ethiopia,120300000,25809.0,,715.0,,186137.0,13.87,28.29,21.75,2.32,21.45,0.067,37.13,High,Omicron (BA.5),2022,7,July,3,Sunday
2022-07-17,Ethiopia,120300000,25646.0,70.0,710.0,203.0,205206.0,12.5,28.29,21.75,2.35,21.32,0.058,39.65,Moderate,Omicron (BA.5),2022,7,July,3,Sunday
2022-07-24,Ethiopia,120300000,23373.0,75.0,647.0,164.0,205571.0,11.37,28.29,21.8,2.64,19.43,0.062,42.78,Moderate,Omicron (BA.5),2022,7,July,3,Sunday
2022-07-31,Ethiopia,120300000,19579.0,53.0,542.0,116.0,203627.0,9.62,28.29,21.8,3.45,16.27,0.044,39.5,Moderate,Omicron (BA.5),2022,7,July,3,Sunday
2022-08-07,Ethiopia,120300000,19356.0,58.0,535.0,168.0,179652.0,10.77,28.38,22.16,3.45,16.09,0.048,39.61,Moderate,Omicron (BA.5),2022,8,August,3,Sunday
2022-08-14,Ethiopia,120300000,12247.0,40.0,338.0,55.0,177864.0,6.89,28.38,22.16,3.45,10.18,0.033,38.46,Moderate,Omicron (BA.5),2022,8,August,3,Sunday
2022-08-21,Ethiopia,120300000,15993.0,51.0,441.0,127.0,165683.0,9.65,28.51,22.51,3.45,13.29,0.042,36.78,Low,Omicron (BA.5),2022,8,August,3,Sunday
2022-08-28,Ethiopia,120300000,13814.0,35.0,381.0,74.0,171887.0,8.04,28.95,22.51,,11.48,0.029,41.79,Low,Omicron (BA.5),2022,8,August,3,Sunday
2022-09-04,Ethiopia,120300000,12710.0,36.0,350.0,89.0,166272.0,7.64,28.95,22.51,3.45,10.57,0.03,38.42,Low,Omicron (BA.5),2022,9,September,3,Sunday
2022-09-11,Ethiopia,120300000,10698.0,35.0,295.0,94.0,162008.0,6.6,28.95,22.51,3.77,8.89,0.029,37.64,Low,Omicron (BA.5),2022,9,September,3,Sunday
2022-09-18,Ethiopia,120300000,6612.0,21.0,182.0,53.0,178911.0,3.7,28.95,22.51,3.77,5.5,0.017,38.24,Low,Omicron (BA.5),2022,9,September,3,Sunday
2022-09-25,Ethiopia,120300000,5334.0,16.0,147.0,43.0,137336.0,3.88,28.95,22.51,3.77,4.43,0.013,38.67,None,Omicron (BA.5),2022,9,September,3,Sunday
2022-10-02,Ethiopia,120300000,6242.0,16.0,172.0,50.0,155409.0,4.02,29.02,22.51,3.77,5.19,0.013,33.35,None,Omicron (BA.5),2022,10,October,4,Sunday
2022-10-09,Ethiopia,120300000,361.0,1.0,10.0,2.0,145626.0,0.25,29.02,23.05,3.82,0.3,0.001,35.65,None,Omicron (BA.5),2022,10,October,4,Sunday
2022-10-16,Ethiopia,120300000,927.0,3.0,25.0,5.0,153524.0,0.6,29.02,23.05,3.82,0.77,0.002,41.18,None,Omicron (BA.5),2022,10,October,4,Sunday
2022-10-23,Ethiopia,120300000,1231.0,3.0,34.0,8.0,133688.0,0.92,29.08,23.05,3.82,1.02,0.002,39.79,None,Omicron (BA.5),2022,10,October,4,Sunday
2022-10-30,Ethiopia,120300000,3150.0,10.0,87.0,17.0,146380.0,2.15,29.08,23.05,3.98,2.62,0.008,35.7,None,Omicron (BA.5),2022,10,October,4,Sunday
2022-11-06,Ethiopia,120300000,361.0,1.0,10.0,2.0,138091.0,0.26,29.19,23.05,4.28,0.3,0.001,37.33,None,Omicron (BA.5),2022,11,November,4,Sunday
2022-11-13,Ethiopia,120300000,361.0,1.0,10.0,2.0,118880.0,0.3,29.19,23.05,4.57,0.3,0.001,34.69,None,Omicron (BA.5),2022,11,November,4,Sunday
2022-11-20,Ethiopia,120300000,361.0,1.0,10.0,3.0,158487.0,0.23,29.58,23.05,4.86,0.3,0.001,36.39,None,Omicron (BA.5),2022,11,November,4,Sunday
2022-11-27,Ethiopia,120300000,1312.0,3.0,36.0,10.0,129445.0,1.01,29.58,23.12,4.98,1.09,0.002,34.51,None,Omicron (BA.5),2022,11,November,4,Sunday
2022-12-04,Ethiopia,120300000,361.0,1.0,10.0,2.0,126405.0,,29.64,23.23,4.98,0.3,0.001,34.32,None,Omicron (BA.5),2022,12,December,4,Sunday
2022-12-11,Ethiopia,120300000,361.0,1.0,10.0,3.0,155995.0,0.23,29.64,23.23,5.0,0.3,0.001,34.03,None,Omicron (BA.5),2022,12,December,4,Sunday
2022-12-18,Ethiopia,120300000,361.0,1.0,10.0,3.0,141118.0,0.26,29.64,23.23,5.03,0.3,0.001,39.71,None,Omicron (BA.5),2022,12,December,4,Sunday
2022-12-25,Ethiopia,120300000,361.0,1.0,10.0,3.0,141519.0,0.26,29.64,23.23,5.2,0.3,0.001,34.3,None,Omicron (BA.5),2022,12,December,4,Sunday
2021-01-03,France,67400000,18360.0,151.0,1187.0,293.0,1557370.0,1.18,20.7,13.06,0.17,27.24,0.224,60.64,Low,Alpha,2021,1,January,1,Sunday
2021-01-10,France,67400000,21367.0,181.0,1367.0,232.0,1456388.0,1.47,23.4,14.8,0.17,31.7,0.269,63.12,Low,Alpha,2021,1,January,1,Sunday
2021-01-17,France,67400000,35080.0,310.0,2228.0,351.0,1699158.0,2.06,25.14,15.95,0.39,52.05,0.46,75.08,Low,Alpha,2021,1,January,1,Sunday
2021-01-24,France,67400000,35119.0,237.0,2209.0,628.0,1520689.0,2.31,28.08,17.6,0.39,52.1,0.352,74.4,Moderate,Alpha,2021,1,January,1,Sunday
2021-01-31,France,67400000,36966.0,325.0,2301.0,511.0,1621814.0,2.28,31.3,19.25,0.39,54.85,0.482,77.45,Moderate,Alpha,2021,1,January,1,Sunday
2021-02-07,France,67400000,44746.0,360.0,2755.0,529.0,2057555.0,2.17,33.45,21.03,0.39,66.39,0.534,81.26,Moderate,Alpha,2021,2,February,1,Sunday
2021-02-14,France,67400000,43980.0,306.0,2673.0,559.0,1825647.0,2.41,36.02,23.09,0.39,65.25,0.454,81.23,High,Alpha,2021,2,February,1,Sunday
2021-02-21,France,67400000,47259.0,314.0,2833.0,790.0,2169981.0,2.18,39.32,25.31,0.39,70.12,0.466,81.69,High,Alpha,2021,2,February,1,Sunday
28 Feb 2021,France,67400000,38279.0,255.0,2255.0,517.0,1766723.0,2.17,42.05,28.02,0.39,56.79,0.378,74.84,High,Alpha,2021,2,February,1,Sunday
2021-03-07,France,67400000,34010.0,265.0,1980.0,589.0,1725602.0,1.97,44.8,29.77,0.4,50.46,0.393,74.28,Moderate,Alpha,2021,3,March,1,Sunday
2021-03-14,France,67400000,29820.0,191.0,1708.0,470.0,1768021.0,1.69,48.44,32.27,,44.24,0.283,71.08,Moderate,Alpha,2021,3,March,1,Sunday
2021-03-21,France,67400000,19004.0,125.0,1072.0,338.0,1223187.0,1.55,51.56,34.49,0.56,28.2,0.185,63.28,Moderate,Alpha,2021,3,March,1,Sunday
2021-03-28,France,67400000,16308.0,112.0,901.0,271.0,1549428.0,1.05,54.07,37.51,0.62,24.2,0.166,63.79,Low,Alpha,2021,3,March,1,Sunday
2021-04-04,France,67400000,13947.0,97.0,756.0,146.0,1491073.0,0.94,56.9,40.29,0.62,20.69,0.144,53.28,Low,Alpha,2021,4,April,2,Sunday
2021-04-11,France,67400000,9984.0,64.0,531.0,139.0,1623263.0,0.62,59.48,42.97,0.62,14.81,0.095,56.14,Low,Alpha,2021,4,April,2,Sunday
04-18-2021,France,67400000,10568.0,68.0,553.0,85.0,1570080.0,0.67,62.36,45.15,0.62,15.68,0.101,56.32,None,Alpha,2021,4,April,2,Sunday
2021-04-25,France,67400000,7568.0,39.0,388.0,124.0,1293622.0,0.59,64.74,47.84,0.91,11.23,0.058,58.3,Low,Alpha,2021,4,April,2,Sunday
2021-05-02,France,67400000,7719.0,48.0,389.0,76.0,1565959.0,0.49,66.96,50.16,0.91,11.45,0.071,59.36,None,Alpha,2021,5,May,2,Sunday
2021-05-09,France,67400000,7067.0,,349.0,92.0,1387091.0,0.51,70.04,52.85,1.07,10.49,0.053,51.4,None,Alpha,2021,5,May,2,Sunday
2021-05-16,France,67400000,8262.0,39.0,401.0,118.0,1327212.0,,71.66,55.19,1.07,12.26,0.058,59.08,None,Alpha,2021,5,May,2,Sunday
2021-05-23,France,67400000,8726.0,51.0,416.0,74.0,1458784.0,0.6,73.59,57.44,1.07,12.95,0.076,52.77,None,Alpha,2021,5,May,2,Sunday
2021-05-30,France,67400000,13795.0,62.0,645.0,190.0,1470912.0,0.94,75.43,59.68,1.07,20.47,0.092,55.17,None,Alpha,2021,5,May,2,Sunday
2021-06-06,France,67400000,18324.0,102.0,968.0,147.0,1738429.0,1.05,76.98,61.89,1.12,27.19,0.151,60.7,Low,Delta,2021,6,June,2,Sunday
2021-06-13,France,67400000,18576.0,118.0,967.0,218.0,1593110.0,1.17,78.08,63.66,1.49,27.56,0.175,60.48,Low,Delta,2021,6,June,2,Sunday
2021-06-20,France,67400000,25444.0,143.0,1303.0,300.0,1657664.0,1.53,79.59,65.55,1.49,37.75,0.212,60.78,Low,Delta,2021,6,June,2,Sunday
2021-06-27,France,67400000,34325.0,175.0,1722.0,368.0,1859209.0,1.85,80.61,67.89,1.77,50.93,0.26,70.55,Moderate,Delta,2021,6,June,2,Sunday
2021-07-04,France,67400000,31923.0,183.0,1575.0,393.0,1855457.0,1.72,81.89,69.82,1.84,47.36,0.272,69.13,Moderate,Delta,2021,7,July,3,Sunday
2021-07-11,France,67400000,40418.0,242.0,1988.0,607.0,1918376.0,2.11,82.81,70.15,1.84,59.97,0.359,74.25,Moderate,Delta,2021,7,July,3,Sunday
2021-07-18,France,67400000,42522.0,251.0,2066.0,425.0,2037490.0,2.09,83.45,71.52,2.5,63.09,0.372,71.32,Moderate,Delta,2021,7,July,3,Sunday
2021-07-25,France,67400000,48459.0,230.0,2325.0,578.0,1991316.0,2.43,83.92,72.89,2.5,71.9,0.341,74.93,High,Delta,2021,7,July,3,Sunday
2021-08-01,France,67400000,55700.0,293.0,2637.0,789.0,2009780.0,2.77,85.04,74.31,2.89,82.64,0.435,78.11,High,Delta,2021,8,August,3,Sunday
2021-08-08,France,67400000,55407.0,307.0,2590.0,729.0,2176031.0,2.55,85.53,75.67,3.59,82.21,0.455,81.93,High,Delta,2021,8,August,3,Sunday
2021-08-15,France,67400000,54802.0,245.0,2541.0,399.0,1958379.0,2.8,85.56,76.54,3.88,81.31,0.364,70.13,High,Delta,2021,8,August,3,Sunday
2021-08-22,France,67400000,60451.0,,2783.0,863.0,2043930.0,2.96,86.74,77.28,3.95,89.69,0.402,77.27,High,Delta,2021,8,August,3,Sunday
2021-08-29,France,67400000,59624.0,245.0,2721.0,430.0,2308302.0,2.58,87.3,78.18,4.17,88.46,0.364,79.05,High,Delta,2021,8,August,3,Sunday
2021-09-05,France,67400000,69473.0,337.0,3161.0,791.0,2421709.0,2.87,88.13,78.52,4.53,103.08,0.5,80.78,High,Delta,2021,9,September,3,Sunday
12 Sep 2021,France,67400000,55547.0,239.0,2508.0,622.0,1980097.0,2.81,88.13,79.29,5.15,82.41,0.355,76.23,Lockdown,Delta,2021,9,September,3,Sunday
2021-09-19,France,67400000,55550.0,278.0,2493.0,707.0,1909538.0,2.91,88.13,79.93,5.97,82.42,0.412,76.41,High,Delta,2021,9,September,3,Sunday
2021-09-26,France,67400000,44793.0,239.0,2009.0,352.0,2073433.0,2.16,88.13,79.98,6.18,66.46,0.355,70.18,High,Delta,2021,9,September,3,Sunday
2021-10-03,France,67400000,47772.0,202.0,2130.0,384.0,2011926.0,2.37,88.51,80.57,7.32,70.88,0.3,73.21,High,Delta,2021,10,October,4,Sunday
2021-10-10,France,67400000,49558.0,238.0,2201.0,612.0,1959919.0,2.53,88.7,80.99,8.47,73.53,0.353,75.34,High,Delta,2021,10,October,4,Sunday
2021-10-17,France,67400000,42549.0,175.0,1872.0,328.0,1782901.0,2.39,88.7,81.92,8.62,63.13,0.26,69.85,High,Delta,2021,10,October,4,Sunday
2021-10-24,France,67400000,41362.0,159.0,1817.0,418.0,1864394.0,2.22,88.9,82.09,9.1,61.37,0.236,68.75,High,Delta,2021,10,October,4,Sunday
2021-10-31,France,67400000,49054.0,236.0,2146.0,589.0,1902476.0,2.58,88.9,82.49,10.04,72.78,0.35,72.8,Moderate,Delta,2021,10,October,4,Sunday
2021-11-07,France,67400000,62847.0,275.0,2749.0,717.0,1956587.0,3.21,89.48,82.49,11.69,93.24,0.408,79.3,High,Delta,2021,11,November,4,Sunday
2021-11-14,France,67400000,61796.0,313.0,2703.0,502.0,2075379.0,2.98,89.48,82.49,12.53,91.69,0.464,74.5,High,Delta,2021,11,November,4,Sunday
2021-11-21,France,67400000,66876.0,297.0,2904.0,,2158200.0,3.1,89.48,83.2,13.98,99.22,0.441,82.04,Lockdown,Delta,2021,11,November,4,Sunday
2021-11-28,France,67400000,66265.0,262.0,2878.0,906.0,2042962.0,3.24,89.48,83.2,14.8,98.32,0.389,79.5,Lockdown,Delta,2021,11,November,4,Sunday
2021-12-05,France,67400000,84769.0,112.0,1752.0,396.0,2489576.0,3.4,89.48,83.71,16.53,125.77,0.166,72.38,Lockdown,Omicron,2021,12,December,4,Sunday
2021-12-12,France,67400000,93733.0,114.0,1937.0,305.0,2676250.0,3.5,89.51,83.71,17.62,139.07,0.169,72.58,Lockdown,Omicron,2021,12,December,4,Sunday
2021-12-19,France,67400000,84029.0,125.0,1734.0,325.0,2492566.0,3.37,89.64,83.87,18.91,124.67,0.185,71.97,Lockdown,Omicron,2021,12,December,4,Sunday
2021-12-26,France,67400000,95495.0,135.0,1970.0,410.0,2392550.0,3.99,89.83,83.87,20.54,141.68,0.2,68.91,Lockdown,Omicron,2021,12,December,4,Sunday
2022-01-02,France,67400000,93036.0,118.0,1914.0,612.0,2564181.0,3.63,90.16,84.14,21.89,138.04,0.175,69.94,Lockdown,Omicron,2022,1,January,1,Sunday
2022-01-09,France,67400000,89086.0,118.0,1819.0,366.0,2386778.0,3.73,90.16,84.88,24.49,132.18,0.175,66.8,Lockdown,Omicron,2022,1,January,1,Sunday
2022-01-16,France,67400000,81885.0,113.0,1672.0,258.0,2061920.0,3.97,90.16,84.88,25.56,121.49,0.168,66.65,Lockdown,Omicron,2022,1,January,1,Sunday
2022-01-23,France,67400000,72398.0,103.0,1478.0,351.0,2294841.0,3.15,90.25,84.88,27.51,107.42,0.153,69.58,Lockdown,Omicron,2022,1,January,1,Sunday
2022-01-30,France,67400000,60832.0,70.0,1242.0,204.0,2066828.0,2.94,90.25,84.88,28.91,90.26,0.104,67.78,Lockdown,Omicron,2022,1,January,1,Sunday
2022-02-06,France,67400000,52838.0,59.0,1079.0,212.0,2354413.0,2.24,90.25,84.88,30.52,78.39,0.088,59.54,High,Omicron,2022,2,February,1,Sunday
2022-02-13,France,67400000,35765.0,41.0,730.0,233.0,1955166.0,1.83,90.25,84.88,32.54,53.06,0.061,57.73,High,Omicron,2022,2,February,1,Sunday
2022-02-20,France,67400000,31808.0,40.0,649.0,175.0,1801945.0,1.77,90.25,84.88,34.71,47.19,0.059,57.87,Moderate,Omicron,2022,2,February,1,Sunday
2022-02-27,France,67400000,25185.0,33.0,514.0,82.0,1660260.0,1.52,90.25,84.88,35.98,37.37,0.049,58.16,Moderate,Omicron,2022,2,February,1,Sunday
2022-03-06,France,67400000,20843.0,24.0,426.0,96.0,1597911.0,1.3,90.25,84.88,37.6,30.92,0.036,51.4,Low,Omicron,2022,3,March,1,Sunday
2022-03-13,France,67400000,12955.0,16.0,265.0,47.0,1366122.0,0.95,90.25,84.88,39.6,19.22,0.024,50.16,Low,Omicron,2022,3,March,1,Sunday
2022-03-20,France,67400000,13923.0,18.0,284.0,49.0,1288450.0,1.08,90.25,84.88,41.35,20.66,0.027,55.59,Low,Omicron,2022,3,March,1,Sunday
2022-03-27,France,67400000,16337.0,19.0,334.0,83.0,1418341.0,1.15,90.25,84.88,43.28,24.24,0.028,50.0,Low,Omicron,2022,3,March,1,Sunday
2022-04-03,France,67400000,15473.0,23.0,316.0,75.0,1508925.0,1.03,90.25,84.88,44.42,22.96,0.034,53.57,Low,Omicron,2022,4,April,2,Sunday
2022-04-10,France,67400000,10710.0,14.0,219.0,61.0,1213444.0,0.88,90.3,84.94,45.97,15.89,0.021,54.11,Low,Omicron,2022,4,April,2,Sunday
2022-04-17,France,67400000,15674.0,20.0,320.0,97.0,1450997.0,1.08,90.36,84.94,47.39,23.26,0.03,55.77,Low,Omicron,2022,4,April,2,Sunday
2022-04-24,France,67400000,15883.0,21.0,324.0,62.0,1489390.0,1.07,90.36,85.06,48.14,23.57,0.031,54.42,Low,Omicron,2022,4,April,2,Sunday
2022-05-01,France,67400000,23525.0,29.0,479.0,147.0,1580762.0,1.49,90.36,85.06,49.44,34.9,0.043,55.42,Low,Omicron,2022,5,May,2,Sunday
2022-05-08,France,67400000,25555.0,37.0,521.0,124.0,1545717.0,1.65,90.36,85.06,,37.91,0.055,58.88,Low,Omicron,2022,5,May,2,Sunday
2022-05-15,France,67400000,21331.0,28.0,435.0,84.0,1539687.0,1.39,90.36,85.06,51.59,31.65,0.042,56.61,Moderate,Omicron,2022,5,May,2,Sunday
2022-05-22,France,67400000,35970.0,47.0,733.0,215.0,1995222.0,1.8,90.36,85.06,53.24,53.37,0.07,57.29,Low,Omicron,2022,5,May,2,Sunday
2022-05-29,France,67400000,32018.0,47.0,653.0,102.0,1797832.0,1.78,90.36,85.06,54.03,47.5,0.07,58.19,Moderate,Omicron,2022,5,May,2,Sunday
2022-06-05,France,67400000,34110.0,49.0,695.0,170.0,1654130.0,2.06,90.36,85.06,54.84,50.61,0.073,59.48,Moderate,Omicron,2022,6,June,2,Sunday
2022-06-12,France,67400000,43352.0,62.0,883.0,241.0,1829318.0,2.37,90.38,85.06,54.84,64.32,0.092,64.72,Moderate,Omicron,2022,6,June,2,Sunday
2022-06-19,France,67400000,40322.0,48.0,822.0,162.0,1800012.0,2.24,90.38,85.06,56.97,59.83,0.071,61.78,High,Omicron,2022,6,June,2,Sunday
2022-06-26,France,67400000,38130.0,45.0,777.0,231.0,1669297.0,2.28,90.6,85.06,56.97,56.57,0.067,62.39,Moderate,Omicron,2022,6,June,2,Sunday
2022-07-03,France,67400000,38331.0,42.0,639.0,122.0,1671327.0,2.29,90.6,85.06,58.26,56.87,0.062,56.43,Moderate,Omicron (BA.5),2022,7,July,3,Sunday
2022-07-10,France,67400000,44015.0,45.0,734.0,215.0,1996427.0,2.2,90.73,85.06,58.26,65.3,0.067,57.61,Moderate,Omicron (BA.5),2022,7,July,3,Sunday
2022-07-17,France,67400000,34688.0,38.0,578.0,94.0,1680103.0,2.06,90.73,85.06,58.48,51.47,0.056,56.75,High,Omicron (BA.5),2022,7,July,3,Sunday
2022-07-24,France,67400000,34952.0,39.0,583.0,103.0,1589037.0,2.2,90.73,85.06,58.53,51.86,0.058,57.03,Moderate,Omicron (BA.5),2022,7,July,3,Sunday
2022-07-31,France,67400000,33673.0,33.0,561.0,120.0,1720707.0,1.96,90.73,85.06,59.72,49.96,0.049,54.65,Moderate,Omicron (BA.5),2022,7,July,3,Sunday
2022-08-07,France,67400000,31290.0,31.0,522.0,154.0,1714955.0,1.82,90.73,85.06,59.72,46.42,0.046,59.94,Moderate,Omicron (BA.5),2022,8,August,3,Sunday
2022-08-14,France,67400000,24128.0,25.0,402.0,70.0,1360555.0,1.77,90.73,85.06,60.03,35.8,0.037,57.77,Moderate,Omicron (BA.5),2022,8,August,3,Sunday
2022-08-21,France,67400000,22209.0,22.0,370.0,111.0,1587965.0,1.4,90.73,85.06,60.25,32.95,0.033,54.47,Low,Omicron (BA.5),2022,8,August,3,Sunday
2022-08-28,France,67400000,21535.0,24.0,359.0,68.0,1695386.0,1.27,90.73,85.06,61.18,31.95,0.036,56.73,Low,Omicron (BA.5),2022,8,August,3,Sunday
2022-09-04,France,67400000,13060.0,15.0,218.0,49.0,1540280.0,0.85,90.73,85.06,61.42,19.38,0.022,54.25,Low,Omicron (BA.5),2022,9,September,3,Sunday
2022-09-11,France,67400000,11545.0,12.0,193.0,41.0,1731008.0,0.67,90.73,85.06,61.98,17.13,0.018,55.24,Low,Omicron (BA.5),2022,9,September,3,Sunday
2022-09-18,France,67400000,8781.0,10.0,146.0,25.0,1580587.0,0.56,90.73,85.06,61.98,13.03,0.015,49.61,Low,Omicron (BA.5),2022,9,September,3,Sunday
2022-09-25,France,67400000,7586.0,8.0,126.0,39.0,1587788.0,0.48,90.73,85.06,61.98,11.25,0.012,52.4,None,Omicron (BA.5),2022,9,September,3,Sunday
2022-10-02,France,67400000,6418.0,7.0,107.0,24.0,1724943.0,0.37,90.73,85.06,61.98,9.52,0.01,52.43,None,Omicron (BA.5),2022,10,October,4,Sunday
2022-10-09,France,67400000,4749.0,5.0,79.0,21.0,1474115.0,0.32,90.73,85.06,62.05,7.05,0.007,53.85,None,Omicron (BA.5),2022,10,October,4,Sunday
2022-10-16,France,67400000,1683.0,2.0,28.0,7.0,1371786.0,0.12,90.73,85.06,62.13,2.5,0.003,50.2,None,Omicron (BA.5),2022,10,October,4,Sunday
2022-10-23,France,67400000,2152.0,2.0,36.0,8.0,1465489.0,0.15,90.73,85.06,62.54,3.19,0.003,45.6,None,Omicron (BA.5),2022,10,October,4,Sunday
2022-10-30,France,67400000,3445.0,3.0,57.0,15.0,1313139.0,0.26,90.73,85.06,62.82,5.11,0.004,49.36,None,Omicron (BA.5),2022,10,October,4,Sunday
2022-11-06,France,67400000,202.0,0.0,3.0,1.0,1348392.0,0.01,90.73,85.06,62.91,0.3,0.0,51.37,None,Omicron (BA.5),2022,11,November,4,Sunday
2022-11-13,France,67400000,950.0,1.0,16.0,4.0,1275863.0,0.07,90.73,85.06,62.91,1.41,0.001,51.81,None,Omicron (BA.5),2022,11,November,4,Sunday
2022-11-20,France,67400000,203.0,0.0,3.0,1.0,1379450.0,0.01,90.73,85.06,63.08,0.3,0.0,55.73,None,Omicron (BA.5),2022,11,November,4,Sunday
2022-11-27,France,67400000,202.0,0.0,3.0,1.0,1267153.0,0.02,90.73,85.06,63.08,0.3,0.0,52.98,None,Omicron (BA.5),2022,11,November,4,Sunday
2022-12-04,France,67400000,202.0,0.0,3.0,1.0,1263408.0,0.02,90.73,85.06,63.08,0.3,0.0,51.72,None,Omicron (BA.5),2022,12,December,4,Sunday
2022-12-11,France,67400000,2024.0,2.0,34.0,8.0,1403017.0,0.14,90.73,85.08,63.08,3.0,0.003,51.75,None,Omicron (BA.5),2022,12,December,4,Sunday
2022-12-18,France,67400000,202.0,0.0,3.0,1.0,1322147.0,0.02,90.73,85.08,63.08,0.3,0.0,54.28,None,Omicron (BA.5),2022,12,December,4,Sunday
2022-12-25,France,67400000,1424.0,2.0,24.0,5.0,1142761.0,0.12,90.73,85.08,63.59,2.11,0.003,50.26,None,Omicron (BA.5),2022,12,December,4,Sunday
2021-01-03,Germany,83200000,26469.0,188.0,876.0,180.0,1988240.0,1.33,20.63,13.11,0.0,31.81,0.226,59.79,Low,Alpha,2021,1,January,1,Sunday
2021-01-10,Germany,83200000,30846.0,248.0,1012.0,300.0,2093019.0,1.47,22.78,14.57,0.13,37.07,0.298,58.61,Low,Alpha,2021,1,January,1,Sunday
2021-01-17,Germany,83200000,40832.0,294.0,1333.0,257.0,2331876.0,1.75,24.98,15.47,0.13,49.08,0.353,59.92,Low,Alpha,2021,1,January,1,Sunday
2021-01-24,Germany,83200000,43534.0,293.0,1405.0,441.0,2180762.0,2.0,26.99,17.3,0.13,52.32,0.352,66.36,Moderate,Alpha,2021,1,January,1,Sunday
2021-01-31,Germany,83200000,53556.0,422.0,1716.0,347.0,2403073.0,2.23,29.76,18.49,0.13,64.37,0.507,71.85,Moderate,Alpha,2021,1,January,1,Sunday
2021-02-07,Germany,83200000,53993.0,359.0,1701.0,262.0,2189479.0,2.47,32.3,21.22,0.2,64.9,0.431,68.63,High,Alpha,2021,2,February,1,Sunday
2021-02-14,Germany,83200000,44946.0,290.0,1397.0,270.0,2052980.0,,35.09,23.45,0.21,54.02,0.349,65.72,High,Alpha,2021,2,February,1,Sunday
2021-02-21,Germany,83200000,42525.0,269.0,1309.0,234.0,2185507.0,1.95,38.58,24.92,0.21,51.11,0.323,62.32,Moderate,Alpha,2021,2,February,1,Sunday
2021-02-28,Germany,83200000,33824.0,205.0,1031.0,243.0,1939835.0,1.74,40.31,26.42,0.49,40.65,0.246,57.62,Moderate,Alpha,2021,2,February,1,Sunday
07/03/2021,Germany,83200000,34880.0,206.0,1042.0,176.0,2057726.0,1.7,43.67,29.5,0.49,41.92,0.248,62.45,Moderate,Alpha,2021,3,March,1,Sunday
14/03/2021,Germany,83200000,30302.0,196.0,894.0,229.0,1793264.0,1.69,47.0,31.39,0.49,36.42,0.236,58.84,Moderate,Alpha,2021,3,March,1,Sunday
2021-03-21,Germany,83200000,26252.0,135.0,762.0,228.0,1776416.0,1.48,49.08,33.87,0.49,31.55,0.162,57.3,Low,Alpha,2021,3,March,1,Sunday
2021-03-28,Germany,83200000,16275.0,99.0,463.0,98.0,1883062.0,0.86,52.15,36.73,0.5,19.56,0.119,55.77,Low,Alpha,2021,3,March,1,Sunday
2021-04-04,Germany,83200000,13479.0,69.0,377.0,67.0,1883285.0,0.72,54.95,39.12,0.5,16.2,0.083,48.21,Low,Alpha,2021,4,April,2,Sunday
2021-04-11,Germany,83200000,8423.0,45.0,232.0,51.0,1564213.0,0.54,57.71,41.42,0.75,10.12,0.054,47.5,Low,Alpha,2021,4,April,2,Sunday
2021-04-18,Germany,83200000,6466.0,31.0,175.0,50.0,1764572.0,0.37,59.86,43.9,0.75,7.77,0.037,48.5,None,Alpha,2021,4,April,2,Sunday
2021-04-25,Germany,83200000,11493.0,61.0,305.0,76.0,1660877.0,0.69,62.96,46.64,0.97,13.81,0.073,48.46,None,Alpha,2021,4,April,2,Sunday
2021-05-02,Germany,83200000,7629.0,41.0,199.0,33.0,1690857.0,0.45,65.29,48.96,0.97,9.17,0.049,50.39,None,Alpha,2021,5,May,2,Sunday
2021-05-09,Germany,83200000,13357.0,63.0,342.0,83.0,1956270.0,0.68,67.4,51.17,0.97,16.05,0.076,49.9,None,Alpha,2021,5,May,2,Sunday
2021-05-16,Germany,83200000,15217.0,65.0,382.0,88.0,1894258.0,0.8,69.01,53.76,1.41,18.29,0.078,48.43,None,Alpha,2021,5,May,2,Sunday
2021-05-23,Germany,83200000,16014.0,,395.0,81.0,1902744.0,0.84,71.17,56.24,1.41,19.25,0.082,51.26,Low,Alpha,2021,5,May,2,Sunday
2021-05-30,Germany,83200000,19513.0,96.0,473.0,80.0,2110211.0,0.92,72.6,58.27,1.41,23.45,0.115,52.58,Low,Alpha,2021,5,May,2,Sunday
2021-06-06,Germany,83200000,26320.0,108.0,629.0,199.0,1804363.0,1.46,74.35,59.98,1.41,31.63,0.13,56.61,Low,Alpha,2021,6,June,2,Sunday
2021-06-13,Germany,83200000,32405.0,193.0,871.0,157.0,1828223.0,1.77,76.54,62.67,1.41,38.95,0.232,58.54,Low,Delta,2021,6,June,2,Sunday
2021-06-20,Germany,83200000,36774.0,190.0,982.0,179.0,1919306.0,1.92,77.24,63.41,1.45,44.2,0.228,60.22,Moderate,Delta,2021,6,June,2,Sunday
2021-06-27,Germany,83200000,44532.0,213.0,1165.0,204.0,2086345.0,2.13,78.04,65.84,1.84,53.52,0.256,62.35,Moderate,Delta,2021,6,June,2,Sunday
2021-07-04,Germany,83200000,49267.0,271.0,1272.0,314.0,1774481.0,2.78,79.53,67.41,1.84,59.22,0.326,62.53,Moderate,Delta,2021,7,July,3,Sunday
2021-07-11,Germany,83200000,49270.0,244.0,1252.0,282.0,2150054.0,2.29,80.03,69.15,1.84,59.22,0.293,60.94,Moderate,Delta,2021,7,July,3,Sunday
2021-07-18,Germany,83200000,65585.0,275.0,1645.0,317.0,2277592.0,2.88,80.94,70.67,2.0,78.83,0.331,68.79,High,Delta,2021,7,July,3,Sunday
2021-07-25,Germany,83200000,64054.0,348.0,1585.0,353.0,2511205.0,2.55,81.76,72.12,2.46,76.99,0.418,66.42,High,Delta,2021,7,July,3,Sunday
2021-08-01,Germany,83200000,56258.0,238.0,1384.0,366.0,2333860.0,2.41,82.63,72.74,2.64,67.62,0.286,68.75,High,Delta,2021,8,August,3,Sunday
2021-08-08,Germany,83200000,65731.0,290.0,1596.0,316.0,2268569.0,2.9,83.66,74.21,3.22,79.0,0.349,70.76,High,Delta,2021,8,August,3,Sunday
2021-08-15,Germany,83200000,72730.0,,1752.0,535.0,2583165.0,2.82,84.09,75.07,3.72,87.42,0.383,71.11,High,Delta,2021,8,August,3,Sunday
2021-08-22,Germany,83200000,69371.0,313.0,1666.0,337.0,2567003.0,2.7,84.56,75.39,3.72,83.38,0.376,69.3,Lockdown,Delta,2021,8,August,3,Sunday
2021-08-29,Germany,83200000,71566.0,340.0,1688.0,310.0,2302019.0,3.11,84.56,77.27,3.88,86.02,0.409,68.44,High,Delta,2021,8,August,3,Sunday
2021-09-05,Germany,83200000,63429.0,236.0,1496.0,467.0,2262668.0,2.8,85.05,77.27,4.11,76.24,0.284,62.89,Lockdown,Delta,2021,9,September,3,Sunday
2021-09-12,Germany,83200000,60495.0,294.0,1414.0,407.0,1907390.0,3.17,85.63,78.21,5.64,72.71,0.353,64.39,High,Delta,2021,9,September,3,Sunday
2021-09-19,Germany,83200000,61600.0,274.0,1432.0,298.0,2130083.0,2.89,85.65,78.8,5.65,74.04,0.329,65.43,High,Delta,2021,9,September,3,Sunday
2021-09-26,Germany,83200000,58203.0,278.0,1346.0,394.0,2156898.0,2.7,86.02,79.29,6.29,69.95,0.334,64.58,High,Delta,2021,9,September,3,Sunday
2021-10-03,Germany,83200000,53492.0,246.0,1234.0,294.0,,2.38,86.47,79.54,6.38,64.29,0.296,63.66,High,Delta,2021,10,October,4,Sunday
2021-10-10,Germany,83200000,59892.0,279.0,1371.0,286.0,2138340.0,2.8,86.47,80.36,7.47,71.99,0.335,66.65,High,Delta,2021,10,October,4,Sunday
2021-10-17,Germany,83200000,55233.0,235.0,1264.0,370.0,2164872.0,2.55,86.78,80.36,8.38,66.39,0.282,61.17,High,Delta,2021,10,October,4,Sunday
2021-10-24,Germany,83200000,64004.0,251.0,1458.0,405.0,2130866.0,3.0,87.35,80.82,8.97,76.93,0.302,63.82,High,Delta,2021,10,October,4,Sunday
2021-10-31,Germany,83200000,67608.0,271.0,1538.0,309.0,2438447.0,2.77,87.35,80.98,10.26,81.26,0.326,70.25,High,Delta,2021,10,October,4,Sunday
2021-11-07,Germany,83200000,66806.0,284.0,1516.0,384.0,2477530.0,2.7,87.48,81.21,11.58,80.3,0.341,68.25,High,Delta,2021,11,November,4,Sunday
2021-11-14,Germany,83200000,75074.0,295.0,1694.0,360.0,2575061.0,2.92,87.48,81.79,11.63,90.23,0.355,67.76,High,Delta,2021,11,November,4,Sunday
2021-11-21,Germany,83200000,89457.0,382.0,2011.0,302.0,2669310.0,3.35,87.48,82.2,12.7,107.52,0.459,72.78,Lockdown,Delta,2021,11,November,4,Sunday
2021-11-28,Germany,83200000,111375.0,390.0,2503.0,785.0,2567580.0,4.34,87.48,82.2,13.92,133.86,0.469,79.47,Lockdown,Delta,2021,11,November,4,Sunday
2021-12-05,Germany,83200000,107250.0,468.0,2404.0,585.0,2736535.0,3.92,87.48,82.48,15.91,128.91,0.562,78.46,Lockdown,Delta,2021,12,December,4,Sunday
2021-12-12,Germany,83200000,96676.0,108.0,1036.0,261.0,2663257.0,3.63,87.48,82.48,17.05,116.2,0.13,60.98,Lockdown,Omicron,2021,12,December,4,Sunday
2021-12-19,Germany,83200000,89138.0,123.0,956.0,241.0,2576944.0,3.46,87.58,82.48,18.08,107.14,0.148,65.05,Lockdown,Omicron,2021,12,December,4,Sunday
2021-12-26,Germany,83200000,110385.0,121.0,1182.0,288.0,2934313.0,3.76,87.84,82.57,19.58,132.67,0.145,62.26,Lockdown,Omicron,2021,12,December,4,Sunday
2022-01-02,Germany,83200000,102258.0,111.0,1094.0,218.0,3141239.0,3.26,88.07,82.67,20.84,122.91,0.133,62.24,Lockdown,Omicron,2022,1,January,1,Sunday
2022-01-09,Germany,83200000,101557.0,135.0,1087.0,343.0,2993943.0,3.39,88.07,82.67,22.92,122.06,0.162,56.28,Lockdown,Omicron,2022,1,January,1,Sunday
2022-01-16,Germany,83200000,78268.0,103.0,834.0,213.0,2332834.0,3.36,88.07,83.07,24.15,94.07,0.124,55.84,Lockdown,Omicron,2022,1,January,1,Sunday
2022-01-23,Germany,83200000,72961.0,94.0,777.0,205.0,2603523.0,2.8,88.07,83.08,25.84,87.69,0.113,59.35,Lockdown,Omicron,2022,1,January,1,Sunday
2022-01-30,Germany,83200000,64442.0,88.0,687.0,156.0,2488961.0,2.59,88.07,83.08,27.79,77.45,0.106,56.06,Lockdown,Omicron,2022,1,January,1,Sunday
2022-02-06,Germany,83200000,46794.0,53.0,499.0,99.0,2017668.0,2.32,88.07,83.08,29.26,56.24,0.064,41.53,High,Omicron,2022,2,February,1,Sunday
2022-02-13,Germany,83200000,36982.0,49.0,393.0,63.0,2177959.0,1.7,88.07,83.32,30.97,44.45,0.059,52.75,Moderate,Omicron,2022,2,February,1,Sunday
2022-02-20,Germany,83200000,32895.0,38.0,350.0,73.0,1965078.0,1.67,88.51,83.32,32.76,39.54,0.046,55.28,Moderate,Omicron,2022,2,February,1,Sunday
2022-02-27,Germany,83200000,26507.0,32.0,282.0,51.0,1698339.0,1.56,88.51,83.37,34.71,31.86,0.038,44.57,Moderate,Omicron,2022,2,February,1,Sunday
2022-03-06,Germany,83200000,20497.0,24.0,217.0,57.0,1909522.0,1.07,88.51,83.55,36.66,24.64,0.029,52.47,Low,Omicron,2022,3,March,1,Sunday
2022-03-13,Germany,83200000,19093.0,19.0,202.0,60.0,1857333.0,1.03,88.51,83.55,38.01,22.95,0.023,,Low,Omicron,2022,3,March,1,Sunday
2022-03-20,Germany,83200000,11583.0,14.0,123.0,25.0,1704265.0,0.68,88.51,83.55,39.71,13.92,0.017,49.74,Low,Omicron,2022,3,March,1,Sunday
2022-03-27,Germany,83200000,16468.0,21.0,174.0,36.0,1788891.0,0.92,88.51,83.9,40.99,19.79,0.025,48.07,None,Omicron,2022,3,March,1,Sunday
2022-04-03,Germany,83200000,19450.0,21.0,206.0,54.0,1724649.0,1.13,88.51,83.9,42.37,23.38,0.025,42.65,Low,Omicron,2022,4,April,2,Sunday
2022-04-10,Germany,83200000,20133.0,27.0,213.0,37.0,1927802.0,1.04,88.51,83.9,44.25,24.2,0.032,49.73,Low,Omicron,2022,4,April,2,Sunday
2022-04-17,Germany,83200000,22134.0,26.0,234.0,72.0,1855519.0,1.19,88.51,83.9,45.52,26.6,0.031,51.78,Low,Omicron,2022,4,April,2,Sunday
2022-04-24,Germany,83200000,25871.0,28.0,273.0,58.0,1932047.0,1.34,88.51,83.9,,31.09,0.034,50.34,Low,Omicron,2022,4,April,2,Sunday
2022-05-01,Germany,83200000,29519.0,37.0,312.0,52.0,2005985.0,1.47,88.51,83.9,47.98,35.48,0.044,51.43,Low,Omicron,2022,5,May,2,Sunday
2022-05-08,Germany,83200000,33745.0,36.0,357.0,64.0,1815974.0,1.86,88.51,83.9,49.25,40.56,0.043,49.55,Low,Omicron,2022,5,May,2,Sunday
2022-05-15,Germany,83200000,37304.0,38.0,394.0,122.0,1897129.0,1.97,88.51,83.9,50.24,44.84,0.046,46.42,Moderate,Omicron,2022,5,May,2,Sunday
2022-05-22,Germany,83200000,42805.0,54.0,452.0,87.0,1736189.0,2.47,88.51,83.9,,51.45,0.065,53.6,Moderate,Omicron,2022,5,May,2,Sunday
2022-05-29,Germany,83200000,42335.0,,447.0,117.0,2198475.0,1.93,88.51,83.9,52.57,50.88,0.053,,Moderate,Omicron,2022,5,May,2,Sunday
2022-06-05,Germany,83200000,39302.0,41.0,415.0,73.0,1866729.0,2.11,88.51,83.9,53.75,47.24,0.049,54.19,Moderate,Omicron,2022,6,June,2,Sunday
2022-06-12,Germany,83200000,57129.0,73.0,604.0,111.0,2304456.0,2.48,88.51,83.9,54.26,68.66,0.088,48.96,Moderate,Omicron,2022,6,June,2,Sunday
2022-06-19,Germany,83200000,47298.0,49.0,500.0,150.0,2226962.0,2.12,88.51,83.9,54.98,56.85,0.059,48.73,High,Omicron,2022,6,June,2,Sunday
2022-06-26,Germany,83200000,49560.0,64.0,524.0,92.0,2295325.0,2.16,88.51,83.9,55.39,59.57,0.077,50.73,Moderate,Omicron,2022,6,June,2,Sunday
2022-07-03,Germany,83200000,41480.0,54.0,438.0,67.0,1891601.0,2.19,88.51,83.9,56.34,49.86,0.065,47.69,High,Omicron,2022,7,July,3,Sunday
2022-07-10,Germany,83200000,43792.0,37.0,379.0,89.0,2109807.0,2.08,88.51,83.9,56.94,52.63,0.044,50.98,Moderate,Omicron (BA.5),2022,7,July,3,Sunday
2022-07-17,Germany,83200000,38527.0,37.0,333.0,99.0,2332922.0,1.65,88.51,83.9,57.07,46.31,0.044,51.23,Moderate,Omicron (BA.5),2022,7,July,3,Sunday
2022-07-24,Germany,83200000,40812.0,34.0,353.0,73.0,2371227.0,1.72,88.51,83.92,57.83,49.05,0.041,46.95,Moderate,Omicron (BA.5),2022,7,July,3,Sunday
2022-07-31,Germany,83200000,34002.0,34.0,294.0,51.0,2162120.0,1.57,88.51,83.92,58.35,40.87,0.041,51.66,Moderate,Omicron (BA.5),2022,7,July,3,Sunday
2022-08-07,Germany,83200000,29763.0,25.0,257.0,81.0,2005917.0,1.48,88.51,83.96,58.99,35.77,0.03,50.72,Moderate,Omicron (BA.5),2022,8,August,3,Sunday
2022-08-14,Germany,83200000,25704.0,28.0,222.0,59.0,1751514.0,1.47,88.51,83.96,59.38,30.89,0.034,47.37,Low,Omicron (BA.5),2022,8,August,3,Sunday
2022-08-21,Germany,83200000,22129.0,19.0,191.0,56.0,1968973.0,1.12,88.51,83.96,59.41,26.6,0.023,47.89,Low,Omicron (BA.5),2022,8,August,3,Sunday
2022-08-28,Germany,83200000,19075.0,19.0,165.0,46.0,1802361.0,1.06,88.51,83.96,60.03,22.93,0.023,43.09,Low,Omicron (BA.5),2022,8,August,3,Sunday
2022-09-04,Germany,83200000,15515.0,13.0,134.0,36.0,1862832.0,0.83,88.52,83.96,60.12,18.65,0.016,46.72,Low,Omicron (BA.5),2022,9,September,3,Sunday
2022-09-11,Germany,83200000,15341.0,13.0,133.0,29.0,1690650.0,0.91,88.52,83.96,60.12,18.44,0.016,47.55,Low,Omicron (BA.5),2022,9,September,3,Sunday
2022-09-18,Germany,83200000,9762.0,9.0,84.0,17.0,1690410.0,0.58,88.52,83.96,60.51,11.73,0.011,47.29,Low,Omicron (BA.5),2022,9,September,3,Sunday
2022-09-25,Germany,83200000,6370.0,6.0,55.0,15.0,1695551.0,0.38,88.52,83.96,61.19,7.66,0.007,47.42,None,Omicron (BA.5),2022,9,September,3,Sunday
2022-10-02,Germany,83200000,3132.0,3.0,27.0,7.0,1667082.0,0.19,88.52,83.96,61.19,3.76,0.004,46.7,None,Omicron (BA.5),2022,10,October,4,Sunday
2022-10-09,Germany,83200000,3242.0,3.0,28.0,9.0,1700822.0,0.19,88.52,83.96,61.25,3.9,0.004,45.45,None,Omicron (BA.5),2022,10,October,4,Sunday
2022-10-16,Germany,83200000,4681.0,4.0,40.0,10.0,1576780.0,0.3,88.52,83.96,61.84,5.63,0.005,46.99,None,Omicron (BA.5),2022,10,October,4,Sunday
2022-10-23,Germany,83200000,4554.0,4.0,39.0,8.0,1474354.0,0.31,88.52,83.96,61.84,5.47,0.005,48.76,None,Omicron (BA.5),2022,10,October,4,Sunday
2022-10-30,Germany,83200000,3537.0,3.0,31.0,7.0,1852856.0,0.19,88.52,83.96,61.84,4.25,0.004,45.91,None,Omicron (BA.5),2022,10,October,4,Sunday
2022-11-06,Germany,83200000,2080.0,2.0,18.0,5.0,1945360.0,0.11,88.52,84.01,61.84,2.5,0.002,46.76,None,Omicron (BA.5),2022,11,November,4,Sunday
2022-11-13,Germany,83200000,250.0,0.0,2.0,0.0,1657708.0,0.02,88.52,84.01,62.32,0.3,0.0,45.29,None,Omicron (BA.5),2022,11,November,4,Sunday
2022-11-20,Germany,83200000,1168.0,1.0,10.0,3.0,1440727.0,0.08,88.52,84.01,62.32,1.4,0.001,44.25,None,Omicron (BA.5),2022,11,November,4,Sunday
2022-11-27,Germany,83200000,250.0,0.0,2.0,0.0,1501428.0,0.02,88.52,84.01,62.32,0.3,0.0,47.06,None,Omicron (BA.5),2022,11,November,4,Sunday
2022-12-04,Germany,83200000,250.0,0.0,2.0,0.0,1665608.0,0.02,88.57,84.01,62.48,0.3,0.0,44.37,None,Omicron (BA.5),2022,12,December,4,Sunday
2022-12-11,Germany,83200000,473.0,0.0,4.0,1.0,1775091.0,,88.57,84.01,62.48,0.57,0.0,46.75,None,Omicron (BA.5),2022,12,December,4,Sunday
2022-12-18,Germany,83200000,916.0,1.0,8.0,2.0,1452330.0,0.06,88.57,84.01,62.48,1.1,0.001,45.91,None,Omicron (BA.5),2022,12,December,4,Sunday
2022-12-25,Germany,83200000,1532.0,2.0,13.0,,1599678.0,0.1,88.57,84.01,62.48,1.84,0.002,45.14,None,Omicron (BA.5),2022,12,December,4,Sunday
2021-01-03,Ghana,32800000,1582.0,15.0,101.0,30.0,85662.0,1.85,9.12,6.97,0.47,4.82,0.046,52.06,Low,Alpha,2021,1,January,1,Sunday
2021-01-10,Ghana,32800000,434.0,4.0,28.0,6.0,70576.0,0.61,9.23,6.97,0.47,1.32,0.012,48.52,Low,Alpha,2021,1,January,1,Sunday
2021-01-17,Ghana,32800000,1767.0,15.0,112.0,24.0,92797.0,1.9,9.81,6.99,0.68,5.39,0.046,49.94,None,Alpha,2021,1,January,1,Sunday
2021-01-24,Ghana,32800000,2924.0,26.0,186.0,38.0,88936.0,3.29,10.44,6.99,0.75,8.91,0.079,54.09,Low,Alpha,2021,1,January,1,Sunday
2021-01-31,Ghana,32800000,4062.0,33.0,258.0,62.0,86262.0,4.71,10.44,6.99,0.75,12.38,0.101,57.37,Low,Alpha,2021,1,January,1,Sunday
2021-02-07,Ghana,32800000,3817.0,33.0,242.0,70.0,85212.0,4.48,11.17,7.56,0.75,11.64,0.101,54.31,Moderate,Alpha,2021,2,February,1,Sunday
2021-02-14,Ghana,32800000,5696.0,47.0,360.0,102.0,104330.0,5.46,11.41,7.89,0.75,17.37,0.143,59.15,Low,Alpha,2021,2,February,1,Sunday
2021-02-21,Ghana,32800000,5697.0,48.0,360.0,108.0,104115.0,5.47,12.25,8.22,0.75,17.37,0.146,59.69,Moderate,Alpha,2021,2,February,1,Sunday
2021-02-28,Ghana,32800000,5712.0,54.0,360.0,86.0,95585.0,5.98,12.25,8.3,,17.41,0.165,57.23,Moderate,Alpha,2021,2,February,1,Sunday
2021-03-07,Ghana,32800000,6370.0,67.0,400.0,105.0,103557.0,6.15,13.23,9.18,0.75,19.42,0.204,62.69,Moderate,Alpha,2021,3,March,1,Sunday
2021-03-14,Ghana,32800000,6794.0,57.0,426.0,133.0,96629.0,7.03,13.23,9.39,0.75,20.71,0.174,58.01,High,Alpha,2021,3,March,1,Sunday
2021-03-21,Ghana,32800000,6473.0,64.0,406.0,108.0,102757.0,6.3,14.11,9.4,0.75,19.73,0.195,59.59,High,Alpha,2021,3,March,1,Sunday
2021-03-28,Ghana,32800000,4675.0,37.0,292.0,52.0,109175.0,,14.61,10.27,0.75,14.25,0.113,58.03,High,Alpha,2021,3,March,1,Sunday
2021-04-04,Ghana,32800000,5045.0,44.0,314.0,65.0,116045.0,4.35,15.02,10.85,0.75,15.38,0.134,54.2,Moderate,Alpha,2021,4,April,2,Sunday
2021-04-11,Ghana,32800000,3819.0,34.0,237.0,39.0,92585.0,4.12,15.31,11.37,0.75,11.64,0.104,56.45,Moderate,Alpha,2021,4,April,2,Sunday
2021-04-18,Ghana,32800000,3736.0,30.0,231.0,39.0,97089.0,3.85,16.06,11.37,0.75,11.39,0.091,54.55,Low,Alpha,2021,4,April,2,Sunday
2021-04-25,Ghana,32800000,1290.0,12.0,80.0,19.0,86577.0,1.49,17.01,11.58,0.75,3.93,0.037,52.33,Low,Alpha,2021,4,April,2,Sunday
2021-05-02,Ghana,32800000,2037.0,17.0,126.0,35.0,74994.0,2.72,17.74,11.8,0.75,6.21,0.052,52.09,None,Alpha,2021,5,May,2,Sunday
2021-05-09,Ghana,32800000,875.0,9.0,54.0,10.0,74697.0,1.17,18.45,12.42,0.75,2.67,0.027,47.75,Low,Alpha,2021,5,May,2,Sunday
2021-05-16,Ghana,32800000,1214.0,11.0,74.0,15.0,68143.0,1.78,18.59,13.45,0.75,3.7,0.034,49.4,None,Alpha,2021,5,May,2,Sunday
2021-05-23,Ghana,32800000,335.0,3.0,21.0,4.0,82955.0,0.4,19.08,13.45,0.75,1.02,0.009,47.72,None,Alpha,2021,5,May,2,Sunday
2021-05-30,Ghana,32800000,980.0,8.0,60.0,18.0,95556.0,1.03,19.7,13.73,0.75,2.99,0.024,53.41,None,Alpha,2021,5,May,2,Sunday
2021-06-06,Ghana,32800000,1537.0,13.0,94.0,17.0,92184.0,1.67,20.72,14.05,0.75,4.69,0.04,49.7,None,Alpha,2021,6,June,2,Sunday
2021-06-13,Ghana,32800000,975.0,9.0,59.0,9.0,82960.0,1.18,20.86,15.21,0.75,2.97,0.027,47.97,Low,Alpha,2021,6,June,2,Sunday
2021-06-20,Ghana,32800000,2885.0,33.0,201.0,51.0,89703.0,3.22,21.3,15.21,0.75,8.8,0.101,52.58,None,Delta,2021,6,June,2,Sunday
2021-06-27,Ghana,32800000,1456.0,17.0,101.0,24.0,82228.0,1.77,21.75,15.41,0.75,4.44,0.052,50.2,Low,Delta,2021,6,June,2,Sunday
2021-07-04,Ghana,32800000,3476.0,39.0,241.0,36.0,100661.0,3.45,22.34,15.75,0.75,10.6,0.119,51.57,None,Delta,2021,7,July,3,Sunday
2021-07-11,Ghana,32800000,2216.0,27.0,154.0,43.0,89206.0,2.48,23.05,15.92,0.75,6.76,0.082,50.54,Low,Delta,2021,7,July,3,Sunday
2021-07-18,Ghana,32800000,4664.0,55.0,321.0,71.0,98089.0,4.75,23.25,17.19,0.75,14.22,0.168,54.55,Low,Delta,2021,7,July,3,Sunday
2021-07-25,Ghana,32800000,5658.0,60.0,389.0,95.0,92657.0,6.11,23.82,17.19,0.75,17.25,0.183,57.15,Moderate,Delta,2021,7,July,3,Sunday
2021-08-01,Ghana,32800000,6094.0,77.0,418.0,110.0,108365.0,5.62,24.52,17.57,0.75,18.58,0.235,62.33,Moderate,Delta,2021,8,August,3,Sunday
2021-08-08,Ghana,32800000,6827.0,,467.0,74.0,105081.0,6.5,24.92,18.1,0.75,20.81,0.25,62.03,Moderate,Delta,2021,8,August,3,Sunday
2021-08-15,Ghana,32800000,6321.0,62.0,432.0,77.0,107622.0,5.87,25.74,18.32,0.75,19.27,0.189,58.94,High,Delta,2021,8,August,3,Sunday
2021-08-22,Ghana,32800000,7970.0,77.0,544.0,124.0,119858.0,6.65,26.26,18.43,0.75,24.3,0.235,64.16,Moderate,Delta,2021,8,August,3,Sunday
2021-08-29,Ghana,32800000,8675.0,103.0,589.0,106.0,98951.0,8.77,26.62,19.31,0.75,26.45,0.314,65.42,High,Delta,2021,8,August,3,Sunday
2021-09-05,Ghana,32800000,9703.0,112.0,658.0,112.0,115214.0,8.42,27.16,19.53,0.75,29.58,0.341,68.48,High,Delta,2021,9,September,3,Sunday
2021-09-12,Ghana,32800000,8644.0,107.0,583.0,120.0,109707.0,7.88,27.51,20.4,0.75,26.35,0.326,62.07,High,Delta,2021,9,September,3,Sunday
2021-09-19,Ghana,32800000,8522.0,99.0,574.0,128.0,,7.86,27.51,20.7,0.75,25.98,0.302,,High,Delta,2021,9,September,3,Sunday
26/09/2021,Ghana,32800000,6748.0,67.0,452.0,133.0,96565.0,6.99,28.1,21.51,0.8,20.57,0.204,57.86,High,Delta,2021,9,September,3,Sunday
2021-10-03,Ghana,32800000,6855.0,64.0,459.0,115.0,100274.0,6.84,29.0,21.51,1.17,20.9,0.195,59.44,High,Delta,2021,10,October,4,Sunday
2021-10-10,Ghana,32800000,7679.0,84.0,514.0,158.0,100160.0,7.67,29.0,21.84,1.17,23.41,0.256,61.73,High,Delta,2021,10,October,4,Sunday
2021-10-17,Ghana,32800000,7891.0,86.0,527.0,120.0,117969.0,6.69,29.86,21.92,1.17,24.06,0.262,61.38,High,Delta,2021,10,October,4,Sunday
2021-10-24,Ghana,32800000,6594.0,80.0,438.0,101.0,108598.0,6.07,30.26,22.89,1.17,20.1,0.244,62.9,High,Delta,2021,10,October,4,Sunday
2021-10-31,Ghana,32800000,7166.0,82.0,476.0,97.0,110388.0,6.49,30.28,22.89,1.38,21.85,0.25,66.86,High,Delta,2021,10,October,4,Sunday
2021-11-07,Ghana,32800000,7655.0,92.0,508.0,83.0,92799.0,8.25,30.54,23.02,1.65,23.34,0.28,65.4,High,Delta,2021,11,November,4,Sunday
2021-11-14,Ghana,32800000,6345.0,73.0,420.0,75.0,120687.0,5.26,31.07,23.54,1.65,19.35,0.223,58.98,High,Delta,2021,11,November,4,Sunday
2021-11-21,Ghana,32800000,5672.0,64.0,375.0,61.0,98362.0,5.77,31.39,23.54,1.81,17.29,0.195,59.41,High,Delta,2021,11,November,4,Sunday
2021-11-28,Ghana,32800000,7833.0,85.0,517.0,139.0,125847.0,6.22,31.91,23.85,1.81,23.88,0.259,63.47,Moderate,Delta,2021,11,November,4,Sunday
2021-12-05,Ghana,32800000,8553.0,93.0,563.0,118.0,,7.12,31.91,24.46,1.81,26.08,0.284,63.65,High,Delta,2021,12,December,4,Sunday
2021-12-12,Ghana,32800000,9802.0,104.0,643.0,100.0,116208.0,8.43,32.11,24.81,1.81,29.88,0.317,71.16,High,Delta,2021,12,December,4,Sunday
2021-12-19,Ghana,32800000,10480.0,38.0,328.0,91.0,140953.0,7.44,32.31,25.05,1.81,31.95,0.116,62.33,High,Omicron,2021,12,December,4,Sunday
2021-12-26,Ghana,32800000,13343.0,40.0,418.0,81.0,138763.0,9.62,32.31,25.12,1.81,40.68,0.122,56.65,Lockdown,Omicron,2021,12,December,4,Sunday
2022-01-02,Ghana,32800000,14142.0,51.0,442.0,133.0,133492.0,10.59,32.99,25.49,1.81,43.12,0.155,64.73,High,Omicron,2022,1,January,1,Sunday
2022-01-09,Ghana,32800000,16203.0,53.0,505.0,146.0,139805.0,11.59,32.99,25.95,1.81,49.4,0.162,61.75,High,Omicron,2022,1,January,1,Sunday
2022-01-16,Ghana,32800000,13157.0,42.0,410.0,83.0,142882.0,9.21,33.51,25.95,1.82,40.11,0.128,59.4,Lockdown,Omicron,2022,1,January,1,Sunday
2022-01-23,Ghana,32800000,13567.0,40.0,422.0,80.0,127909.0,10.61,33.71,26.14,1.82,41.36,0.122,61.16,Lockdown,Omicron,2022,1,January,1,Sunday
2022-01-30,Ghana,32800000,12116.0,36.0,377.0,120.0,,9.78,34.21,26.14,2.35,36.94,0.11,62.82,High,Omicron,2022,1,January,1,Sunday
2022-02-06,Ghana,32800000,10398.0,34.0,322.0,93.0,115046.0,9.04,34.21,26.81,2.35,31.7,0.104,57.82,Lockdown,Omicron,2022,2,February,1,Sunday
2022-02-13,Ghana,32800000,9478.0,27.0,294.0,90.0,110013.0,8.62,34.21,26.81,2.35,28.9,0.082,57.21,Lockdown,Omicron,2022,2,February,1,Sunday
2022-02-20,Ghana,32800000,8636.0,23.0,268.0,41.0,107365.0,8.04,34.77,26.81,2.35,26.33,0.07,57.44,High,Omicron,2022,2,February,1,Sunday
2022-02-27,Ghana,32800000,8785.0,26.0,272.0,68.0,130494.0,6.73,35.57,27.16,2.35,26.78,0.079,57.97,High,Omicron,2022,2,February,1,Sunday
2022-03-06,Ghana,32800000,6557.0,20.0,202.0,39.0,,5.76,35.57,27.57,3.24,19.99,0.061,54.38,High,Omicron,2022,3,March,1,Sunday
2022-03-13,Ghana,32800000,4666.0,17.0,143.0,31.0,99449.0,4.69,35.57,28.28,3.24,14.23,0.052,53.67,High,Omicron,2022,3,March,1,Sunday
2022-03-20,Ghana,32800000,4616.0,15.0,142.0,23.0,93142.0,4.96,35.57,28.28,3.24,14.07,0.046,49.6,Moderate,Omicron,2022,3,March,1,Sunday
2022-03-27,Ghana,32800000,2663.0,8.0,82.0,23.0,85554.0,3.11,35.57,28.28,3.24,8.12,0.024,44.75,Moderate,Omicron,2022,3,March,1,Sunday
2022-04-03,Ghana,32800000,3296.0,12.0,101.0,24.0,89365.0,3.69,35.57,28.28,3.5,10.05,0.037,54.29,Low,Omicron,2022,4,April,2,Sunday
2022-04-10,Ghana,32800000,2529.0,8.0,78.0,22.0,101692.0,2.49,35.81,28.28,3.5,7.71,0.024,46.36,Low,Omicron,2022,4,April,2,Sunday
2022-04-17,Ghana,32800000,1913.0,7.0,59.0,10.0,88477.0,2.16,35.81,28.6,3.64,5.83,0.021,46.99,Low,Omicron,2022,4,April,2,Sunday
2022-04-24,Ghana,32800000,3352.0,12.0,103.0,33.0,97812.0,3.43,36.05,28.6,3.64,10.22,0.037,48.96,Low,Omicron,2022,4,April,2,Sunday
2022-05-01,Ghana,32800000,2662.0,9.0,81.0,17.0,90928.0,2.93,36.05,28.88,3.64,8.12,0.027,47.8,Low,Omicron,2022,5,May,2,Sunday
2022-05-08,Ghana,32800000,2198.0,7.0,67.0,21.0,81410.0,2.7,36.05,28.88,3.64,6.7,0.021,46.77,Low,Omicron,2022,5,May,2,Sunday
2022-05-15,Ghana,32800000,2635.0,9.0,80.0,21.0,90123.0,2.92,36.09,29.02,3.73,8.03,0.027,50.18,Low,Omicron,2022,5,May,2,Sunday
2022-05-22,Ghana,32800000,2820.0,8.0,86.0,14.0,82377.0,3.42,36.77,29.02,3.93,8.6,0.024,50.41,Low,Omicron,2022,5,May,2,Sunday
2022-05-29,Ghana,32800000,3545.0,11.0,108.0,31.0,101973.0,3.48,36.77,29.67,4.03,10.81,0.034,51.51,Low,Omicron,2022,5,May,2,Sunday
2022-06-05,Ghana,32800000,3984.0,11.0,121.0,30.0,89168.0,4.47,36.77,29.67,4.44,12.15,0.034,51.79,Low,Omicron,2022,6,June,2,Sunday
2022-06-12,Ghana,32800000,5046.0,15.0,154.0,28.0,94613.0,5.33,36.77,29.67,4.44,15.38,0.046,50.45,Moderate,Omicron,2022,6,June,2,Sunday
2022-06-19,Ghana,32800000,4813.0,13.0,146.0,27.0,104596.0,4.6,37.0,29.67,4.44,14.67,0.04,50.18,Moderate,Omicron,2022,6,June,2,Sunday
2022-06-26,Ghana,32800000,4879.0,17.0,148.0,46.0,92973.0,5.25,37.0,29.71,4.45,14.88,0.052,54.09,Moderate,Omicron,2022,6,June,2,Sunday
07-03-2022,Ghana,32800000,5561.0,15.0,169.0,54.0,99459.0,5.59,37.02,29.72,5.07,16.95,0.046,50.69,Moderate,Omicron,2022,7,July,3,Sunday
2022-07-10,Ghana,32800000,4284.0,13.0,130.0,32.0,75792.0,5.65,37.02,29.72,5.24,13.06,0.04,,Moderate,Omicron,2022,7,July,3,Sunday
2022-07-17,Ghana,32800000,6792.0,16.0,169.0,31.0,103478.0,6.56,37.04,30.02,5.74,20.71,0.049,54.32,Moderate,Omicron (BA.5),2022,7,July,3,Sunday
2022-07-24,Ghana,32800000,6208.0,15.0,154.0,32.0,108789.0,5.71,37.06,30.02,6.08,18.93,0.046,51.45,High,Omicron (BA.5),2022,7,July,3,Sunday
2022-07-31,Ghana,32800000,5727.0,16.0,142.0,26.0,96800.0,5.92,37.06,30.02,6.08,17.46,0.049,49.83,Moderate,Omicron (BA.5),2022,7,July,3,Sunday
2022-08-07,Ghana,32800000,6396.0,17.0,159.0,40.0,109293.0,5.85,37.32,30.11,6.08,19.5,0.052,,Moderate,Omicron (BA.5),2022,8,August,3,Sunday
2022-08-14,Ghana,32800000,4509.0,12.0,112.0,24.0,96851.0,4.66,37.66,30.11,6.22,13.75,0.037,52.9,High,Omicron (BA.5),2022,8,August,3,Sunday
2022-08-21,Ghana,32800000,4423.0,12.0,110.0,24.0,105036.0,4.21,37.66,30.32,6.22,13.49,0.037,51.49,Moderate,Omicron (BA.5),2022,8,August,3,Sunday
2022-08-28,Ghana,32800000,2712.0,7.0,67.0,19.0,84424.0,3.21,37.66,30.32,6.6,8.27,0.021,49.18,Moderate,Omicron (BA.5),2022,8,August,3,Sunday
2022-09-04,Ghana,32800000,4484.0,11.0,111.0,35.0,95003.0,4.72,37.66,30.32,7.47,13.67,0.034,47.14,Low,Omicron (BA.5),2022,9,September,3,Sunday
2022-09-11,Ghana,32800000,3551.0,9.0,88.0,16.0,82150.0,4.32,37.66,30.32,7.47,10.83,0.027,49.89,Moderate,Omicron (BA.5),2022,9,September,3,Sunday
2022-09-18,Ghana,32800000,3526.0,8.0,87.0,19.0,92310.0,3.82,37.66,30.32,7.47,10.75,0.024,48.72,Low,Omicron (BA.5),2022,9,September,3,Sunday
2022-09-25,Ghana,32800000,3089.0,7.0,77.0,19.0,88150.0,3.5,37.66,30.32,7.74,9.42,0.021,46.64,Low,Omicron (BA.5),2022,9,September,3,Sunday
2022-10-02,Ghana,32800000,1442.0,4.0,36.0,7.0,91054.0,1.58,37.7,30.32,8.29,4.4,0.012,46.05,Low,Omicron (BA.5),2022,10,October,4,Sunday
2022-10-09,Ghana,32800000,892.0,2.0,22.0,5.0,78216.0,1.14,37.8,30.81,8.29,2.72,0.006,48.82,None,Omicron (BA.5),2022,10,October,4,Sunday
2022-10-16,Ghana,32800000,98.0,0.0,2.0,0.0,76436.0,0.13,37.83,30.81,8.59,0.3,0.0,49.52,None,Omicron (BA.5),2022,10,October,4,Sunday
2022-10-23,Ghana,32800000,108.0,0.0,3.0,0.0,74883.0,0.14,37.85,30.84,8.59,0.33,0.0,43.8,None,Omicron (BA.5),2022,10,October,4,Sunday
2022-10-30,Ghana,32800000,447.0,1.0,11.0,3.0,80705.0,0.55,37.85,30.84,9.27,1.36,0.003,44.39,None,Omicron (BA.5),2022,10,October,4,Sunday
2022-11-06,Ghana,32800000,98.0,0.0,2.0,0.0,91705.0,0.11,37.85,30.84,9.45,0.3,0.0,48.15,None,Omicron (BA.5),2022,11,November,4,Sunday
2022-11-13,Ghana,32800000,98.0,0.0,2.0,1.0,56980.0,0.17,37.85,30.84,9.93,0.3,0.0,,None,Omicron (BA.5),2022,11,November,4,Sunday
2022-11-20,Ghana,32800000,160.0,0.0,4.0,1.0,79063.0,0.2,37.85,30.84,9.93,0.49,0.0,47.86,None,Omicron (BA.5),2022,11,November,4,Sunday
2022-11-27,Ghana,32800000,732.0,2.0,18.0,5.0,89357.0,0.82,38.13,30.84,10.14,2.23,0.006,45.89,None,Omicron (BA.5),2022,11,November,4,Sunday
2022-12-04,Ghana,32800000,98.0,0.0,2.0,1.0,75862.0,0.13,38.13,31.3,10.81,0.3,0.0,47.86,None,Omicron (BA.5),2022,12,December,4,Sunday
2022-12-11,Ghana,32800000,151.0,0.0,4.0,1.0,82675.0,0.18,38.13,31.3,10.81,0.46,0.0,43.05,None,Omicron (BA.5),2022,12,December,4,Sunday
2022-12-18,Ghana,32800000,1266.0,3.0,31.0,6.0,91743.0,1.38,38.13,31.3,11.12,3.86,0.009,48.76,None,Omicron (BA.5),2022,12,December,4,Sunday
2022-12-25,Ghana,32800000,98.0,0.0,2.0,0.0,77370.0,0.13,38.13,31.3,11.27,0.3,0.0,41.17,None,Omicron (BA.5),2022,12,December,4,Sunday
2021-01-03,Greece,10700000,837.0,8.0,50.0,8.0,167286.0,0.5,17.26,11.55,0.31,7.82,0.075,42.07,None,Alpha,2021,1,January,1,Sunday
2021-01-10,Greece,10700000,1670.0,14.0,99.0,15.0,164654.0,1.01,20.02,12.36,0.31,15.61,0.131,46.09,None,Alpha,2021,1,January,1,Sunday
2021-01-17,Greece,10700000,1701.0,17.0,100.0,29.0,194131.0,0.88,21.98,13.64,0.31,15.89,0.159,43.47,Low,Alpha,2021,1,January,1,Sunday
2021-01-24,Greece,10700000,2061.0,20.0,120.0,18.0,165038.0,1.25,23.31,15.48,0.31,19.26,0.187,48.47,Low,Alpha,2021,1,January,1,Sunday
31/01/2021,Greece,10700000,2650.0,23.0,153.0,25.0,191912.0,1.38,25.12,16.95,0.31,24.76,0.215,50.57,Low,Alpha,2021,1,January,1,Sunday
2021-02-07,Greece,10700000,3170.0,30.0,182.0,28.0,187379.0,1.69,28.13,18.26,0.41,29.63,0.28,54.63,Moderate,Alpha,2021,2,February,1,Sunday
2021-02-14,Greece,10700000,3559.0,32.0,202.0,61.0,207427.0,1.72,29.29,19.73,0.44,33.27,0.299,57.79,Moderate,Alpha,2021,2,February,1,Sunday
2021-02-21,Greece,10700000,4256.0,34.0,240.0,38.0,206252.0,2.06,32.18,21.06,0.44,39.77,0.318,61.91,Moderate,Alpha,2021,2,February,1,Sunday
2021-02-28,Greece,10700000,5075.0,43.0,283.0,60.0,226064.0,2.24,34.65,23.02,0.44,47.43,0.402,64.16,High,Alpha,2021,2,February,1,Sunday
2021-03-07,Greece,10700000,3750.0,27.0,207.0,39.0,227870.0,1.65,36.78,24.56,0.44,35.05,0.252,57.74,High,Alpha,2021,3,March,1,Sunday
2021-03-14,Greece,10700000,4069.0,32.0,221.0,46.0,200466.0,2.03,39.17,26.84,0.44,38.02,0.299,56.54,Moderate,Alpha,2021,3,March,1,Sunday
2021-03-21,Greece,10700000,3750.0,33.0,203.0,40.0,196031.0,1.91,41.26,27.84,0.44,35.05,0.308,58.9,High,Alpha,2021,3,March,1,Sunday
2021-03-28,Greece,10700000,2991.0,24.0,159.0,48.0,191789.0,1.56,43.8,30.21,0.51,27.96,0.224,49.58,Moderate,Alpha,2021,3,March,1,Sunday
2021-04-04,Greece,10700000,2316.0,17.0,122.0,34.0,209185.0,1.11,45.73,31.57,0.51,21.64,0.159,47.69,Moderate,Alpha,2021,4,April,2,Sunday
2021-04-11,Greece,10700000,1516.0,12.0,79.0,24.0,174454.0,0.87,48.01,34.11,0.64,14.17,0.112,47.12,Low,Alpha,2021,4,April,2,Sunday
2021-04-18,Greece,10700000,944.0,8.0,49.0,13.0,184100.0,0.51,50.37,35.36,0.64,8.83,0.075,39.91,Low,Alpha,2021,4,April,2,Sunday
2021-04-25,Greece,10700000,1081.0,7.0,55.0,11.0,167100.0,0.65,52.0,37.49,0.64,10.1,0.065,38.35,None,Alpha,2021,4,April,2,Sunday
2021-05-02,Greece,10700000,983.0,7.0,49.0,9.0,184109.0,0.53,54.65,39.43,0.64,9.19,0.065,40.09,Low,Alpha,2021,5,May,2,Sunday
2021-05-09,Greece,10700000,869.0,5.0,43.0,10.0,171902.0,0.51,55.66,41.82,0.64,8.12,0.047,44.02,None,Alpha,2021,5,May,2,Sunday
2021-05-16,Greece,10700000,711.0,5.0,34.0,7.0,171514.0,0.41,58.34,43.76,0.75,6.65,0.047,33.99,None,Alpha,2021,5,May,2,Sunday
2021-05-23,Greece,10700000,666.0,4.0,32.0,8.0,144792.0,0.46,60.08,46.24,0.75,6.22,0.037,39.72,None,Alpha,2021,5,May,2,Sunday
2021-05-30,Greece,10700000,594.0,3.0,28.0,4.0,141960.0,0.42,61.32,47.28,0.94,5.56,0.028,37.49,None,Alpha,2021,5,May,2,Sunday
2021-06-06,Greece,10700000,1055.0,9.0,56.0,15.0,183616.0,0.57,62.69,49.28,1.06,9.86,0.084,41.38,None,Delta,2021,6,June,2,Sunday
2021-06-13,Greece,10700000,1095.0,9.0,58.0,12.0,184071.0,0.59,64.33,50.77,1.42,10.24,0.084,41.12,Low,Delta,2021,6,June,2,Sunday
2021-06-20,Greece,10700000,1756.0,12.0,92.0,21.0,213844.0,,65.94,52.53,1.42,16.42,0.112,47.69,Low,Delta,2021,6,June,2,Sunday
2021-06-27,Greece,10700000,1832.0,16.0,95.0,30.0,158792.0,1.15,67.04,53.88,1.42,17.12,0.15,45.72,Low,Delta,2021,6,June,2,Sunday
2021-07-04,Greece,10700000,2429.0,20.0,124.0,23.0,196071.0,1.24,67.69,55.61,1.42,22.7,0.187,50.93,Low,Delta,2021,7,July,3,Sunday
2021-07-11,Greece,10700000,3597.0,23.0,182.0,31.0,188575.0,1.91,69.06,56.32,1.42,33.61,0.215,57.24,Moderate,Delta,2021,7,July,3,Sunday
2021-07-18,Greece,10700000,3544.0,30.0,178.0,33.0,192520.0,1.84,70.01,57.17,1.84,33.12,0.28,53.72,Moderate,Delta,2021,7,July,3,Sunday
2021-07-25,Greece,10700000,4344.0,28.0,215.0,45.0,207378.0,2.09,70.83,59.22,2.15,40.6,0.262,56.34,Moderate,Delta,2021,7,July,3,Sunday
2021-08-01,Greece,10700000,4262.0,26.0,210.0,51.0,221461.0,1.92,71.22,59.66,2.15,39.83,0.243,57.69,High,Delta,2021,8,August,3,Sunday
2021-08-08,Greece,10700000,5020.0,34.0,244.0,77.0,213717.0,2.35,72.24,61.62,2.4,46.92,0.318,61.48,High,Delta,2021,8,August,3,Sunday
2021-08-15,Greece,10700000,4526.0,28.0,219.0,65.0,219245.0,2.06,73.08,62.01,2.5,42.3,0.262,54.74,High,Delta,2021,8,August,3,Sunday
2021-08-22,Greece,10700000,5185.0,36.0,249.0,,243244.0,2.13,73.52,62.74,3.02,48.46,0.336,61.13,High,Delta,2021,8,August,3,Sunday
2021-08-29,Greece,10700000,5483.0,35.0,259.0,71.0,253279.0,2.16,73.98,64.67,3.35,51.24,0.327,60.87,High,Delta,2021,8,August,3,Sunday
2021-09-05,Greece,10700000,6537.0,40.0,309.0,61.0,261059.0,2.5,74.79,64.67,3.35,61.09,0.374,65.31,Lockdown,Delta,2021,9,September,3,Sunday
2021-09-12,Greece,10700000,4743.0,36.0,223.0,69.0,229777.0,2.06,74.79,65.22,4.03,44.33,0.336,56.28,High,Delta,2021,9,September,3,Sunday
2021-09-19,Greece,10700000,5059.0,31.0,236.0,57.0,223704.0,2.26,74.81,66.12,4.16,47.28,0.29,57.71,High,Delta,2021,9,September,3,Sunday
09-26-2021,Greece,10700000,4826.0,31.0,224.0,40.0,212793.0,2.27,75.13,66.71,4.32,45.1,0.29,61.25,High,Delta,2021,9,September,3,Sunday
2021-10-03,Greece,10700000,4969.0,30.0,230.0,72.0,234679.0,2.12,75.72,67.32,4.75,46.44,0.28,57.78,High,Delta,2021,10,October,4,Sunday
2021-10-10,Greece,10700000,4737.0,34.0,219.0,52.0,203026.0,2.33,75.72,67.32,5.38,44.27,0.318,60.48,High,Delta,2021,10,October,4,Sunday
2021-10-17,Greece,10700000,5146.0,30.0,236.0,42.0,229677.0,2.24,76.06,68.03,5.72,48.1,0.28,59.6,High,Delta,2021,10,October,4,Sunday
2021-10-24,Greece,10700000,3798.0,21.0,174.0,48.0,190348.0,2.0,76.5,68.17,6.13,35.49,0.196,50.42,High,Delta,2021,10,October,4,Sunday
2021-10-31,Greece,10700000,4150.0,29.0,190.0,36.0,212586.0,1.95,76.89,68.33,6.79,38.78,0.271,55.28,Moderate,Delta,2021,10,October,4,Sunday
2021-11-07,Greece,10700000,3967.0,23.0,181.0,33.0,192925.0,2.06,76.89,68.94,7.32,37.08,0.215,50.96,High,Delta,2021,11,November,4,Sunday
2021-11-14,Greece,10700000,4613.0,32.0,210.0,41.0,212852.0,2.17,76.89,68.94,8.72,43.11,0.299,58.27,High,Delta,2021,11,November,4,Sunday
11-21-2021,Greece,10700000,5526.0,35.0,250.0,62.0,220335.0,2.51,76.96,69.74,9.06,51.65,0.327,60.11,High,Delta,2021,11,November,4,Sunday
2021-11-28,Greece,10700000,5422.0,37.0,245.0,49.0,216694.0,2.5,77.1,69.74,10.49,50.67,0.346,62.29,Lockdown,Delta,2021,11,November,4,Sunday
2021-12-05,Greece,10700000,6460.0,11.0,140.0,22.0,244527.0,2.64,77.23,69.76,10.76,60.37,0.103,53.54,High,Omicron,2021,12,December,4,Sunday
2021-12-12,Greece,10700000,7867.0,17.0,170.0,37.0,214684.0,3.66,77.27,70.05,11.7,73.52,0.159,48.53,Lockdown,Omicron,2021,12,December,4,Sunday
2021-12-19,Greece,10700000,8942.0,16.0,193.0,37.0,241049.0,3.71,77.78,70.21,12.14,83.57,0.15,53.95,Lockdown,Omicron,2021,12,December,4,Sunday
2021-12-26,Greece,10700000,8491.0,14.0,182.0,43.0,292926.0,2.9,77.81,70.76,13.38,79.35,0.131,51.01,Lockdown,Omicron,2021,12,December,4,Sunday
2022-01-02,Greece,10700000,8042.0,16.0,172.0,39.0,271998.0,2.96,78.14,70.76,14.5,75.16,0.15,58.46,Lockdown,Omicron,2022,1,January,1,Sunday
2022-01-09,Greece,10700000,8999.0,15.0,193.0,32.0,266133.0,3.38,78.14,70.76,15.37,84.1,0.14,54.0,High,Omicron,2022,1,January,1,Sunday
2022-01-16,Greece,10700000,8143.0,15.0,175.0,34.0,291328.0,2.8,78.14,70.76,16.55,76.1,0.14,50.06,Lockdown,Omicron,2022,1,January,1,Sunday
2022-01-23,Greece,10700000,8562.0,17.0,184.0,36.0,262115.0,3.27,78.14,70.76,17.98,80.02,0.159,59.83,Lockdown,Omicron,2022,1,January,1,Sunday
2022-01-30,Greece,10700000,7381.0,12.0,158.0,37.0,247369.0,2.98,78.14,71.03,19.2,68.98,0.112,49.89,High,Omicron,2022,1,January,1,Sunday
2022-02-06,Greece,10700000,5482.0,9.0,117.0,34.0,217734.0,2.52,78.14,71.03,19.92,51.23,0.084,43.67,Lockdown,Omicron,2022,2,February,1,Sunday
2022-02-13,Greece,10700000,5914.0,11.0,126.0,24.0,274839.0,2.15,78.14,71.03,21.68,55.27,0.103,45.7,High,Omicron,2022,2,February,1,Sunday
2022-02-20,Greece,10700000,4934.0,9.0,105.0,19.0,228700.0,2.16,78.14,71.35,23.07,46.11,0.084,46.91,Lockdown,Omicron,2022,2,February,1,Sunday
2022-02-27,Greece,10700000,4140.0,8.0,88.0,13.0,216494.0,1.91,78.14,71.72,24.05,38.7,0.075,45.02,High,Omicron,2022,2,February,1,Sunday
2022-03-06,Greece,10700000,2814.0,6.0,60.0,15.0,201482.0,1.4,78.14,71.72,25.36,26.3,0.056,40.1,High,Omicron,2022,3,March,1,Sunday
2022-03-13,Greece,10700000,2573.0,5.0,55.0,11.0,162510.0,1.58,78.44,71.72,27.04,24.04,0.047,40.49,Moderate,Omicron,2022,3,March,1,Sunday
2022-03-20,Greece,10700000,1906.0,3.0,41.0,,172664.0,1.1,78.44,71.72,27.48,17.81,0.028,40.47,Moderate,Omicron,2022,3,March,1,Sunday
2022-03-27,Greece,10700000,1445.0,2.0,31.0,8.0,181052.0,0.8,78.44,71.72,29.59,13.5,0.019,42.68,Low,Omicron,2022,3,March,1,Sunday
2022-04-03,Greece,10700000,1251.0,2.0,27.0,4.0,171871.0,0.73,78.44,71.82,31.41,11.69,0.019,39.82,Low,Omicron,2022,4,April,2,Sunday
2022-04-10,Greece,10700000,917.0,1.0,19.0,4.0,196664.0,0.47,78.44,71.82,31.44,8.57,0.009,36.8,Low,Omicron,2022,4,April,2,Sunday
2022-04-17,Greece,10700000,1278.0,2.0,27.0,8.0,164939.0,0.77,78.44,71.82,33.75,11.95,0.019,38.41,None,Omicron,2022,4,April,2,Sunday
2022-04-24,Greece,10700000,1613.0,3.0,34.0,7.0,190451.0,0.85,78.44,71.91,34.91,15.07,0.028,41.59,Low,Omicron,2022,4,April,2,Sunday
2022-05-01,Greece,10700000,1741.0,3.0,37.0,9.0,190462.0,0.91,78.44,71.91,35.53,16.27,0.028,44.15,Low,Omicron,2022,5,May,2,Sunday
2022-05-08,Greece,10700000,1744.0,3.0,37.0,9.0,181005.0,0.96,78.44,71.91,37.29,16.3,0.028,37.19,Low,Omicron,2022,5,May,2,Sunday
2022-05-15,Greece,10700000,2408.0,4.0,51.0,10.0,193326.0,1.25,78.44,71.91,38.56,22.5,0.037,44.1,Low,Omicron,2022,5,May,2,Sunday
2022-05-22,Greece,10700000,2259.0,4.0,48.0,14.0,181984.0,1.24,78.44,71.91,38.99,21.11,0.037,40.24,Low,Omicron,2022,5,May,2,Sunday
2022-05-29,Greece,10700000,2184.0,4.0,46.0,7.0,156003.0,1.4,78.44,71.91,40.17,20.41,0.037,36.77,Low,Omicron,2022,5,May,2,Sunday
2022-06-05,Greece,10700000,2739.0,5.0,58.0,11.0,198564.0,1.38,78.44,71.91,41.37,25.6,0.047,37.44,Low,Omicron,2022,6,June,2,Sunday
2022-06-12,Greece,10700000,2896.0,6.0,61.0,15.0,202101.0,1.43,78.45,71.91,42.59,27.07,0.056,45.62,Moderate,Omicron,2022,6,June,2,Sunday
2022-06-19,Greece,10700000,3725.0,8.0,79.0,24.0,216940.0,1.72,78.45,71.94,43.01,34.81,0.075,47.66,Moderate,Omicron,2022,6,June,2,Sunday
2022-06-26,Greece,10700000,3294.0,6.0,70.0,11.0,202098.0,1.63,78.45,71.94,43.99,30.79,0.056,41.73,Moderate,Omicron,2022,6,June,2,Sunday
2022-07-03,Greece,10700000,3710.0,5.0,64.0,16.0,223079.0,1.66,78.45,72.05,44.58,34.67,0.047,42.04,Moderate,Omicron (BA.5),2022,7,July,3,Sunday
2022-07-10,Greece,10700000,3109.0,5.0,54.0,8.0,184695.0,1.68,78.45,72.05,45.51,29.06,0.047,37.15,Moderate,Omicron (BA.5),2022,7,July,3,Sunday
2022-07-17,Greece,10700000,3654.0,6.0,63.0,16.0,230437.0,1.59,78.45,72.05,46.5,34.15,0.056,44.38,Moderate,Omicron (BA.5),2022,7,July,3,Sunday
2022-07-24,Greece,10700000,3406.0,4.0,59.0,13.0,186661.0,1.82,78.45,72.05,46.85,31.83,0.037,42.02,Moderate,Omicron (BA.5),2022,7,July,3,Sunday
2022-07-31,Greece,10700000,3754.0,5.0,65.0,15.0,205851.0,1.82,78.68,72.05,47.3,35.08,0.047,38.79,Moderate,Omicron (BA.5),2022,7,July,3,Sunday
2022-08-07,Greece,10700000,3486.0,5.0,60.0,19.0,214920.0,1.62,78.68,72.05,47.94,32.58,0.047,42.7,Moderate,Omicron (BA.5),2022,8,August,3,Sunday
2022-08-14,Greece,10700000,3166.0,4.0,55.0,15.0,191040.0,1.66,78.68,72.05,48.21,29.59,0.037,38.23,Moderate,Omicron (BA.5),2022,8,August,3,Sunday
2022-08-21,Greece,10700000,2701.0,4.0,47.0,9.0,204158.0,1.32,78.68,72.05,48.62,25.24,0.037,42.32,Moderate,Omicron (BA.5),2022,8,August,3,Sunday
2022-08-28,Greece,10700000,2217.0,3.0,38.0,12.0,180627.0,1.23,78.68,72.05,49.7,20.72,0.028,37.34,Moderate,Omicron (BA.5),2022,8,August,3,Sunday
2022-09-04,Greece,10700000,1896.0,3.0,33.0,6.0,182841.0,1.04,78.68,72.05,50.23,17.72,0.028,40.41,Low,Omicron (BA.5),2022,9,September,3,Sunday
2022-09-11,Greece,10700000,1849.0,3.0,32.0,9.0,177843.0,1.04,78.68,72.05,50.23,17.28,0.028,37.84,Low,Omicron (BA.5),2022,9,September,3,Sunday
2022-09-18,Greece,10700000,1235.0,2.0,21.0,6.0,163782.0,0.75,78.68,72.05,50.61,11.54,0.019,32.49,Low,Omicron (BA.5),2022,9,September,3,Sunday
2022-09-25,Greece,10700000,1311.0,2.0,23.0,7.0,203903.0,0.64,78.68,72.05,50.99,12.25,0.019,41.08,Low,Omicron (BA.5),2022,9,September,3,Sunday
2022-10-02,Greece,10700000,1302.0,2.0,23.0,5.0,161052.0,0.81,78.68,72.05,50.99,12.16,0.019,41.22,Low,Omicron (BA.5),2022,10,October,4,Sunday
2022-10-09,Greece,10700000,696.0,1.0,12.0,3.0,134016.0,0.52,78.68,72.05,51.13,6.51,0.009,36.22,Low,Omicron (BA.5),2022,10,October,4,Sunday
2022-10-16,Greece,10700000,1013.0,1.0,18.0,5.0,157697.0,0.64,78.68,72.05,51.33,9.47,0.009,38.79,None,Omicron (BA.5),2022,10,October,4,Sunday
2022-10-23,Greece,10700000,146.0,0.0,3.0,1.0,157801.0,,78.68,72.6,,1.36,0.0,37.75,None,Omicron (BA.5),2022,10,October,4,Sunday
2022-10-30,Greece,10700000,371.0,0.0,6.0,2.0,154563.0,0.24,78.68,72.6,52.4,3.46,0.0,38.12,None,Omicron (BA.5),2022,10,October,4,Sunday
2022-11-06,Greece,10700000,262.0,0.0,5.0,1.0,170679.0,0.15,78.68,72.6,52.4,2.45,0.0,41.16,None,Omicron (BA.5),2022,11,November,4,Sunday
2022-11-13,Greece,10700000,32.0,0.0,1.0,0.0,166681.0,0.02,78.68,72.6,52.4,0.3,0.0,37.5,None,Omicron (BA.5),2022,11,November,4,Sunday
2022-11-20,Greece,10700000,277.0,0.0,5.0,1.0,154001.0,0.18,78.68,72.6,52.62,2.58,0.0,35.95,None,Omicron (BA.5),2022,11,November,4,Sunday
2022-11-27,Greece,10700000,384.0,1.0,7.0,1.0,138082.0,0.28,78.68,72.6,52.68,3.59,0.009,38.11,None,Omicron (BA.5),2022,11,November,4,Sunday
2022-12-04,Greece,10700000,517.0,,9.0,3.0,144877.0,0.36,78.68,72.6,53.02,4.83,0.009,36.16,None,Omicron (BA.5),2022,12,December,4,Sunday
2022-12-11,Greece,10700000,115.0,0.0,2.0,0.0,155322.0,0.07,78.68,72.6,53.02,1.08,0.0,33.89,None,Omicron (BA.5),2022,12,December,4,Sunday
2022-12-18,Greece,10700000,32.0,0.0,1.0,0.0,135196.0,,78.68,72.6,53.07,0.3,0.0,39.51,None,Omicron (BA.5),2022,12,December,4,Sunday
2022-12-25,Greece,10700000,114.0,0.0,2.0,1.0,151119.0,0.08,78.68,72.6,53.07,1.06,0.0,37.89,None,Omicron (BA.5),2022,12,December,4,Sunday
2021-01-03,India,1393000000,523848.0,4517.0,22787.0,7283.0,7401967.0,7.08,18.18,12.11,0.0,37.61,0.324,68.85,Low,Alpha,2021,1,January,1,Sunday
2021-01-10,India,1393000000,567856.0,5406.0,24565.0,4163.0,8632611.0,6.58,19.64,13.05,0.97,40.76,0.388,63.68,Low,Alpha,2021,1,January,1,Sunday
2021-01-17,India,1393000000,703499.0,7696.0,30213.0,8908.0,9285367.0,7.58,21.21,14.27,0.97,50.5,0.552,68.55,Low,Alpha,2021,1,January,1,Sunday
24 Jan 2021,India,1393000000,854529.0,7921.0,36498.0,10834.0,9654254.0,,22.0,15.18,0.97,61.34,0.569,80.71,Moderate,Alpha,2021,1,January,1,Sunday
2021-01-31,India,1393000000,855490.0,8722.0,36348.0,8871.0,9700418.0,8.82,24.14,16.06,0.97,61.41,0.626,73.07,Moderate,Alpha,2021,1,January,1,Sunday
2021-02-07,India,1393000000,980330.0,10098.0,41315.0,8614.0,9759045.0,10.05,25.45,17.4,0.97,70.38,0.725,80.24,Moderate,Alpha,2021,2,February,1,Sunday
2021-02-14,India,1393000000,879941.0,7901.0,36820.0,8773.0,9143742.0,9.62,26.46,18.57,0.97,63.17,0.567,74.26,High,Alpha,2021,2,February,1,Sunday
2021-02-21,India,1393000000,831156.0,8540.0,34528.0,6896.0,,9.65,28.3,19.75,0.97,59.67,0.613,74.78,High,Alpha,2021,2,February,1,Sunday
2021-02-28,India,1393000000,799283.0,7825.0,32920.0,9410.0,7605403.0,10.51,30.4,21.13,0.97,57.38,0.562,72.02,Moderate,Alpha,2021,2,February,1,Sunday
2021-03-07,India,1393000000,657533.0,6097.0,26783.0,6286.0,8795107.0,7.48,32.67,22.91,0.97,47.2,0.438,71.27,Moderate,Alpha,2021,3,March,1,Sunday
2021-03-14,India,1393000000,545400.0,4184.0,22065.0,6783.0,8365202.0,6.52,34.38,23.98,0.97,39.15,0.3,67.33,Moderate,Alpha,2021,3,March,1,Sunday
2021-03-21,India,1393000000,365593.0,2784.0,14595.0,3734.0,8074283.0,4.53,36.25,26.07,0.97,26.25,0.2,61.32,Low,Alpha,2021,3,March,1,Sunday
2021-03-28,India,1393000000,320041.0,3226.0,12715.0,,6786356.0,4.72,38.65,26.82,0.97,22.97,0.232,58.67,Low,Alpha,2021,3,March,1,Sunday
2021-04-04,India,1393000000,210522.0,,8292.0,2246.0,7663077.0,2.75,39.56,28.15,0.97,15.11,0.142,59.27,Low,Alpha,2021,4,April,2,Sunday
2021-04-11,India,1393000000,118839.0,1149.0,4632.0,1092.0,8180199.0,1.45,41.79,29.74,0.97,8.53,0.082,53.35,Low,Alpha,2021,4,April,2,Sunday
2021-04-18,India,1393000000,109257.0,1030.0,4214.0,1280.0,7042048.0,1.55,43.75,31.33,0.97,7.84,0.074,57.19,None,Alpha,2021,4,April,2,Sunday
2021-04-25,India,1393000000,157630.0,1118.0,6016.0,1091.0,7100941.0,2.22,45.27,32.92,,11.32,0.08,63.79,None,Alpha,2021,4,April,2,Sunday
2021-05-02,India,1393000000,79933.0,706.0,3009.0,949.0,7085388.0,1.13,47.3,34.95,0.97,5.74,0.051,58.76,None,Alpha,2021,5,May,2,Sunday
2021-05-09,India,1393000000,168846.0,1341.0,6327.0,1823.0,8333592.0,2.03,48.58,35.62,0.97,12.12,0.096,59.2,None,Alpha,2021,5,May,2,Sunday
2021-05-16,India,1393000000,207963.0,1784.0,7684.0,2277.0,6683601.0,3.11,51.21,37.67,0.97,14.93,0.128,58.02,None,Alpha,2021,5,May,2,Sunday
2021-05-23,India,1393000000,392816.0,2604.0,14379.0,3337.0,7934088.0,4.95,52.26,39.01,0.97,28.2,0.187,57.46,None,Alpha,2021,5,May,2,Sunday
2021-05-30,India,1393000000,362558.0,2615.0,13180.0,3853.0,7226919.0,5.02,54.69,39.99,1.1,26.03,0.188,58.28,Low,Alpha,2021,5,May,2,Sunday
2021-06-06,India,1393000000,401279.0,4218.0,16516.0,3339.0,7488615.0,5.36,55.64,42.19,1.1,28.81,0.303,66.82,Low,Delta,2021,6,June,2,Sunday
13/06/2021,India,1393000000,599761.0,6265.0,24398.0,6820.0,8364305.0,7.17,57.45,43.81,1.17,43.06,0.45,66.44,Low,Delta,2021,6,June,2,Sunday
2021-06-20,India,1393000000,689022.0,6791.0,27866.0,4845.0,9584892.0,7.19,58.56,44.62,1.18,49.46,0.488,68.77,Moderate,Delta,2021,6,June,2,Sunday
2021-06-27,India,1393000000,788501.0,6923.0,31503.0,6370.0,10223637.0,7.71,59.94,46.28,1.18,56.6,0.497,72.32,Moderate,Delta,2021,6,June,2,Sunday
2021-07-04,India,1393000000,856771.0,7470.0,34015.0,7680.0,9458269.0,9.06,61.07,47.13,1.18,61.51,0.536,71.61,Moderate,Delta,2021,7,July,3,Sunday
2021-07-11,India,1393000000,890661.0,9228.0,34976.0,7163.0,8949600.0,9.95,62.51,48.6,1.18,63.94,0.662,71.78,Moderate,Delta,2021,7,July,3,Sunday
2021-07-18,India,1393000000,1006756.0,8774.0,38950.0,8405.0,11465061.0,8.78,63.73,50.57,1.63,72.27,0.63,77.14,High,Delta,2021,7,July,3,Sunday
2021-07-25,India,1393000000,1038292.0,,39932.0,11557.0,9318791.0,11.14,64.49,51.35,1.78,74.54,0.645,75.64,High,Delta,2021,7,July,3,Sunday
2021-08-01,India,1393000000,1058675.0,9341.0,40407.0,7824.0,9263458.0,11.43,65.71,52.34,1.78,76.0,0.671,76.3,High,Delta,2021,8,August,3,Sunday
2021-08-08,India,1393000000,1257381.0,10425.0,47423.0,13122.0,8815071.0,14.26,66.52,53.87,1.78,90.26,0.748,80.48,High,Delta,2021,8,August,3,Sunday
2021-08-15,India,1393000000,1074770.0,9204.0,40265.0,6544.0,10842175.0,9.91,68.29,54.72,1.78,77.16,0.661,79.38,Lockdown,Delta,2021,8,August,3,Sunday
2021-08-22,India,1393000000,1168411.0,9523.0,43413.0,12163.0,10796226.0,10.82,68.41,55.77,2.04,83.88,0.684,79.41,High,Delta,2021,8,August,3,Sunday
2021-08-29,India,1393000000,1171143.0,10513.0,43053.0,12255.0,11967505.0,9.79,69.68,57.11,2.04,84.07,0.755,79.32,High,Delta,2021,8,August,3,Sunday
2021-09-05,India,1393000000,1144317.0,10455.0,41947.0,9157.0,8845123.0,12.94,69.88,57.46,2.07,82.15,0.751,80.59,High,Delta,2021,9,September,3,Sunday
2021-09-12,India,1393000000,1176005.0,10675.0,42780.0,11671.0,11213149.0,10.49,70.68,58.41,2.45,84.42,0.766,79.25,High,Delta,2021,9,September,3,Sunday
2021-09-19,India,1393000000,1104615.0,8910.0,39812.0,12165.0,9893254.0,11.17,70.82,59.55,2.93,79.3,0.64,77.1,High,Delta,2021,9,September,3,Sunday
2021-09-26,India,1393000000,1088226.0,8345.0,38894.0,11128.0,10422713.0,10.44,71.66,60.57,2.93,78.12,0.599,78.41,High,Delta,2021,9,September,3,Sunday
2021-10-03,India,1393000000,1070486.0,8770.0,38006.0,8224.0,8456640.0,12.66,72.38,61.37,3.34,76.85,0.63,78.37,High,Delta,2021,10,October,4,Sunday
2021-10-10,India,1393000000,1107078.0,9397.0,39269.0,9123.0,11001352.0,10.06,73.28,61.48,3.96,79.47,0.675,77.1,High,Delta,2021,10,October,4,Sunday
2021-10-17,India,1393000000,1112867.0,8602.0,39108.0,11048.0,10482104.0,10.62,73.32,62.6,3.96,79.89,0.618,77.57,High,Delta,2021,10,October,4,Sunday
2021-10-24,India,1393000000,1171105.0,9407.0,41127.0,8215.0,9996547.0,11.72,74.08,62.68,4.16,84.07,0.675,76.64,High,Delta,2021,10,October,4,Sunday
2021-10-31,India,1393000000,1292270.0,10327.0,44872.0,12863.0,10908829.0,11.85,74.23,64.02,4.85,92.77,0.741,78.72,High,Delta,2021,10,October,4,Sunday
2021-11-07,India,1393000000,1456165.0,11398.0,50563.0,10404.0,10177181.0,14.31,74.87,64.02,4.85,104.53,0.818,86.26,Lockdown,Delta,2021,11,November,4,Sunday
2021-11-14,India,1393000000,1485968.0,11717.0,51227.0,14703.0,10419636.0,14.26,74.87,64.87,5.08,106.67,0.841,85.86,Lockdown,Delta,2021,11,November,4,Sunday
2021-11-21,India,1393000000,1640438.0,10993.0,56552.0,9317.0,10945415.0,14.99,75.71,64.87,5.99,117.76,0.789,89.12,Lockdown,Delta,2021,11,November,4,Sunday
2021-11-28,India,1393000000,1731053.0,12507.0,59132.0,9316.0,9902294.0,17.48,75.71,65.93,5.99,124.27,0.898,90.26,Lockdown,Delta,2021,11,November,4,Sunday
2021-12-05,India,1393000000,1930184.0,4407.0,31534.0,10078.0,13034174.0,14.81,75.71,65.93,,138.56,0.316,72.87,Lockdown,Omicron,2021,12,December,4,Sunday
2021-12-12,India,1393000000,1952916.0,3695.0,31905.0,9502.0,13426962.0,14.54,75.71,65.93,7.1,140.19,0.265,74.72,Lockdown,Omicron,2021,12,December,4,Sunday
2021-12-19,India,1393000000,1895751.0,4646.0,30889.0,9269.0,11416661.0,16.61,76.62,66.24,7.37,136.09,0.334,74.7,Lockdown,Omicron,2021,12,December,4,Sunday
2021-12-26,India,1393000000,1884190.0,4265.0,30516.0,9512.0,12398325.0,15.2,76.62,66.94,8.14,135.26,0.306,74.41,Lockdown,Omicron,2021,12,December,4,Sunday
2022-01-02,India,1393000000,1703011.0,3298.0,27494.0,6173.0,11300119.0,15.07,76.62,67.3,8.65,122.25,0.237,70.04,High,Omicron,2022,1,January,1,Sunday
2022-01-09,India,1393000000,1794911.0,4283.0,28978.0,5760.0,12117675.0,,76.81,67.3,9.45,128.85,0.307,74.67,Lockdown,Omicron,2022,1,January,1,Sunday
2022-01-16,India,1393000000,1543612.0,3572.0,24878.0,4282.0,10533772.0,14.65,76.81,67.5,9.6,110.81,0.256,69.27,Lockdown,Omicron,2022,1,January,1,Sunday
2022-01-23,India,1393000000,1257029.0,2923.0,20182.0,4747.0,9546890.0,13.17,77.29,67.93,10.43,90.24,0.21,67.42,High,Omicron,2022,1,January,1,Sunday
2022-01-30,India,1393000000,1137960.0,2376.0,18268.0,3424.0,10769229.0,10.57,77.29,67.95,11.08,81.69,0.171,65.38,High,Omicron,2022,1,January,1,Sunday
2022-02-06,India,1393000000,839800.0,2005.0,13482.0,4167.0,9036084.0,9.29,77.29,67.95,12.03,60.29,0.144,62.38,High,Omicron,2022,2,February,1,Sunday
2022-02-13,India,1393000000,679746.0,1427.0,10905.0,1643.0,10021218.0,6.78,77.29,68.02,12.26,48.8,0.102,58.36,Moderate,Omicron,2022,2,February,1,Sunday
2022-02-20,India,1393000000,611577.0,1336.0,9770.0,1703.0,8462570.0,7.23,77.29,68.5,13.65,43.9,0.096,61.26,Moderate,Omicron,2022,2,February,1,Sunday
2022-02-27,India,1393000000,378007.0,683.0,6015.0,1154.0,7189645.0,5.26,77.51,68.94,14.3,27.14,0.049,64.33,Moderate,Omicron,2022,2,February,1,Sunday
2022-03-06,India,1393000000,334206.0,,5306.0,975.0,8389849.0,3.98,77.51,69.19,14.61,23.99,0.053,55.85,Low,Omicron,2022,3,March,1,Sunday
2022-03-13,India,1393000000,304128.0,686.0,4829.0,910.0,7935341.0,3.83,77.55,69.19,16.24,21.83,0.049,56.67,Low,Omicron,2022,3,March,1,Sunday
2022-03-20,India,1393000000,316194.0,683.0,5020.0,1313.0,8029829.0,3.94,78.1,69.19,17.45,22.7,0.049,55.5,Low,Omicron,2022,3,March,1,Sunday
2022-03-27,India,1393000000,303974.0,642.0,4823.0,992.0,8273165.0,3.67,78.1,69.27,18.0,21.82,0.046,55.27,Low,Omicron,2022,3,March,1,Sunday
2022-04-03,India,1393000000,288890.0,668.0,4584.0,1167.0,7118419.0,4.06,78.1,69.27,19.08,20.74,0.048,60.21,Low,Omicron,2022,4,April,2,Sunday
2022-04-10,India,1393000000,372514.0,830.0,5910.0,1781.0,7670355.0,239.4,78.1,69.27,19.66,26.74,0.06,55.47,Low,Omicron,2022,4,April,2,Sunday
2022-04-17,India,1393000000,390964.0,771.0,6203.0,1566.0,7694876.0,5.08,78.1,69.27,20.13,28.07,0.055,56.15,Low,Omicron,2022,4,April,2,Sunday
2022-04-24,India,1393000000,500550.0,1204.0,7942.0,2129.0,7276647.0,6.88,78.1,69.27,21.08,35.93,0.086,54.42,Low,Omicron,2022,4,April,2,Sunday
2022-05-01,India,1393000000,530606.0,1186.0,8398.0,1782.0,8027388.0,6.61,78.1,69.55,22.74,38.09,0.085,56.78,Low,Omicron,2022,5,May,2,Sunday
2022-05-08,India,1393000000,529728.0,1278.0,8383.0,1485.0,9074234.0,5.84,78.1,69.57,23.52,38.03,0.092,54.39,Low,Omicron,2022,5,May,2,Sunday
2022-05-15,India,1393000000,695818.0,1666.0,10990.0,2247.0,8836336.0,7.87,78.1,69.78,24.47,49.95,0.12,61.83,Low,Omicron,2022,5,May,2,Sunday
2022-05-22,India,1393000000,781590.0,1845.0,12344.0,3875.0,7956246.0,9.82,78.1,69.79,25.78,56.11,0.132,68.07,Moderate,Omicron,2022,5,May,2,Sunday
2022-05-29,India,1393000000,866634.0,1957.0,13687.0,3500.0,8019052.0,10.81,78.1,69.79,27.04,62.21,0.14,60.97,Moderate,Omicron,2022,5,May,2,Sunday
2022-06-05,India,1393000000,937926.0,2028.0,14801.0,2918.0,10609373.0,8.84,78.24,69.88,27.47,67.33,0.146,58.4,Moderate,Omicron,2022,6,June,2,Sunday
2022-06-12,India,1393000000,808759.0,1527.0,12762.0,2893.0,8928941.0,9.06,78.24,69.88,28.81,58.06,0.11,63.58,High,Omicron,2022,6,June,2,Sunday
2022-06-19,India,1393000000,919917.0,1950.0,14512.0,4238.0,8828832.0,10.42,78.24,69.92,30.44,66.04,0.14,60.57,Moderate,Omicron,2022,6,June,2,Sunday
2022-06-26,India,1393000000,845684.0,1911.0,13341.0,3517.0,8899829.0,9.5,78.24,69.92,30.69,60.71,0.137,64.93,High,Omicron,2022,6,June,2,Sunday
2022-07-03,India,1393000000,824830.0,1388.0,10641.0,2610.0,7971417.0,10.35,78.24,69.97,32.29,59.21,0.1,59.33,Moderate,Omicron (BA.5),2022,7,July,3,Sunday
2022-07-10,India,1393000000,694998.0,,8957.0,2691.0,9656331.0,7.2,78.24,70.09,32.87,49.89,0.093,57.43,Moderate,Omicron (BA.5),2022,7,July,3,Sunday
2022-07-17,India,1393000000,707760.0,1043.0,9121.0,2411.0,8432012.0,8.39,78.24,70.09,34.16,50.81,0.075,58.66,Moderate,Omicron (BA.5),2022,7,July,3,Sunday
2022-07-24,India,1393000000,674495.0,1086.0,8692.0,2254.0,9552806.0,7.06,78.24,70.09,35.28,48.42,0.078,60.74,Moderate,Omicron (BA.5),2022,7,July,3,Sunday
2022-07-31,India,1393000000,688368.0,1151.0,8871.0,1617.0,8686175.0,,78.24,70.09,36.1,49.42,0.083,58.39,Moderate,Omicron (BA.5),2022,7,July,3,Sunday
2022-08-07,India,1393000000,580338.0,949.0,7479.0,1257.0,9296239.0,6.24,78.24,70.09,37.05,41.66,0.068,56.87,Moderate,Omicron (BA.5),2022,8,August,3,Sunday
2022-08-14,India,1393000000,423997.0,625.0,5464.0,1716.0,8058285.0,5.26,78.24,70.09,37.3,30.44,0.045,56.39,Moderate,Omicron (BA.5),2022,8,August,3,Sunday
2022-08-21,India,1393000000,346851.0,516.0,4458.0,1123.0,8199980.0,4.23,78.24,70.4,38.82,24.9,0.037,53.09,Low,Omicron (BA.5),2022,8,August,3,Sunday
2022-08-28,India,1393000000,317944.0,582.0,4086.0,902.0,8030387.0,3.96,78.24,70.4,39.05,22.82,0.042,57.04,Low,Omicron (BA.5),2022,8,August,3,Sunday
2022-09-04,India,1393000000,249132.0,412.0,3202.0,801.0,7766064.0,3.21,78.27,70.4,40.16,17.88,0.03,51.04,Low,Omicron (BA.5),2022,9,September,3,Sunday
2022-09-11,India,1393000000,227727.0,326.0,2920.0,469.0,7540344.0,3.02,78.27,70.65,40.91,16.35,0.023,54.22,Low,Omicron (BA.5),2022,9,September,3,Sunday
2022-09-18,India,1393000000,142160.0,201.0,1823.0,,6959896.0,2.04,78.27,70.65,41.7,10.21,0.014,56.57,Low,Omicron (BA.5),2022,9,September,3,Sunday
2022-09-25,India,1393000000,128262.0,209.0,1640.0,306.0,8133020.0,1.58,78.27,70.99,42.34,9.21,0.015,55.31,None,Omicron (BA.5),2022,9,September,3,Sunday
2022-10-02,India,1393000000,96157.0,142.0,1229.0,352.0,6455716.0,1.49,78.27,70.99,42.63,6.9,0.01,55.78,None,Omicron (BA.5),2022,10,October,4,Sunday
2022-10-09,India,1393000000,76875.0,134.0,983.0,237.0,6908116.0,1.11,78.27,70.99,43.1,5.52,0.01,53.99,None,Omicron (BA.5),2022,10,October,4,Sunday
2022-10-16,India,1393000000,18709.0,34.0,239.0,47.0,6747805.0,0.28,78.34,70.99,44.36,1.34,0.002,56.63,None,Omicron (BA.5),2022,10,October,4,Sunday
2022-10-23,India,1393000000,25342.0,38.0,324.0,50.0,6976303.0,0.36,78.34,70.99,44.71,1.82,0.003,56.07,None,Omicron (BA.5),2022,10,October,4,Sunday
2022-10-30,India,1393000000,4179.0,7.0,53.0,15.0,6468184.0,0.06,78.34,70.99,45.53,0.3,0.001,54.7,None,Omicron (BA.5),2022,10,October,4,Sunday
2022-11-06,India,1393000000,4179.0,6.0,53.0,10.0,6866985.0,0.06,78.34,70.99,45.67,0.3,0.0,55.91,None,Omicron (BA.5),2022,11,November,4,Sunday
2022-11-13,India,1393000000,4179.0,6.0,53.0,8.0,6607846.0,0.06,78.34,70.99,45.73,0.3,0.0,55.47,None,Omicron (BA.5),2022,11,November,4,Sunday
11-20-2022,India,1393000000,4179.0,8.0,53.0,15.0,5850609.0,0.07,78.34,70.99,46.88,0.3,0.001,52.49,None,Omicron (BA.5),2022,11,November,4,Sunday
2022-11-27,India,1393000000,8597.0,14.0,110.0,23.0,6716056.0,0.13,78.34,70.99,46.9,0.62,0.001,50.26,None,Omicron (BA.5),2022,11,November,4,Sunday
2022-12-04,India,1393000000,4179.0,8.0,53.0,11.0,6108568.0,0.07,78.34,70.99,47.5,0.3,0.001,54.64,None,Omicron (BA.5),2022,12,December,4,Sunday
2022-12-11,India,1393000000,4179.0,6.0,53.0,10.0,5768925.0,0.07,78.34,70.99,47.57,0.3,0.0,54.95,None,Omicron (BA.5),2022,12,December,4,Sunday
2022-12-18,India,1393000000,6903.0,11.0,88.0,26.0,6779528.0,0.1,78.41,70.99,,0.5,0.001,56.34,None,Omicron (BA.5),2022,12,December,4,Sunday
2022-12-25,India,1393000000,4179.0,7.0,53.0,11.0,6959763.0,0.06,78.41,70.99,48.6,0.3,0.001,51.25,None,Omicron (BA.5),2022,12,December,4,Sunday
2021-01-03,Indonesia,276400000,46227.0,655.0,2049.0,485.0,1004240.0,4.6,17.21,12.59,0.0,16.72,0.237,58.94,None,Alpha,2021,1,January,1,Sunday
2021-01-10,Indonesia,276400000,66457.0,925.0,2942.0,592.0,1067922.0,6.22,18.86,12.85,0.0,24.04,0.335,64.14,None,Alpha,2021,1,January,1,Sunday
2021-01-17,Indonesia,276400000,82611.0,944.0,3638.0,706.0,1014030.0,8.15,19.81,13.73,0.38,29.89,0.342,65.66,Low,Alpha,2021,1,January,1,Sunday
2021-01-24,Indonesia,276400000,93565.0,1224.0,4089.0,1294.0,1192659.0,7.85,21.31,15.01,0.38,33.85,0.443,65.28,Low,Alpha,2021,1,January,1,Sunday
2021-01-31,Indonesia,276400000,123718.0,1686.0,5381.0,1298.0,1375440.0,8.99,22.48,15.8,0.38,44.76,0.61,68.23,Low,Alpha,2021,1,January,1,Sunday
2021-02-07,Indonesia,276400000,182348.0,2528.0,7903.0,1941.0,1332955.0,13.68,22.83,16.4,0.38,65.97,0.915,69.54,Low,Alpha,2021,2,February,1,Sunday
2021-02-14,Indonesia,276400000,207134.0,2595.0,8937.0,1352.0,1114679.0,18.58,25.14,17.14,0.38,74.94,0.939,77.88,Moderate,Alpha,2021,2,February,1,Sunday
2021-02-21,Indonesia,276400000,222974.0,2429.0,9546.0,1727.0,1405803.0,15.86,26.27,18.4,0.78,80.67,0.879,72.81,High,Alpha,2021,2,February,1,Sunday
2021-02-28,Indonesia,276400000,212086.0,2584.0,9030.0,1902.0,1334763.0,15.89,28.17,19.3,0.78,76.73,0.935,71.81,High,Alpha,2021,2,February,1,Sunday
2021-03-07,Indonesia,276400000,168117.0,2080.0,7079.0,2224.0,1168232.0,14.39,29.49,21.09,0.78,60.82,0.753,71.27,High,Alpha,2021,3,March,1,Sunday
2021-03-14,Indonesia,276400000,173093.0,1887.0,7252.0,1304.0,1326016.0,13.05,31.0,21.91,0.78,62.62,0.683,69.46,Moderate,Alpha,2021,3,March,1,Sunday
2021-03-21,Indonesia,276400000,177537.0,2357.0,7406.0,1493.0,1388387.0,12.79,32.28,22.59,0.94,64.23,0.853,71.55,Moderate,Alpha,2021,3,March,1,Sunday
2021-03-28,Indonesia,276400000,144895.0,1533.0,6004.0,1911.0,1175162.0,12.33,33.64,23.67,1.26,52.42,0.555,68.98,Moderate,Alpha,2021,3,March,1,Sunday
2021-04-04,Indonesia,276400000,118747.0,1518.0,4881.0,1131.0,1039659.0,11.42,35.35,24.93,1.26,42.96,0.549,69.84,Moderate,Alpha,2021,4,April,2,Sunday
2021-04-11,Indonesia,276400000,86967.0,956.0,3545.0,724.0,959056.0,9.07,36.51,26.21,1.26,31.46,0.346,63.5,Low,Alpha,2021,4,April,2,Sunday
2021-04-18,Indonesia,276400000,70402.0,665.0,2845.0,734.0,1055450.0,6.67,38.45,27.55,1.26,25.47,0.241,59.3,Low,Alpha,2021,4,April,2,Sunday
2021-04-25,Indonesia,276400000,45323.0,502.0,1812.0,425.0,1058814.0,4.28,39.76,29.18,1.26,16.4,0.182,60.24,Low,Alpha,2021,4,April,2,Sunday
2021-05-02,Indonesia,276400000,33115.0,374.0,1319.0,413.0,1007979.0,3.29,41.33,29.81,1.26,11.98,0.135,55.37,None,Alpha,2021,5,May,2,Sunday
2021-05-09,Indonesia,276400000,40923.0,483.0,1606.0,264.0,1006468.0,4.07,43.34,32.05,1.26,14.81,0.175,60.37,None,Alpha,2021,5,May,2,Sunday
2021-05-16,Indonesia,276400000,39500.0,424.0,1547.0,440.0,1110503.0,3.56,44.99,32.35,1.26,14.29,0.153,58.11,None,Alpha,2021,5,May,2,Sunday
2021-05-23,Indonesia,276400000,27124.0,250.0,1054.0,208.0,1079738.0,2.51,46.32,33.48,1.26,9.81,0.09,57.85,None,Alpha,2021,5,May,2,Sunday
05-30-2021,Indonesia,276400000,34624.0,400.0,1326.0,381.0,1070776.0,3.23,47.65,35.68,1.26,12.53,0.145,53.01,None,Alpha,2021,5,May,2,Sunday
2021-06-06,Indonesia,276400000,56417.0,,2143.0,630.0,1162291.0,4.85,48.96,36.83,1.26,20.41,0.211,53.66,None,Alpha,2021,6,June,2,Sunday
2021-06-13,Indonesia,276400000,72656.0,884.0,3156.0,929.0,1059920.0,6.85,50.55,37.63,1.26,26.29,0.32,57.79,Low,Delta,2021,6,June,2,Sunday
2021-06-20,Indonesia,276400000,87335.0,,3757.0,1117.0,1043488.0,8.37,51.76,39.04,1.26,31.6,0.455,67.25,Low,Delta,2021,6,June,2,Sunday
2021-06-27,Indonesia,276400000,100744.0,1134.0,4296.0,1169.0,1117701.0,9.01,53.3,40.27,1.26,36.45,0.41,61.22,Low,Delta,2021,6,June,2,Sunday
2021-07-04,Indonesia,276400000,113676.0,1254.0,4810.0,838.0,1132226.0,10.04,54.14,41.39,1.26,41.13,0.454,67.07,Low,Delta,2021,7,July,3,Sunday
2021-07-11,Indonesia,276400000,157396.0,1980.0,6624.0,1052.0,1055594.0,14.91,56.03,42.13,1.28,56.94,0.716,67.68,Low,Delta,2021,7,July,3,Sunday
2021-07-18,Indonesia,276400000,195503.0,2503.0,8181.0,1701.0,1269716.0,15.4,56.82,42.93,1.28,70.73,0.906,72.16,Moderate,Delta,2021,7,July,3,Sunday
2021-07-25,Indonesia,276400000,196023.0,2384.0,8107.0,1898.0,1445974.0,13.56,58.23,44.54,1.37,70.92,0.863,72.49,Moderate,Delta,2021,7,July,3,Sunday
2021-08-01,Indonesia,276400000,224927.0,3011.0,9175.0,1848.0,1465992.0,15.34,59.45,46.43,1.67,81.38,1.089,79.09,Moderate,Delta,2021,8,August,3,Sunday
2021-08-08,Indonesia,276400000,228810.0,2490.0,9259.0,2557.0,1442492.0,15.86,60.31,47.51,1.67,82.78,0.901,76.63,High,Delta,2021,8,August,3,Sunday
2021-08-15,Indonesia,276400000,276466.0,3698.0,11155.0,3043.0,1480840.0,18.67,61.42,47.9,2.07,100.02,1.338,80.36,High,Delta,2021,8,August,3,Sunday
2021-08-22,Indonesia,276400000,282889.0,2797.0,11347.0,3577.0,1647465.0,17.17,61.49,48.68,2.07,102.35,1.012,83.07,High,Delta,2021,8,August,3,Sunday
2021-08-29,Indonesia,276400000,271712.0,2737.0,10791.0,2353.0,1333721.0,20.37,62.83,50.01,2.48,98.3,0.99,77.01,High,Delta,2021,8,August,3,Sunday
2021-09-05,Indonesia,276400000,270949.0,2759.0,10681.0,3029.0,1343640.0,20.17,64.13,50.97,2.48,98.03,0.998,81.01,High,Delta,2021,9,September,3,Sunday
2021-09-12,Indonesia,276400000,307054.0,2983.0,12019.0,3317.0,1653936.0,18.57,64.73,51.9,2.48,111.09,1.079,83.58,High,Delta,2021,9,September,3,Sunday
2021-09-19,Indonesia,276400000,263223.0,2872.0,10303.0,3277.0,1446065.0,18.2,65.86,51.9,2.48,95.23,1.039,79.72,High,Delta,2021,9,September,3,Sunday
2021-09-26,Indonesia,276400000,303650.0,3634.0,11665.0,3284.0,1430492.0,21.23,66.51,54.32,2.55,109.86,1.315,80.15,High,Delta,2021,9,September,3,Sunday
2021-10-03,Indonesia,276400000,263032.0,3104.0,10092.0,2000.0,1506249.0,17.46,66.73,54.48,2.84,95.16,1.123,75.94,Lockdown,Delta,2021,10,October,4,Sunday
2021-10-10,Indonesia,276400000,248539.0,2860.0,9511.0,1451.0,1368161.0,18.17,67.17,54.81,3.17,89.92,1.035,73.56,High,Delta,2021,10,October,4,Sunday
2021-10-17,Indonesia,276400000,236797.0,2148.0,9023.0,2839.0,1304255.0,18.16,67.52,55.35,3.17,85.67,0.777,72.62,High,Delta,2021,10,October,4,Sunday
2021-10-24,Indonesia,276400000,221466.0,2577.0,8361.0,2272.0,1276866.0,17.34,68.19,56.52,3.37,80.13,0.932,70.87,High,Delta,2021,10,October,4,Sunday
2021-10-31,Indonesia,276400000,250780.0,2532.0,9431.0,2717.0,1458282.0,17.2,68.71,56.99,3.37,90.73,0.916,76.47,High,Delta,2021,10,October,4,Sunday
2021-11-07,Indonesia,276400000,263287.0,2916.0,9864.0,2810.0,1466748.0,17.95,69.11,57.46,3.63,95.26,1.055,,High,Delta,2021,11,November,4,Sunday
2021-11-14,Indonesia,276400000,273632.0,3000.0,10197.0,2805.0,1637816.0,16.71,69.44,58.13,4.37,99.0,1.085,78.34,High,Delta,2021,11,November,4,Sunday
2021-11-21,Indonesia,276400000,285586.0,2635.0,10612.0,2947.0,1446560.0,19.74,70.24,58.49,4.37,103.32,0.953,79.41,High,Delta,2021,11,November,4,Sunday
2021-11-28,Indonesia,276400000,300122.0,3054.0,11093.0,3417.0,1468661.0,20.44,70.99,59.14,4.37,108.58,1.105,76.61,High,Delta,2021,11,November,4,Sunday
2021-12-05,Indonesia,276400000,340913.0,3865.0,12543.0,3831.0,1756459.0,19.41,71.11,59.7,4.83,123.34,1.398,79.78,Lockdown,Delta,2021,12,December,4,Sunday
2021-12-12,Indonesia,276400000,372643.0,1066.0,6540.0,1403.0,1757497.0,21.2,71.11,60.02,5.49,134.82,0.386,68.53,Lockdown,Omicron,2021,12,December,4,Sunday
2021-12-19,Indonesia,276400000,446077.0,1454.0,7803.0,1212.0,1774313.0,25.14,71.75,60.42,5.5,161.39,0.526,69.98,Lockdown,Omicron,2021,12,December,4,Sunday
2021-12-26,Indonesia,276400000,464120.0,1601.0,8071.0,1264.0,1561806.0,29.72,71.82,61.14,5.5,167.92,0.579,70.32,Lockdown,Omicron,2021,12,December,4,Sunday
2022-01-02,Indonesia,276400000,451177.0,1311.0,7846.0,1773.0,1648177.0,27.37,71.96,61.14,5.61,163.23,0.474,76.25,Lockdown,Omicron,2022,1,January,1,Sunday
2022-01-09,Indonesia,276400000,430413.0,1260.0,7482.0,2184.0,1581670.0,27.21,72.17,61.18,6.53,155.72,0.456,67.37,High,Omicron,2022,1,January,1,Sunday
2022-01-16,Indonesia,276400000,487372.0,1445.0,8432.0,2480.0,1829560.0,26.64,72.36,61.75,6.55,176.33,0.523,78.38,Lockdown,Omicron,2022,1,January,1,Sunday
2022-01-23,Indonesia,276400000,418822.0,1375.0,7242.0,1584.0,1638167.0,25.57,72.82,61.82,7.37,151.53,0.497,71.39,High,Omicron,2022,1,January,1,Sunday
2022-01-30,Indonesia,276400000,377831.0,1108.0,6513.0,1311.0,1847898.0,20.45,72.85,62.19,7.84,136.7,0.401,71.5,High,Omicron,2022,1,January,1,Sunday
2022-02-06,Indonesia,276400000,375295.0,1105.0,6428.0,1518.0,1428193.0,26.28,72.85,62.96,8.1,135.78,0.4,,High,Omicron,2022,2,February,1,Sunday
2022-02-13,Indonesia,276400000,287435.0,779.0,4923.0,1435.0,1346191.0,21.35,72.91,62.96,9.28,103.99,0.282,67.03,High,Omicron,2022,2,February,1,Sunday
2022-02-20,Indonesia,276400000,240908.0,816.0,4126.0,1065.0,1432408.0,16.82,73.38,62.96,9.43,87.16,0.295,67.87,High,Omicron,2022,2,February,1,Sunday
2022-02-27,Indonesia,276400000,201167.0,663.0,3441.0,598.0,1393085.0,14.44,73.55,63.12,10.16,72.78,0.24,59.48,High,Omicron,2022,2,February,1,Sunday
2022-03-06,Indonesia,276400000,153735.0,465.0,2622.0,555.0,996520.0,15.43,73.55,63.46,10.63,55.62,0.168,59.96,Moderate,Omicron,2022,3,March,1,Sunday
2022-03-13,Indonesia,276400000,135786.0,452.0,2312.0,565.0,1055845.0,12.86,73.55,63.64,10.89,49.13,0.164,57.53,Moderate,Omicron,2022,3,March,1,Sunday
2022-03-20,Indonesia,276400000,102896.0,317.0,1747.0,422.0,1145429.0,8.98,74.14,63.96,11.49,37.23,0.115,54.16,Moderate,Omicron,2022,3,March,1,Sunday
2022-03-27,Indonesia,276400000,70180.0,232.0,1190.0,347.0,1235340.0,5.68,74.18,64.1,12.09,25.39,0.084,55.5,Low,Omicron,2022,3,March,1,Sunday
2022-04-03,Indonesia,276400000,58845.0,154.0,998.0,308.0,1260549.0,4.67,74.18,64.1,13.04,21.29,0.056,61.41,Low,Omicron,2022,4,April,2,Sunday
2022-04-10,Indonesia,276400000,59052.0,158.0,1002.0,167.0,1059183.0,5.58,74.44,64.1,13.31,21.36,0.057,56.3,Low,Omicron,2022,4,April,2,Sunday
2022-04-17,Indonesia,276400000,60728.0,197.0,1029.0,194.0,1083367.0,5.61,74.44,64.23,14.72,21.97,0.071,61.76,Low,Omicron,2022,4,April,2,Sunday
2022-04-24,Indonesia,276400000,68770.0,195.0,1165.0,252.0,1037593.0,6.63,74.44,64.3,14.72,24.88,0.071,62.32,Low,Omicron,2022,4,April,2,Sunday
05-01-2022,Indonesia,276400000,74898.0,208.0,1266.0,254.0,1179330.0,6.35,74.59,64.51,15.73,27.1,0.075,64.81,Low,Omicron,2022,5,May,2,Sunday
2022-05-08,Indonesia,276400000,90017.0,278.0,1516.0,333.0,1288596.0,6.99,74.81,64.9,16.36,32.57,0.101,62.65,Low,Omicron,2022,5,May,2,Sunday
2022-05-15,Indonesia,276400000,124110.0,371.0,2091.0,328.0,1327397.0,9.35,74.81,64.91,17.07,44.9,0.134,65.06,Low,Omicron,2022,5,May,2,Sunday
2022-05-22,Indonesia,276400000,114211.0,312.0,1920.0,310.0,1186595.0,9.63,74.81,65.13,18.65,41.32,0.113,59.6,Low,Omicron,2022,5,May,2,Sunday
2022-05-29,Indonesia,276400000,157426.0,437.0,2647.0,774.0,1178163.0,13.36,74.81,65.13,18.67,56.96,0.158,60.98,Low,Omicron,2022,5,May,2,Sunday
2022-06-05,Indonesia,276400000,162435.0,450.0,2723.0,456.0,1272235.0,12.77,74.81,65.49,19.54,58.77,0.163,61.32,Moderate,Omicron,2022,6,June,2,Sunday
2022-06-12,Indonesia,276400000,175559.0,444.0,2943.0,854.0,1436639.0,12.22,74.81,65.49,20.26,63.52,0.161,61.07,Moderate,Omicron,2022,6,June,2,Sunday
2022-06-19,Indonesia,276400000,182718.0,478.0,3063.0,,1264068.0,14.45,74.98,65.49,21.32,66.11,0.173,61.71,Moderate,Omicron,2022,6,June,2,Sunday
2022-06-26,Indonesia,276400000,195866.0,564.0,3283.0,665.0,1135369.0,17.25,74.98,65.49,22.13,70.86,0.204,63.71,Moderate,Omicron,2022,6,June,2,Sunday
2022-07-03,Indonesia,276400000,201381.0,622.0,3376.0,564.0,1299137.0,15.5,74.98,65.49,22.68,72.86,0.225,60.87,Moderate,Omicron,2022,7,July,3,Sunday
2022-07-10,Indonesia,276400000,198125.0,441.0,2717.0,414.0,1302388.0,15.21,74.98,65.49,23.76,71.68,0.16,57.12,High,Omicron (BA.5),2022,7,July,3,Sunday
2022-07-17,Indonesia,276400000,191423.0,421.0,2625.0,552.0,1128286.0,16.97,74.98,65.49,24.93,69.26,0.152,61.27,Moderate,Omicron (BA.5),2022,7,July,3,Sunday
2022-07-24,Indonesia,276400000,201193.0,478.0,2755.0,804.0,1362169.0,14.77,75.05,65.66,25.92,72.79,0.173,58.92,Moderate,Omicron (BA.5),2022,7,July,3,Sunday
2022-07-31,Indonesia,276400000,152967.0,,2095.0,642.0,1306109.0,11.71,75.05,65.66,26.49,55.34,0.113,57.7,Moderate,Omicron (BA.5),2022,7,July,3,Sunday
2022-08-07,Indonesia,276400000,190774.0,418.0,2613.0,419.0,1515964.0,12.58,75.05,65.66,27.36,69.02,0.151,59.98,Moderate,Omicron (BA.5),2022,8,August,3,Sunday
2022-08-14,Indonesia,276400000,176097.0,365.0,2412.0,374.0,1156650.0,15.22,75.58,65.66,28.08,63.71,0.132,58.95,Moderate,Omicron (BA.5),2022,8,August,3,Sunday
2022-08-21,Indonesia,276400000,134605.0,320.0,1843.0,326.0,1295589.0,10.39,75.58,65.66,28.89,48.7,0.116,61.39,Moderate,Omicron (BA.5),2022,8,August,3,Sunday
2022-08-28,Indonesia,276400000,137216.0,274.0,1873.0,525.0,1323515.0,10.37,75.58,66.04,29.6,49.64,0.099,58.26,Moderate,Omicron (BA.5),2022,8,August,3,Sunday
2022-09-04,Indonesia,276400000,121303.0,270.0,1656.0,306.0,1251364.0,9.69,75.58,66.04,30.23,43.89,0.098,61.1,Moderate,Omicron (BA.5),2022,9,September,3,Sunday
2022-09-11,Indonesia,276400000,69269.0,161.0,945.0,179.0,1023255.0,6.77,75.58,66.04,31.29,25.06,0.058,57.12,Low,Omicron (BA.5),2022,9,September,3,Sunday
2022-09-18,Indonesia,276400000,77248.0,192.0,1054.0,317.0,1030499.0,7.5,75.58,66.04,32.57,27.95,0.069,56.63,Low,Omicron (BA.5),2022,9,September,3,Sunday
2022-09-25,Indonesia,276400000,60721.0,146.0,828.0,247.0,1106889.0,5.49,75.58,66.09,32.95,21.97,0.053,56.74,Low,Omicron (BA.5),2022,9,September,3,Sunday
2022-10-02,Indonesia,276400000,54893.0,140.0,749.0,198.0,1096286.0,5.01,75.58,66.09,33.73,19.86,0.051,52.94,Low,Omicron (BA.5),2022,10,October,4,Sunday
2022-10-09,Indonesia,276400000,43705.0,104.0,596.0,106.0,1021537.0,4.28,75.58,66.09,34.46,15.81,0.038,56.68,None,Omicron (BA.5),2022,10,October,4,Sunday
2022-10-16,Indonesia,276400000,35833.0,77.0,489.0,105.0,1165123.0,3.08,75.58,66.12,35.67,12.96,0.028,57.71,None,Omicron (BA.5),2022,10,October,4,Sunday
2022-10-23,Indonesia,276400000,21428.0,44.0,292.0,56.0,998426.0,2.15,75.58,66.12,35.71,7.75,0.016,57.63,None,Omicron (BA.5),2022,10,October,4,Sunday
2022-10-30,Indonesia,276400000,29232.0,57.0,399.0,105.0,886495.0,3.3,75.58,66.12,36.75,10.58,0.021,52.01,None,Omicron (BA.5),2022,10,October,4,Sunday
2022-11-06,Indonesia,276400000,15358.0,32.0,209.0,,1002865.0,1.53,75.58,66.12,37.3,5.56,0.012,51.17,None,Omicron (BA.5),2022,11,November,4,Sunday
2022-11-13,Indonesia,276400000,5919.0,12.0,81.0,14.0,1043728.0,0.57,75.58,66.12,37.97,2.14,0.004,53.34,None,Omicron (BA.5),2022,11,November,4,Sunday
2022-11-20,Indonesia,276400000,2173.0,5.0,30.0,9.0,1026060.0,0.21,75.58,66.12,38.64,0.79,0.002,58.03,None,Omicron (BA.5),2022,11,November,4,Sunday
2022-11-27,Indonesia,276400000,10339.0,25.0,141.0,32.0,1039705.0,0.99,75.58,66.12,39.16,3.74,0.009,55.37,None,Omicron (BA.5),2022,11,November,4,Sunday
2022-12-04,Indonesia,276400000,829.0,2.0,11.0,3.0,1115546.0,0.07,75.58,66.12,39.95,0.3,0.001,52.59,None,Omicron (BA.5),2022,12,December,4,Sunday
2022-12-11,Indonesia,276400000,829.0,2.0,11.0,2.0,907584.0,0.09,75.58,66.12,40.24,0.3,0.001,50.89,None,Omicron (BA.5),2022,12,December,4,Sunday
2022-12-18,Indonesia,276400000,829.0,2.0,11.0,2.0,962674.0,0.09,75.58,66.12,41.28,0.3,0.001,52.81,None,Omicron (BA.5),2022,12,December,4,Sunday
2022-12-25,Indonesia,276400000,2564.0,5.0,35.0,5.0,1122932.0,0.23,75.58,66.12,41.28,0.93,0.002,52.7,None,Omicron (BA.5),2022,12,December,4,Sunday
2021-01-03,Ireland,5000000,394.0,2.0,14.0,4.0,113879.0,0.35,21.13,13.02,0.59,7.87,0.04,54.58,None,Alpha,2021,1,January,1,Sunday
2021-01-10,Ireland,5000000,705.0,4.0,24.0,4.0,102950.0,0.68,23.71,15.06,0.59,14.09,0.08,61.25,None,Alpha,2021,1,January,1,Sunday
2021-01-17,Ireland,5000000,940.0,5.0,32.0,7.0,113322.0,0.83,26.88,16.83,0.59,18.81,0.1,61.54,Low,Alpha,2021,1,January,1,Sunday
2021-01-24,Ireland,5000000,984.0,5.0,33.0,10.0,93252.0,1.06,28.79,18.72,0.59,19.69,0.1,61.74,Low,Alpha,2021,1,January,1,Sunday
2021-01-31,Ireland,5000000,1358.0,7.0,45.0,11.0,108056.0,1.26,31.6,19.78,0.59,27.15,0.14,73.16,Low,Alpha,2021,1,January,1,Sunday
2021-02-07,Ireland,5000000,1539.0,7.0,50.0,10.0,120836.0,1.27,34.14,21.86,0.59,30.79,0.14,71.58,Moderate,Alpha,2021,2,February,1,Sunday
2021-02-14,Ireland,5000000,1792.0,8.0,58.0,17.0,107380.0,1.67,37.33,23.99,0.59,35.85,0.16,72.45,Moderate,Alpha,2021,2,February,1,Sunday
2021-02-21,Ireland,5000000,1929.0,10.0,61.0,9.0,119142.0,1.62,40.61,26.2,0.59,38.58,0.2,78.95,Moderate,Alpha,2021,2,February,1,Sunday
2021-02-28,Ireland,5000000,1583.0,8.0,49.0,15.0,106370.0,1.49,43.95,28.6,0.59,31.66,0.16,69.84,Moderate,Alpha,2021,2,February,1,Sunday
2021-03-07,Ireland,5000000,1771.0,9.0,54.0,15.0,125078.0,1.42,47.16,31.26,0.59,35.42,0.18,68.53,Moderate,Alpha,2021,3,March,1,Sunday
2021-03-14,Ireland,5000000,1906.0,9.0,57.0,10.0,123204.0,1.55,50.23,34.28,0.59,38.11,0.18,71.97,Moderate,Alpha,2021,3,March,1,Sunday
2021-03-21,Ireland,5000000,1704.0,9.0,50.0,8.0,122640.0,1.39,53.49,36.49,0.59,34.07,0.18,70.43,Moderate,Alpha,2021,3,March,1,Sunday
2021-03-28,Ireland,5000000,1455.0,,42.0,13.0,120283.0,1.21,56.01,39.76,0.59,29.1,0.14,68.74,Moderate,Alpha,2021,3,March,1,Sunday
2021-04-04,Ireland,5000000,1210.0,4.0,34.0,5.0,106680.0,1.13,59.42,42.63,1.0,24.19,0.08,65.09,Moderate,Alpha,2021,4,April,2,Sunday
2021-04-11,Ireland,5000000,835.0,3.0,23.0,7.0,111136.0,0.75,62.13,45.1,1.0,16.7,0.06,62.88,Low,Alpha,2021,4,April,2,Sunday
2021-04-18,Ireland,5000000,526.0,2.0,14.0,3.0,93482.0,0.56,64.87,48.16,1.0,10.52,0.04,55.24,Low,Alpha,2021,4,April,2,Sunday
2021-04-25,Ireland,5000000,483.0,2.0,13.0,3.0,102321.0,0.47,67.29,50.14,1.0,9.65,0.04,54.23,Low,Alpha,2021,4,April,2,Sunday
2021-05-02,Ireland,5000000,360.0,1.0,9.0,2.0,80490.0,,69.52,53.09,1.0,7.21,0.02,56.74,Low,Alpha,2021,5,May,2,Sunday
2021-05-09,Ireland,5000000,286.0,1.0,7.0,2.0,88775.0,0.32,71.68,55.95,1.0,5.72,0.02,55.19,None,Alpha,2021,5,May,2,Sunday
2021-05-16,Ireland,5000000,427.0,2.0,11.0,2.0,114480.0,0.37,74.22,58.51,,8.54,0.04,53.98,None,Alpha,2021,5,May,2,Sunday
2021-05-23,Ireland,5000000,335.0,1.0,9.0,2.0,99814.0,0.34,76.17,61.32,1.65,6.69,0.02,54.36,None,Delta,2021,5,May,2,Sunday
2021-05-30,Ireland,5000000,382.0,2.0,11.0,2.0,100576.0,0.38,77.73,62.92,1.65,7.63,0.04,53.32,None,Delta,2021,5,May,2,Sunday
2021-06-06,Ireland,5000000,517.0,2.0,14.0,2.0,91518.0,0.56,79.34,65.27,1.65,10.34,0.04,52.93,None,Delta,2021,6,June,2,Sunday
2021-06-13,Ireland,5000000,757.0,3.0,20.0,6.0,92784.0,0.82,80.56,67.49,1.65,15.15,0.06,63.98,Low,Delta,2021,6,June,2,Sunday
2021-06-20,Ireland,5000000,706.0,3.0,19.0,5.0,98765.0,0.71,82.22,69.3,,14.13,0.06,56.69,Low,Delta,2021,6,June,2,Sunday
2021-06-27,Ireland,5000000,855.0,3.0,22.0,6.0,102641.0,0.83,83.25,70.95,1.72,17.11,0.06,60.1,Low,Delta,2021,6,June,2,Sunday
2021-07-04,Ireland,5000000,1206.0,4.0,31.0,8.0,125239.0,0.96,84.15,72.8,1.72,24.12,0.08,59.55,Low,Delta,2021,7,July,3,Sunday
2021-07-11,Ireland,5000000,1271.0,5.0,32.0,8.0,118545.0,1.07,85.45,74.41,2.17,25.42,0.1,65.62,Low,Delta,2021,7,July,3,Sunday
2021-07-18,Ireland,5000000,1734.0,6.0,43.0,8.0,117764.0,1.47,86.2,76.33,2.17,34.68,0.12,65.61,Moderate,Delta,2021,7,July,3,Sunday
2021-07-25,Ireland,5000000,1870.0,6.0,46.0,14.0,119473.0,1.57,86.28,76.88,2.58,37.4,0.12,74.15,Moderate,Delta,2021,7,July,3,Sunday
2021-08-01,Ireland,5000000,1962.0,6.0,47.0,11.0,127555.0,1.54,87.4,78.6,3.11,39.23,0.12,74.89,Moderate,Delta,2021,8,August,3,Sunday
2021-08-08,Ireland,5000000,2474.0,8.0,59.0,18.0,114647.0,2.16,87.66,79.8,3.2,49.48,0.16,77.1,High,Delta,2021,8,August,3,Sunday
2021-08-15,Ireland,5000000,2836.0,8.0,67.0,19.0,113187.0,2.51,88.49,80.23,3.64,56.71,0.16,79.5,High,Delta,2021,8,August,3,Sunday
2021-08-22,Ireland,5000000,2563.0,7.0,60.0,16.0,137235.0,1.87,88.49,81.33,4.4,51.25,0.14,75.66,Lockdown,Delta,2021,8,August,3,Sunday
2021-08-29,Ireland,5000000,2759.0,9.0,64.0,15.0,133334.0,2.07,89.34,82.2,4.4,55.19,0.18,77.78,High,Delta,2021,8,August,3,Sunday
2021-09-05,Ireland,5000000,2697.0,7.0,62.0,10.0,117796.0,2.29,89.84,82.86,4.95,53.95,0.14,78.03,High,Delta,2021,9,September,3,Sunday
2021-09-12,Ireland,5000000,2969.0,10.0,68.0,14.0,113041.0,2.63,89.89,83.38,5.34,59.38,0.2,79.88,High,Delta,2021,9,September,3,Sunday
2021-09-19,Ireland,5000000,2475.0,6.0,57.0,15.0,137355.0,,89.89,83.72,6.1,49.51,0.12,77.26,High,Delta,2021,9,September,3,Sunday
2021-09-26,Ireland,5000000,2624.0,8.0,60.0,12.0,125041.0,2.1,91.0,84.62,7.07,52.49,0.16,73.83,High,Delta,2021,9,September,3,Sunday
2021-10-03,Ireland,5000000,2678.0,8.0,61.0,10.0,135517.0,1.98,91.0,84.75,7.98,53.56,0.16,80.39,High,Delta,2021,10,October,4,Sunday
2021-10-10,Ireland,5000000,2275.0,6.0,51.0,12.0,122454.0,1.86,91.0,85.27,8.38,45.5,0.12,71.1,High,Delta,2021,10,October,4,Sunday
2021-10-17,Ireland,5000000,2335.0,7.0,53.0,9.0,125675.0,1.86,91.0,85.67,9.7,46.7,0.14,71.18,High,Delta,2021,10,October,4,Sunday
2021-10-24,Ireland,5000000,2469.0,7.0,55.0,11.0,122018.0,2.02,91.0,86.18,10.53,49.38,0.14,74.83,High,Delta,2021,10,October,4,Sunday
2021-10-31,Ireland,5000000,2020.0,5.0,45.0,11.0,120424.0,1.68,91.34,86.78,11.14,40.4,0.1,70.58,High,Delta,2021,10,October,4,Sunday
2021-11-07,Ireland,5000000,2068.0,6.0,46.0,8.0,127525.0,1.62,91.34,86.78,12.74,41.35,0.12,65.61,High,Delta,2021,11,November,4,Sunday
2021-11-14,Ireland,5000000,2490.0,8.0,55.0,9.0,125579.0,1.98,91.59,86.78,14.27,49.8,0.16,72.72,High,Delta,2021,11,November,4,Sunday
2021-11-21,Ireland,5000000,2708.0,2.0,29.0,5.0,128265.0,2.11,91.78,86.78,14.65,54.16,0.04,57.02,High,Omicron,2021,11,November,4,Sunday
2021-11-28,Ireland,5000000,2589.0,2.0,27.0,7.0,136260.0,1.9,91.78,87.48,17.21,51.79,0.04,59.88,High,Omicron,2021,11,November,4,Sunday
2021-12-05,Ireland,5000000,3030.0,2.0,32.0,10.0,144111.0,2.1,91.78,87.48,17.89,60.59,0.04,62.19,High,Omicron,2021,12,December,4,Sunday
2021-12-12,Ireland,5000000,4012.0,3.0,42.0,8.0,138072.0,2.91,92.02,87.48,19.13,80.24,0.06,68.93,Lockdown,Omicron,2021,12,December,4,Sunday
2021-12-19,Ireland,5000000,4352.0,3.0,46.0,13.0,156771.0,2.78,92.02,87.48,21.29,87.04,0.06,67.98,Lockdown,Omicron,2021,12,December,4,Sunday
2021-12-26,Ireland,5000000,3831.0,3.0,40.0,7.0,142859.0,2.68,92.02,87.57,23.19,76.63,0.06,65.93,Lockdown,Omicron,2021,12,December,4,Sunday
2022-01-02,Ireland,5000000,4080.0,4.0,43.0,11.0,153102.0,2.66,92.02,87.57,24.61,81.59,0.08,71.89,High,Omicron,2022,1,January,1,Sunday
2022-01-09,Ireland,5000000,4178.0,3.0,44.0,8.0,172168.0,2.43,92.02,88.07,26.6,83.56,0.06,74.23,Lockdown,Omicron,2022,1,January,1,Sunday
2022-01-16,Ireland,5000000,4862.0,4.0,51.0,15.0,169738.0,,92.02,88.07,28.99,97.23,0.08,69.86,Lockdown,Omicron,2022,1,January,1,Sunday
2022-01-23,Ireland,5000000,4226.0,4.0,44.0,12.0,182064.0,2.32,92.02,88.08,30.29,84.52,0.08,71.62,Lockdown,Omicron,2022,1,January,1,Sunday
2022-01-30,Ireland,5000000,4070.0,3.0,43.0,11.0,155472.0,2.62,92.27,88.08,33.02,81.4,0.06,69.6,Lockdown,Omicron,2022,1,January,1,Sunday
2022-02-06,Ireland,5000000,3478.0,3.0,37.0,6.0,141744.0,2.45,92.41,88.08,34.41,69.56,0.06,61.64,Lockdown,Omicron,2022,2,February,1,Sunday
2022-02-13,Ireland,5000000,2550.0,2.0,27.0,8.0,129138.0,1.97,92.41,88.08,35.94,51.0,0.04,59.59,High,Omicron,2022,2,February,1,Sunday
2022-02-20,Ireland,5000000,2191.0,2.0,23.0,4.0,125214.0,1.75,92.41,88.27,37.9,43.82,0.04,52.24,High,Omicron,2022,2,February,1,Sunday
2022-02-27,Ireland,5000000,1964.0,,21.0,5.0,123399.0,1.59,92.45,88.27,39.56,39.27,0.02,59.73,High,Omicron,2022,2,February,1,Sunday
2022-03-06,Ireland,5000000,1569.0,1.0,16.0,5.0,105147.0,1.49,92.45,88.27,41.54,31.39,0.02,54.03,High,Omicron,2022,3,March,1,Sunday
2022-03-13,Ireland,5000000,1014.0,1.0,11.0,3.0,103667.0,0.98,92.45,88.32,43.39,20.27,0.02,54.85,Moderate,Omicron,2022,3,March,1,Sunday
2022-03-20,Ireland,5000000,795.0,1.0,8.0,2.0,96341.0,0.83,92.45,88.32,44.8,15.9,0.02,59.62,Low,Omicron,2022,3,March,1,Sunday
2022-03-27,Ireland,5000000,676.0,1.0,7.0,2.0,108708.0,0.62,92.45,88.32,46.13,13.53,0.02,56.73,Low,Omicron,2022,3,March,1,Sunday
2022-04-03,Ireland,5000000,763.0,1.0,8.0,2.0,86087.0,0.89,92.45,88.32,48.49,15.25,0.02,51.27,Low,Omicron,2022,4,April,2,Sunday
2022-04-10,Ireland,5000000,472.0,0.0,5.0,1.0,98496.0,0.48,92.45,88.32,49.86,9.43,0.0,49.34,Low,Omicron,2022,4,April,2,Sunday
2022-04-17,Ireland,5000000,694.0,1.0,7.0,2.0,88481.0,0.78,92.45,88.32,50.54,13.89,0.02,55.98,None,Omicron,2022,4,April,2,Sunday
2022-04-24,Ireland,5000000,673.0,1.0,7.0,2.0,103854.0,0.65,92.45,88.69,52.33,13.46,0.02,50.24,Low,Omicron,2022,4,April,2,Sunday
2022-05-01,Ireland,5000000,775.0,1.0,8.0,2.0,98704.0,0.79,92.45,88.69,53.81,15.5,0.02,55.67,Low,Omicron,2022,5,May,2,Sunday
2022-05-08,Ireland,5000000,747.0,1.0,8.0,2.0,86771.0,0.86,92.45,88.94,54.92,14.94,0.02,60.03,Low,Omicron,2022,5,May,2,Sunday
2022-05-15,Ireland,5000000,995.0,1.0,10.0,2.0,113285.0,0.88,92.45,88.94,55.49,19.89,0.02,55.76,Low,Omicron,2022,5,May,2,Sunday
2022-05-22,Ireland,5000000,1229.0,1.0,13.0,4.0,87027.0,1.41,92.45,88.94,56.98,24.58,0.02,58.35,Low,Omicron,2022,5,May,2,Sunday
2022-05-29,Ireland,5000000,1269.0,1.0,13.0,2.0,109304.0,1.16,92.46,88.94,57.59,25.38,0.02,58.06,Low,Omicron,2022,5,May,2,Sunday
2022-06-05,Ireland,5000000,1372.0,1.0,14.0,3.0,117317.0,1.17,92.46,88.94,58.53,27.44,0.02,54.44,Moderate,Omicron,2022,6,June,2,Sunday
2022-06-12,Ireland,5000000,1426.0,1.0,15.0,5.0,124326.0,1.15,92.46,88.94,58.9,28.51,0.02,57.0,Moderate,Omicron,2022,6,June,2,Sunday
2022-06-19,Ireland,5000000,1727.0,1.0,15.0,3.0,101620.0,1.7,92.46,88.94,58.9,34.54,0.02,53.89,Moderate,Omicron (BA.5),2022,6,June,2,Sunday
2022-06-26,Ireland,5000000,2110.0,1.0,18.0,3.0,117494.0,1.8,92.46,88.94,,42.2,0.02,60.82,Moderate,Omicron (BA.5),2022,6,June,2,Sunday
2022-07-03,Ireland,5000000,2061.0,1.0,18.0,5.0,132348.0,1.56,92.46,88.94,61.24,41.21,0.02,54.89,High,Omicron (BA.5),2022,7,July,3,Sunday
2022-07-10,Ireland,5000000,1935.0,1.0,16.0,3.0,130881.0,1.48,92.46,88.94,61.53,38.69,0.02,58.47,High,Omicron (BA.5),2022,7,July,3,Sunday
2022-07-17,Ireland,5000000,1753.0,1.0,15.0,3.0,129030.0,1.36,92.46,88.94,62.26,35.05,0.02,59.11,High,Omicron (BA.5),2022,7,July,3,Sunday
2022-07-24,Ireland,5000000,1682.0,1.0,14.0,4.0,139700.0,1.2,92.46,88.94,62.83,33.63,0.02,54.61,Moderate,Omicron (BA.5),2022,7,July,3,Sunday
2022-07-31,Ireland,5000000,1532.0,1.0,13.0,3.0,109004.0,1.41,92.46,88.94,62.83,30.63,0.02,53.59,Moderate,Omicron (BA.5),2022,7,July,3,Sunday
2022-08-07,Ireland,5000000,1647.0,1.0,14.0,4.0,118844.0,1.39,92.46,88.94,63.1,32.94,0.02,55.41,Moderate,Omicron (BA.5),2022,8,August,3,Sunday
2022-08-14,Ireland,5000000,1575.0,1.0,13.0,4.0,111132.0,1.42,92.46,88.96,63.1,31.5,0.02,53.16,Moderate,Omicron (BA.5),2022,8,August,3,Sunday
2022-08-21,Ireland,5000000,1431.0,1.0,12.0,3.0,94368.0,1.52,92.46,88.96,63.36,28.62,0.02,55.34,Moderate,Omicron (BA.5),2022,8,August,3,Sunday
2022-08-28,Ireland,5000000,1233.0,1.0,10.0,3.0,108230.0,1.14,92.46,88.96,63.68,24.65,0.02,51.78,Moderate,Omicron (BA.5),2022,8,August,3,Sunday
2022-09-04,Ireland,5000000,770.0,0.0,7.0,1.0,85628.0,0.9,92.46,88.96,64.47,15.41,0.0,50.64,Moderate,Omicron (BA.5),2022,9,September,3,Sunday
2022-09-11,Ireland,5000000,598.0,0.0,5.0,1.0,95091.0,0.63,92.46,88.96,64.47,11.96,0.0,53.23,Low,Omicron (BA.5),2022,9,September,3,Sunday
2022-09-18,Ireland,5000000,787.0,0.0,7.0,2.0,90145.0,0.87,92.46,88.96,64.54,15.74,0.0,54.29,Low,Omicron (BA.5),2022,9,September,3,Sunday
2022-09-25,Ireland,5000000,547.0,0.0,5.0,1.0,101893.0,0.54,92.46,88.96,64.67,10.94,0.0,51.13,Low,Omicron (BA.5),2022,9,September,3,Sunday
2022-10-02,Ireland,5000000,401.0,0.0,3.0,1.0,90201.0,0.44,92.46,88.96,64.77,8.03,0.0,46.87,Low,Omicron (BA.5),2022,10,October,4,Sunday
2022-10-09,Ireland,5000000,270.0,0.0,2.0,0.0,80713.0,0.33,92.46,88.96,65.42,5.39,0.0,53.47,None,Omicron (BA.5),2022,10,October,4,Sunday
2022-10-16,Ireland,5000000,191.0,0.0,2.0,0.0,99381.0,0.19,92.68,88.96,65.42,3.82,0.0,49.42,None,Omicron (BA.5),2022,10,October,4,Sunday
2022-10-23,Ireland,5000000,69.0,0.0,1.0,0.0,86666.0,0.08,92.68,88.96,65.66,1.38,0.0,55.26,None,Omicron (BA.5),2022,10,October,4,Sunday
2022-10-30,Ireland,5000000,344.0,0.0,3.0,1.0,92008.0,0.37,92.68,88.96,65.66,6.87,0.0,50.65,None,Omicron (BA.5),2022,10,October,4,Sunday
2022-11-06,Ireland,5000000,273.0,0.0,2.0,1.0,86844.0,0.31,92.68,88.96,65.7,5.46,0.0,50.88,None,Omicron (BA.5),2022,11,November,4,Sunday
2022-11-13,Ireland,5000000,15.0,0.0,0.0,0.0,98526.0,0.02,92.68,88.96,65.7,0.3,0.0,48.58,None,Omicron (BA.5),2022,11,November,4,Sunday
2022-11-20,Ireland,5000000,15.0,0.0,0.0,0.0,92184.0,0.02,92.68,88.96,65.7,0.3,0.0,50.27,None,Omicron (BA.5),2022,11,November,4,Sunday
2022-11-27,Ireland,5000000,49.0,0.0,0.0,0.0,,0.06,92.68,88.96,66.15,0.98,0.0,58.35,None,Omicron (BA.5),2022,11,November,4,Sunday
2022-12-04,Ireland,5000000,15.0,0.0,0.0,0.0,76415.0,0.02,92.68,88.96,66.15,0.3,0.0,48.79,None,Omicron (BA.5),2022,12,December,4,Sunday
2022-12-11,Ireland,5000000,77.0,0.0,1.0,0.0,109500.0,0.07,92.68,88.96,66.15,1.54,0.0,53.29,None,Omicron (BA.5),2022,12,December,4,Sunday
2022-12-18,Ireland,5000000,94.0,0.0,1.0,0.0,105936.0,0.09,92.68,88.96,66.15,1.88,0.0,50.33,None,Omicron (BA.5),2022,12,December,4,Sunday
2022-12-25,Ireland,5000000,15.0,0.0,0.0,0.0,100648.0,,92.68,88.96,66.15,0.3,0.0,52.59,None,Omicron (BA.5),2022,12,December,4,Sunday
2021-01-03,Israel,9400000,764.0,4.0,47.0,14.0,277158.0,0.28,20.64,13.03,0.47,8.12,0.043,41.52,None,Alpha,2021,1,January,1,Sunday
2021-01-10,Israel,9400000,1101.0,8.0,67.0,15.0,288118.0,0.38,23.21,14.25,0.58,11.72,0.085,45.33,None,Alpha,2021,1,January,1,Sunday
2021-01-17,Israel,9400000,1228.0,8.0,74.0,22.0,295374.0,0.42,25.74,15.63,0.58,13.06,0.085,46.62,Low,Alpha,2021,1,January,1,Sunday
2021-01-24,Israel,9400000,1775.0,11.0,105.0,,300032.0,0.59,29.14,17.7,0.58,18.89,0.117,50.68,Low,Alpha,2021,1,January,1,Sunday
2021-01-31,Israel,9400000,2067.0,12.0,121.0,31.0,331944.0,0.62,31.28,20.15,0.58,21.99,0.128,57.16,Low,Alpha,2021,1,January,1,Sunday
2021-02-07,Israel,9400000,2846.0,16.0,164.0,43.0,357465.0,0.8,34.49,21.8,0.58,30.27,0.17,60.25,Moderate,Alpha,2021,2,February,1,Sunday
2021-02-14,Israel,9400000,2733.0,14.0,156.0,34.0,362390.0,0.75,37.65,23.77,0.58,29.07,0.149,62.79,Moderate,Alpha,2021,2,February,1,Sunday
2021-02-21,Israel,9400000,3858.0,20.0,217.0,50.0,394850.0,0.98,41.11,25.88,0.58,41.04,0.213,64.62,Moderate,Alpha,2021,2,February,1,Sunday
2021-02-28,Israel,9400000,3302.0,18.0,183.0,49.0,415384.0,0.79,43.68,28.41,0.62,35.13,0.191,63.11,High,Alpha,2021,2,February,1,Sunday
2021-03-07,Israel,9400000,3076.0,15.0,167.0,34.0,380490.0,0.81,47.56,31.37,0.68,32.72,0.16,58.04,High,Alpha,2021,3,March,1,Sunday
2021-03-14,Israel,9400000,2971.0,13.0,159.0,44.0,341870.0,0.87,50.33,33.58,0.68,31.61,0.138,56.52,Moderate,Alpha,2021,3,March,1,Sunday
2021-03-21,Israel,9400000,2315.0,12.0,121.0,25.0,338740.0,0.68,54.29,36.6,0.68,24.62,0.128,58.18,Moderate,Alpha,2021,3,March,1,Sunday
2021-03-28,Israel,9400000,2113.0,10.0,108.0,27.0,356741.0,0.59,56.72,39.84,0.68,22.48,0.106,49.14,Moderate,Alpha,2021,3,March,1,Sunday
2021-04-04,Israel,9400000,1814.0,8.0,91.0,27.0,287451.0,0.63,59.21,42.29,0.68,19.3,0.085,,Moderate,Alpha,2021,4,April,2,Sunday
2021-04-11,Israel,9400000,1572.0,8.0,78.0,12.0,352345.0,0.45,62.35,44.78,0.68,16.72,0.085,45.26,Low,Alpha,2021,4,April,2,Sunday
2021-04-18,Israel,9400000,1033.0,5.0,50.0,10.0,268673.0,0.38,65.48,48.59,0.68,10.99,0.053,38.25,Low,Alpha,2021,4,April,2,Sunday
2021-04-25,Israel,9400000,705.0,3.0,33.0,8.0,295937.0,0.24,67.62,51.25,0.68,7.5,0.032,38.6,Low,Alpha,2021,4,April,2,Sunday
2021-05-02,Israel,9400000,519.0,2.0,24.0,4.0,270329.0,0.19,69.91,53.61,0.96,5.52,0.021,37.62,None,Alpha,2021,5,May,2,Sunday
2021-05-09,Israel,9400000,353.0,1.0,16.0,3.0,263862.0,0.13,72.3,56.48,1.21,3.75,0.011,38.78,None,Alpha,2021,5,May,2,Sunday
2021-05-16,Israel,9400000,347.0,,15.0,4.0,237165.0,0.15,73.96,58.56,1.21,3.69,0.011,33.44,None,Alpha,2021,5,May,2,Sunday
2021-05-23,Israel,9400000,303.0,1.0,13.0,2.0,282493.0,0.11,75.8,61.29,1.21,3.22,0.011,41.28,None,Alpha,2021,5,May,2,Sunday
2021-05-30,Israel,9400000,848.0,3.0,36.0,9.0,251664.0,0.34,77.21,63.24,1.21,9.02,0.032,36.7,None,Alpha,2021,5,May,2,Sunday
2021-06-06,Israel,9400000,1034.0,4.0,44.0,7.0,253385.0,0.41,79.48,65.12,1.69,11.0,0.043,42.14,Low,Alpha,2021,6,June,2,Sunday
2021-06-13,Israel,9400000,591.0,2.0,24.0,4.0,297744.0,0.2,79.92,68.32,1.69,6.29,0.021,38.96,Low,Alpha,2021,6,June,2,Sunday
2021-06-20,Israel,9400000,1372.0,5.0,64.0,14.0,339658.0,0.4,81.52,69.0,1.69,14.59,0.053,47.21,None,Delta,2021,6,June,2,Sunday
2021-06-27,Israel,9400000,1600.0,7.0,73.0,23.0,288081.0,0.56,82.66,71.24,1.75,17.02,0.074,47.24,Low,Delta,2021,6,June,2,Sunday
2021-07-04,Israel,9400000,1858.0,7.0,84.0,20.0,337563.0,0.55,83.44,72.82,2.04,19.77,0.074,50.81,Low,Delta,2021,7,July,3,Sunday
2021-07-11,Israel,9400000,2131.0,7.0,95.0,19.0,341545.0,0.62,83.89,74.34,2.41,22.67,0.074,48.41,Low,Delta,2021,7,July,3,Sunday
2021-07-18,Israel,9400000,2800.0,11.0,124.0,27.0,339710.0,0.82,84.69,75.48,2.71,29.78,0.117,52.05,Moderate,Delta,2021,7,July,3,Sunday
2021-07-25,Israel,9400000,3162.0,12.0,138.0,34.0,391436.0,0.81,85.79,76.68,3.22,33.63,0.128,56.13,Moderate,Delta,2021,7,July,3,Sunday
2021-08-01,Israel,9400000,3200.0,12.0,138.0,35.0,350206.0,0.91,85.96,77.82,3.22,34.04,0.128,57.67,Moderate,Delta,2021,8,August,3,Sunday
2021-08-08,Israel,9400000,3487.0,11.0,149.0,29.0,378994.0,0.92,86.06,78.9,3.97,37.1,0.117,58.64,High,Delta,2021,8,August,3,Sunday
2021-08-15,Israel,9400000,3690.0,13.0,157.0,29.0,333178.0,1.11,87.23,79.62,4.17,39.25,0.138,58.46,High,Delta,2021,8,August,3,Sunday
2021-08-22,Israel,9400000,3873.0,14.0,163.0,38.0,339681.0,1.14,87.23,80.38,4.3,41.21,0.149,59.04,High,Delta,2021,8,August,3,Sunday
2021-08-29,Israel,9400000,3732.0,13.0,157.0,41.0,406420.0,0.92,88.01,80.7,4.33,39.7,0.138,57.56,High,Delta,2021,8,August,3,Sunday
2021-09-05,Israel,9400000,4428.0,16.0,183.0,53.0,410988.0,1.08,88.05,82.32,5.42,47.1,0.17,62.17,High,Delta,2021,9,September,3,Sunday
2021-09-12,Israel,9400000,3908.0,16.0,161.0,40.0,372906.0,1.05,88.28,82.43,6.48,41.57,0.17,63.28,High,Delta,2021,9,September,3,Sunday
2021-09-19,Israel,9400000,4133.0,12.0,170.0,46.0,442976.0,0.93,88.59,82.82,6.48,43.97,0.128,58.79,High,Delta,2021,9,September,3,Sunday
2021-09-26,Israel,9400000,3826.0,13.0,157.0,36.0,431489.0,0.89,88.59,83.01,7.48,40.7,0.138,,High,Delta,2021,9,September,3,Sunday
2021-10-03,Israel,9400000,3705.0,14.0,152.0,37.0,383834.0,0.97,88.68,83.28,8.33,39.42,0.149,55.88,High,Delta,2021,10,October,4,Sunday
2021-10-10,Israel,9400000,3695.0,13.0,150.0,39.0,327354.0,1.13,88.99,84.17,9.47,39.31,0.138,57.69,High,Delta,2021,10,October,4,Sunday
2021-10-17,Israel,9400000,3730.0,14.0,151.0,29.0,368265.0,1.01,88.99,84.17,10.06,39.68,0.149,51.54,High,Delta,2021,10,October,4,Sunday
2021-10-24,Israel,9400000,3890.0,14.0,157.0,48.0,351544.0,1.11,89.51,84.67,10.99,41.38,0.149,57.32,High,Delta,2021,10,October,4,Sunday
2021-10-31,Israel,9400000,3187.0,11.0,128.0,27.0,356976.0,0.89,89.51,84.67,12.58,33.9,0.117,55.96,High,Delta,2021,10,October,4,Sunday
2021-11-07,Israel,9400000,3732.0,11.0,149.0,38.0,343824.0,1.09,89.51,85.38,13.44,39.7,0.117,55.26,Moderate,Delta,2021,11,November,4,Sunday
2021-11-14,Israel,9400000,4236.0,13.0,170.0,42.0,350493.0,1.21,89.51,85.38,14.45,45.07,0.138,59.87,High,Delta,2021,11,November,4,Sunday
2021-11-21,Israel,9400000,4614.0,15.0,185.0,55.0,327182.0,1.41,89.64,85.38,16.98,49.08,0.16,66.69,High,Delta,2021,11,November,4,Sunday
2021-11-28,Israel,9400000,4944.0,16.0,198.0,34.0,415420.0,1.19,89.64,85.54,18.22,52.6,0.17,63.99,Lockdown,Delta,2021,11,November,4,Sunday
2021-12-05,Israel,9400000,4922.0,17.0,196.0,59.0,333979.0,1.47,89.82,85.74,20.1,52.36,0.181,57.3,Lockdown,Delta,2021,12,December,4,Sunday
2021-12-12,Israel,9400000,5968.0,22.0,238.0,41.0,430930.0,1.38,89.92,85.74,21.48,63.49,0.234,65.02,Lockdown,Delta,2021,12,December,4,Sunday
2021-12-19,Israel,9400000,5790.0,5.0,110.0,19.0,460902.0,1.26,90.5,86.23,23.17,61.6,0.053,50.71,Lockdown,Omicron,2021,12,December,4,Sunday
2021-12-26,Israel,9400000,6434.0,6.0,122.0,36.0,,1.49,90.5,86.23,24.88,68.44,0.064,50.94,Lockdown,Omicron,2021,12,December,4,Sunday
2022-01-02,Israel,9400000,6547.0,,124.0,24.0,420594.0,1.56,90.5,86.23,26.57,69.65,0.074,53.47,High,Omicron,2022,1,January,1,Sunday
2022-01-09,Israel,9400000,6449.0,7.0,122.0,31.0,454988.0,1.42,90.5,86.23,28.68,68.61,0.074,52.21,Lockdown,Omicron,2022,1,January,1,Sunday
2022-01-16,Israel,9400000,6210.0,7.0,118.0,27.0,420075.0,1.48,90.5,86.3,30.29,66.06,0.074,55.32,Lockdown,Omicron,2022,1,January,1,Sunday
2022-01-23,Israel,9400000,6697.0,7.0,127.0,39.0,472211.0,1.42,90.5,86.3,32.08,71.25,0.074,50.89,Lockdown,Omicron,2022,1,January,1,Sunday
2022-01-30,Israel,9400000,6341.0,7.0,120.0,34.0,416525.0,1.52,90.5,86.3,34.24,67.46,0.074,52.16,Lockdown,Omicron,2022,1,January,1,Sunday
2022-02-06,Israel,9400000,4858.0,5.0,92.0,19.0,403814.0,1.2,90.5,86.3,36.66,51.68,0.053,49.46,Lockdown,Omicron,2022,2,February,1,Sunday
2022-02-13,Israel,9400000,4573.0,4.0,87.0,25.0,387190.0,1.18,90.5,86.3,37.8,48.65,0.043,49.09,Lockdown,Omicron,2022,2,February,1,Sunday
2022-02-20,Israel,9400000,3750.0,3.0,71.0,13.0,371876.0,1.01,90.5,86.34,39.67,39.89,0.032,46.46,Lockdown,Omicron,2022,2,February,1,Sunday
2022-02-27,Israel,9400000,3004.0,3.0,57.0,15.0,394288.0,0.76,90.5,86.34,42.02,31.96,0.032,38.18,High,Omicron,2022,2,February,1,Sunday
2022-03-06,Israel,9400000,2800.0,3.0,53.0,15.0,347678.0,0.81,90.5,86.34,43.46,29.78,0.032,43.88,Moderate,Omicron,2022,3,March,1,Sunday
2022-03-13,Israel,9400000,1920.0,2.0,36.0,10.0,327111.0,0.59,90.5,86.97,45.41,20.42,0.021,41.01,Moderate,Omicron,2022,3,March,1,Sunday
2022-03-20,Israel,9400000,1675.0,2.0,32.0,8.0,291372.0,0.57,90.5,86.97,47.16,17.82,0.021,43.01,Moderate,Omicron,2022,3,March,1,Sunday
2022-03-27,Israel,9400000,1374.0,1.0,26.0,8.0,302506.0,0.45,90.5,86.97,48.51,14.62,0.011,41.85,Low,Omicron,2022,3,March,1,Sunday
2022-04-03,Israel,9400000,1160.0,1.0,22.0,5.0,284033.0,0.41,90.5,87.12,49.61,12.34,0.011,40.1,Low,Omicron,2022,4,April,2,Sunday
2022-04-10,Israel,9400000,814.0,1.0,15.0,5.0,280155.0,0.29,90.5,87.12,51.52,8.65,0.011,39.34,Low,Omicron,2022,4,April,2,Sunday
2022-04-17,Israel,9400000,929.0,1.0,17.0,3.0,297821.0,0.31,90.5,87.12,52.61,9.88,0.011,42.21,Low,Omicron,2022,4,April,2,Sunday
2022-04-24,Israel,9400000,1364.0,1.0,26.0,5.0,285002.0,0.48,90.5,87.12,53.56,14.51,0.011,42.92,Low,Omicron,2022,4,April,2,Sunday
2022-05-01,Israel,9400000,1196.0,1.0,22.0,6.0,282298.0,0.42,90.5,87.12,54.61,12.73,0.011,40.19,Low,Omicron,2022,5,May,2,Sunday
2022-05-08,Israel,9400000,1450.0,1.0,27.0,5.0,287942.0,0.5,90.5,87.12,55.72,15.43,0.011,45.54,Low,Omicron,2022,5,May,2,Sunday
2022-05-15,Israel,9400000,1576.0,2.0,30.0,7.0,291302.0,0.54,90.5,87.12,56.42,16.77,0.021,39.01,Low,Omicron,2022,5,May,2,Sunday
2022-05-22,Israel,9400000,1902.0,2.0,36.0,10.0,318211.0,0.6,90.5,87.12,56.85,20.23,0.021,38.42,Low,Omicron,2022,5,May,2,Sunday
2022-05-29,Israel,9400000,2469.0,,46.0,11.0,322099.0,0.77,90.5,87.12,58.32,26.26,0.032,42.7,Low,Omicron,2022,5,May,2,Sunday
2022-06-05,Israel,9400000,2426.0,3.0,46.0,8.0,370011.0,0.66,90.5,87.12,58.99,25.81,0.032,41.79,Moderate,Omicron,2022,6,June,2,Sunday
2022-06-12,Israel,9400000,2550.0,2.0,48.0,9.0,405999.0,0.63,90.5,87.12,58.99,27.13,0.021,36.83,Moderate,Omicron,2022,6,June,2,Sunday
2022-06-19,Israel,9400000,2815.0,2.0,53.0,11.0,327129.0,0.86,90.5,87.12,60.13,29.95,0.021,42.04,Moderate,Omicron,2022,6,June,2,Sunday
2022-06-26,Israel,9400000,3383.0,3.0,64.0,13.0,369132.0,0.92,90.5,87.12,61.01,35.99,0.032,46.01,Moderate,Omicron,2022,6,June,2,Sunday
2022-07-03,Israel,9400000,3338.0,3.0,63.0,11.0,389039.0,0.86,90.5,87.12,61.01,35.51,0.032,44.87,High,Omicron,2022,7,July,3,Sunday
2022-07-10,Israel,9400000,2925.0,3.0,55.0,16.0,338800.0,0.86,90.5,87.12,61.33,31.11,0.032,42.0,High,Omicron,2022,7,July,3,Sunday
2022-07-17,Israel,9400000,3217.0,3.0,49.0,10.0,327110.0,0.98,90.5,87.12,61.67,34.22,0.032,43.24,Moderate,Omicron (BA.5),2022,7,July,3,Sunday
2022-07-24,Israel,9400000,2724.0,2.0,42.0,12.0,387067.0,0.7,90.5,87.12,62.56,28.98,0.021,42.5,High,Omicron (BA.5),2022,7,July,3,Sunday
2022-07-31,Israel,9400000,2775.0,2.0,43.0,14.0,360170.0,0.77,90.5,87.12,62.69,29.52,0.021,44.11,Moderate,Omicron (BA.5),2022,7,July,3,Sunday
2022-08-07,Israel,9400000,2494.0,2.0,38.0,8.0,341025.0,0.73,90.5,87.12,62.69,26.53,0.021,40.05,Moderate,Omicron (BA.5),2022,8,August,3,Sunday
2022-08-14,Israel,9400000,2075.0,2.0,32.0,10.0,356392.0,0.58,90.5,87.12,62.97,22.08,0.021,43.03,Moderate,Omicron (BA.5),2022,8,August,3,Sunday
2022-08-21,Israel,9400000,2230.0,2.0,34.0,6.0,344204.0,0.65,90.5,87.12,63.77,23.72,0.021,38.39,Moderate,Omicron (BA.5),2022,8,August,3,Sunday
2022-08-28,Israel,9400000,1774.0,2.0,27.0,7.0,308624.0,0.57,90.5,87.12,63.77,18.87,0.021,38.92,Moderate,Omicron (BA.5),2022,8,August,3,Sunday
2022-09-04,Israel,9400000,1695.0,2.0,26.0,,283326.0,0.6,90.5,87.12,63.77,18.04,0.021,44.29,Low,Omicron (BA.5),2022,9,September,3,Sunday
2022-09-11,Israel,9400000,1388.0,1.0,21.0,6.0,285886.0,0.49,90.5,87.12,63.77,14.77,0.011,36.81,Low,Omicron (BA.5),2022,9,September,3,Sunday
2022-09-18,Israel,9400000,1218.0,1.0,19.0,4.0,320419.0,0.38,90.5,87.12,63.77,12.95,0.011,37.45,Low,Omicron (BA.5),2022,9,September,3,Sunday
2022-09-25,Israel,9400000,608.0,0.0,9.0,2.0,287892.0,0.21,90.5,87.12,64.37,6.47,0.0,34.62,Low,Omicron (BA.5),2022,9,September,3,Sunday
2022-10-02,Israel,9400000,657.0,0.0,10.0,2.0,270435.0,0.24,90.5,87.12,64.37,6.99,0.0,35.82,None,Omicron (BA.5),2022,10,October,4,Sunday
2022-10-09,Israel,9400000,682.0,1.0,10.0,3.0,314256.0,0.22,90.5,87.12,64.37,7.26,0.011,38.23,None,Omicron (BA.5),2022,10,October,4,Sunday
2022-10-16,Israel,9400000,477.0,0.0,7.0,1.0,265481.0,0.18,90.5,87.12,64.37,5.07,0.0,39.25,None,Omicron (BA.5),2022,10,October,4,Sunday
2022-10-23,Israel,9400000,484.0,0.0,7.0,2.0,290346.0,0.17,90.5,87.12,64.4,5.15,0.0,37.44,None,Omicron (BA.5),2022,10,October,4,Sunday
2022-10-30,Israel,9400000,182.0,0.0,3.0,1.0,264120.0,0.07,90.5,87.12,64.4,1.94,0.0,36.14,None,Omicron (BA.5),2022,10,October,4,Sunday
2022-11-06,Israel,9400000,43.0,0.0,1.0,0.0,294626.0,0.01,90.5,87.12,64.42,0.46,0.0,33.57,None,Omicron (BA.5),2022,11,November,4,Sunday
2022-11-13,Israel,9400000,28.0,0.0,0.0,0.0,270034.0,0.01,90.5,87.12,64.55,0.3,0.0,34.73,None,Omicron (BA.5),2022,11,November,4,Sunday
2022-11-20,Israel,9400000,28.0,0.0,0.0,0.0,255631.0,0.01,90.5,87.12,64.55,0.3,0.0,32.68,None,Omicron (BA.5),2022,11,November,4,Sunday
2022-11-27,Israel,9400000,148.0,0.0,2.0,1.0,254777.0,0.06,90.5,87.12,64.55,1.57,0.0,38.65,None,Omicron (BA.5),2022,11,November,4,Sunday
2022-12-04,Israel,9400000,176.0,0.0,3.0,1.0,259051.0,0.07,90.5,87.12,64.61,1.88,0.0,38.96,None,Omicron (BA.5),2022,12,December,4,Sunday
2022-12-11,Israel,9400000,28.0,0.0,0.0,0.0,239910.0,0.01,90.5,87.12,64.75,0.3,0.0,36.44,None,Omicron (BA.5),2022,12,December,4,Sunday
2022-12-18,Israel,9400000,235.0,0.0,4.0,1.0,232658.0,0.1,90.5,87.12,64.75,2.5,0.0,38.19,None,Omicron (BA.5),2022,12,December,4,Sunday
2022-12-25,Israel,9400000,28.0,0.0,0.0,0.0,260981.0,0.01,90.5,87.12,64.75,0.3,0.0,38.73,None,Omicron (BA.5),2022,12,December,4,Sunday
2021-01-03,Italy,59100000,10783.0,106.0,392.0,107.0,1213542.0,0.89,20.15,12.25,0.32,18.25,0.179,61.98,Low,Alpha,2021,1,January,1,Sunday
2021-01-10,Italy,59100000,12789.0,106.0,459.0,129.0,1494287.0,0.86,22.94,14.15,0.32,21.64,0.179,61.05,Low,Alpha,2021,1,January,1,Sunday
2021-01-17,Italy,59100000,16743.0,161.0,595.0,188.0,1401599.0,1.19,25.1,16.08,0.32,28.33,0.272,66.1,Moderate,Alpha,2021,1,January,1,Sunday
2021-01-24,Italy,59100000,16852.0,132.0,593.0,91.0,1185348.0,1.42,27.84,17.51,0.32,28.52,0.223,63.58,Moderate,Alpha,2021,1,January,1,Sunday
2021-01-31,Italy,59100000,17481.0,143.0,608.0,190.0,1692198.0,1.03,30.07,19.37,0.32,29.58,0.242,68.85,Moderate,Alpha,2021,1,January,1,Sunday
2021-02-07,Italy,59100000,19186.0,157.0,661.0,,1422652.0,1.35,32.79,21.08,0.35,32.46,0.266,69.11,Moderate,Alpha,2021,2,February,1,Sunday
2021-02-14,Italy,59100000,20790.0,161.0,705.0,206.0,1524732.0,1.36,35.7,23.57,0.35,35.18,0.272,69.44,High,Alpha,2021,2,February,1,Sunday
2021-02-21,Italy,59100000,17007.0,118.0,572.0,139.0,1665661.0,1.02,38.2,24.73,0.4,28.78,0.2,65.72,High,Alpha,2021,2,February,1,Sunday
2021-02-28,Italy,59100000,14567.0,107.0,483.0,119.0,1402765.0,1.04,41.09,27.2,0.4,24.65,0.181,66.03,Moderate,Alpha,2021,2,February,1,Sunday
2021-03-07,Italy,59100000,11742.0,87.0,384.0,81.0,1339142.0,0.88,44.38,29.21,0.4,19.87,0.147,57.2,Moderate,Alpha,2021,3,March,1,Sunday
2021-03-14,Italy,59100000,9817.0,70.0,315.0,92.0,1185473.0,,47.16,31.97,0.4,16.61,0.118,55.17,Low,Alpha,2021,3,March,1,Sunday
2021-03-21,Italy,59100000,10069.0,81.0,319.0,62.0,1147508.0,0.88,49.96,34.08,0.46,17.04,0.137,60.54,Low,Alpha,2021,3,March,1,Sunday
2021-03-28,Italy,59100000,4752.0,30.0,147.0,34.0,1187491.0,0.4,52.92,37.08,0.46,8.04,0.051,51.52,Low,Alpha,2021,3,March,1,Sunday
2021-04-04,Italy,59100000,3845.0,26.0,118.0,29.0,1217982.0,0.32,56.21,38.91,0.54,6.51,0.044,51.98,Low,Alpha,2021,4,April,2,Sunday
2021-04-11,Italy,59100000,3144.0,19.0,94.0,26.0,1196795.0,0.26,58.3,42.02,0.54,5.32,0.032,50.46,None,Alpha,2021,4,April,2,Sunday
2021-04-18,Italy,59100000,1880.0,14.0,55.0,13.0,1096592.0,0.17,60.88,44.31,0.54,3.18,0.024,47.99,None,Alpha,2021,4,April,2,Sunday
2021-04-25,Italy,59100000,3307.0,23.0,96.0,26.0,1173718.0,0.28,62.98,46.63,0.87,5.6,0.039,48.65,None,Alpha,2021,4,April,2,Sunday
2021-05-02,Italy,59100000,3661.0,26.0,104.0,,1006209.0,0.36,65.81,49.28,0.87,6.19,0.044,51.89,None,Alpha,2021,5,May,2,Sunday
09/05/2021,Italy,59100000,4774.0,33.0,133.0,35.0,1248312.0,0.38,68.21,51.62,0.87,8.08,0.056,53.74,None,Alpha,2021,5,May,2,Sunday
2021-05-16,Italy,59100000,3968.0,22.0,109.0,29.0,1201627.0,0.33,70.31,54.01,0.87,6.71,0.037,,Low,Alpha,2021,5,May,2,Sunday
2021-05-23,Italy,59100000,3756.0,23.0,101.0,27.0,1368231.0,0.27,71.98,56.12,0.87,6.35,0.039,,Low,Alpha,2021,5,May,2,Sunday
2021-05-30,Italy,59100000,7023.0,37.0,186.0,54.0,,0.56,73.98,58.15,0.87,11.88,0.063,55.97,None,Alpha,2021,5,May,2,Sunday
2021-06-06,Italy,59100000,8412.0,51.0,219.0,53.0,1186994.0,0.71,75.52,60.35,1.19,14.23,0.086,52.98,Low,Alpha,2021,6,June,2,Sunday
2021-06-13,Italy,59100000,12779.0,87.0,378.0,69.0,1374019.0,0.93,77.09,61.92,1.45,21.62,0.147,57.61,Low,Delta,2021,6,June,2,Sunday
2021-06-20,Italy,59100000,17326.0,112.0,501.0,133.0,1440578.0,1.2,78.38,64.53,1.56,29.32,0.19,63.43,Moderate,Delta,2021,6,June,2,Sunday
2021-06-27,Italy,59100000,18200.0,135.0,521.0,85.0,1550669.0,1.17,79.76,65.65,1.77,30.8,0.228,66.64,Moderate,Delta,2021,6,June,2,Sunday
2021-07-04,Italy,59100000,18010.0,127.0,507.0,95.0,1497595.0,1.2,80.32,67.58,1.77,30.47,0.215,65.42,Moderate,Delta,2021,7,July,3,Sunday
2021-07-11,Italy,59100000,20587.0,146.0,570.0,162.0,1394599.0,1.48,80.95,69.35,1.89,34.83,0.247,65.66,Moderate,Delta,2021,7,July,3,Sunday
2021-07-18,Italy,59100000,23006.0,122.0,629.0,141.0,1394092.0,1.65,82.42,70.8,1.89,38.93,0.206,70.48,High,Delta,2021,7,July,3,Sunday
2021-07-25,Italy,59100000,24723.0,138.0,673.0,158.0,1676202.0,1.47,83.24,71.3,2.3,41.83,0.234,70.29,High,Delta,2021,7,July,3,Sunday
2021-08-01,Italy,59100000,26399.0,146.0,708.0,225.0,1864168.0,1.42,84.17,72.98,2.31,44.67,0.247,69.74,High,Delta,2021,8,August,3,Sunday
2021-08-08,Italy,59100000,27976.0,158.0,742.0,141.0,1723910.0,1.62,84.71,74.22,2.75,47.34,0.267,70.61,High,Delta,2021,8,August,3,Sunday
2021-08-15,Italy,59100000,24662.0,139.0,649.0,100.0,1747046.0,1.41,85.46,75.08,3.36,41.73,0.235,70.11,Lockdown,Delta,2021,8,August,3,Sunday
2021-08-22,Italy,59100000,28920.0,151.0,751.0,127.0,1874228.0,1.54,85.55,76.36,3.66,48.93,0.255,72.49,High,Delta,2021,8,August,3,Sunday
2021-08-29,Italy,59100000,23416.0,141.0,608.0,116.0,1647418.0,1.42,85.87,76.51,5.02,39.62,0.239,64.2,Lockdown,Delta,2021,8,August,3,Sunday
2021-09-05,Italy,59100000,24916.0,126.0,644.0,176.0,1538648.0,1.62,85.87,76.87,5.02,42.16,0.213,71.03,High,Delta,2021,9,September,3,Sunday
2021-09-12,Italy,59100000,19447.0,110.0,496.0,140.0,1549768.0,1.25,86.61,78.39,5.02,32.91,0.186,62.48,High,Delta,2021,9,September,3,Sunday
2021-09-19,Italy,59100000,24158.0,143.0,615.0,151.0,1786602.0,1.35,86.65,78.57,5.14,40.88,0.242,71.87,High,Delta,2021,9,September,3,Sunday
2021-09-26,Italy,59100000,22276.0,122.0,566.0,109.0,1655309.0,1.35,87.15,78.74,6.03,37.69,0.206,62.65,High,Delta,2021,9,September,3,Sunday
2021-10-03,Italy,59100000,21699.0,109.0,546.0,130.0,1669627.0,1.3,87.33,79.7,6.68,36.72,0.184,64.99,High,Delta,2021,10,October,4,Sunday
2021-10-10,Italy,59100000,20820.0,97.0,520.0,79.0,1498454.0,1.39,87.66,80.54,7.73,35.23,0.164,62.78,High,Delta,2021,10,October,4,Sunday
17/10/2021,Italy,59100000,22264.0,102.0,556.0,148.0,1562021.0,1.43,87.67,80.54,8.1,37.67,0.173,63.36,High,Delta,2021,10,October,4,Sunday
2021-10-24,Italy,59100000,22783.0,123.0,563.0,143.0,1583909.0,1.44,88.14,81.6,9.0,38.55,0.208,64.83,High,Delta,2021,10,October,4,Sunday
2021-10-31,Italy,59100000,24689.0,123.0,610.0,94.0,1634181.0,1.51,88.14,81.6,9.81,41.77,0.208,72.14,High,Delta,2021,10,October,4,Sunday
2021-11-07,Italy,59100000,30204.0,132.0,746.0,216.0,1926541.0,1.57,88.18,81.6,10.48,51.11,0.223,72.88,High,Delta,2021,11,November,4,Sunday
2021-11-14,Italy,59100000,30165.0,174.0,745.0,208.0,1430383.0,2.11,88.59,81.6,11.73,51.04,0.294,70.51,Lockdown,Delta,2021,11,November,4,Sunday
2021-11-21,Italy,59100000,35165.0,185.0,865.0,175.0,1875335.0,1.88,88.88,81.95,12.91,59.5,0.313,72.16,Lockdown,Delta,2021,11,November,4,Sunday
2021-11-28,Italy,59100000,36289.0,200.0,892.0,230.0,1883366.0,1.93,88.88,82.09,14.21,61.4,0.338,73.38,Lockdown,Delta,2021,11,November,4,Sunday
2021-12-05,Italy,59100000,39109.0,192.0,961.0,242.0,1742539.0,2.24,88.99,82.09,15.6,66.17,0.325,78.79,Lockdown,Delta,2021,12,December,4,Sunday
2021-12-12,Italy,59100000,41754.0,71.0,485.0,85.0,2123616.0,1.97,88.99,83.3,16.68,70.65,0.12,61.7,Lockdown,Omicron,2021,12,December,4,Sunday
2021-12-19,Italy,59100000,35721.0,49.0,415.0,76.0,1773825.0,2.01,88.99,83.3,18.06,60.44,0.083,60.25,High,Omicron,2021,12,December,4,Sunday
2021-12-26,Italy,59100000,40797.0,55.0,474.0,126.0,1937370.0,2.11,88.99,83.3,19.07,69.03,0.093,57.22,Lockdown,Omicron,2021,12,December,4,Sunday
2022-01-02,Italy,59100000,36367.0,61.0,422.0,130.0,2177732.0,1.67,88.99,83.3,21.26,61.54,0.103,60.83,Lockdown,Omicron,2022,1,January,1,Sunday
2022-01-09,Italy,59100000,32697.0,55.0,379.0,94.0,1963400.0,1.67,88.99,83.46,22.46,55.33,0.093,62.11,Lockdown,Omicron,2022,1,January,1,Sunday
2022-01-16,Italy,59100000,27517.0,41.0,319.0,79.0,1781226.0,1.54,88.99,83.46,24.51,46.56,0.069,61.47,Lockdown,Omicron,2022,1,January,1,Sunday
2022-01-23,Italy,59100000,28168.0,37.0,326.0,85.0,1769550.0,1.59,88.99,83.46,26.33,47.66,0.063,52.93,High,Omicron,2022,1,January,1,Sunday
2022-01-30,Italy,59100000,25953.0,37.0,301.0,68.0,1646677.0,1.58,88.99,83.46,27.57,43.91,0.063,54.77,Lockdown,Omicron,2022,1,January,1,Sunday
2022-02-06,Italy,59100000,19674.0,32.0,228.0,36.0,1775758.0,1.11,88.99,83.46,29.03,33.29,0.054,52.06,High,Omicron,2022,2,February,1,Sunday
2022-02-13,Italy,59100000,12113.0,20.0,140.0,30.0,1452619.0,0.83,88.99,83.52,31.05,20.5,0.034,51.45,High,Omicron,2022,2,February,1,Sunday
2022-02-20,Italy,59100000,15330.0,22.0,178.0,54.0,1349510.0,1.14,88.99,83.52,32.89,25.94,0.037,49.38,Moderate,Omicron,2022,2,February,1,Sunday
2022-02-27,Italy,59100000,10119.0,13.0,117.0,34.0,1173267.0,0.86,89.04,83.52,34.4,17.12,0.022,54.47,Moderate,Omicron,2022,2,February,1,Sunday
2022-03-06,Italy,59100000,9931.0,16.0,115.0,35.0,1376872.0,0.72,89.14,83.52,36.03,16.8,0.027,50.31,Low,Omicron,2022,3,March,1,Sunday
2022-03-13,Italy,59100000,5094.0,8.0,59.0,10.0,1205617.0,0.42,89.14,83.54,38.03,8.62,0.014,47.91,Low,Omicron,2022,3,March,1,Sunday
2022-03-20,Italy,59100000,3685.0,5.0,43.0,10.0,1045210.0,0.35,89.14,83.54,39.65,6.24,0.008,51.63,Low,Omicron,2022,3,March,1,Sunday
2022-03-27,Italy,59100000,5613.0,9.0,65.0,16.0,1264318.0,0.44,89.22,83.92,40.98,9.5,0.015,48.39,None,Omicron,2022,3,March,1,Sunday
2022-04-03,Italy,59100000,5800.0,10.0,67.0,12.0,1200120.0,0.48,89.22,83.92,42.12,9.81,0.017,49.5,Low,Omicron,2022,4,April,2,Sunday
2022-04-10,Italy,59100000,8421.0,12.0,97.0,18.0,1338518.0,0.63,89.22,83.92,44.23,14.25,0.02,47.68,Low,Omicron,2022,4,April,2,Sunday
2022-04-17,Italy,59100000,10179.0,15.0,117.0,33.0,1369310.0,221.46,89.44,83.92,45.27,17.22,0.025,46.84,Low,Omicron,2022,4,April,2,Sunday
2022-04-24,Italy,59100000,8697.0,13.0,100.0,26.0,1227298.0,0.71,89.45,84.05,46.9,14.72,0.022,48.14,Low,Omicron,2022,4,April,2,Sunday
2022-05-01,Italy,59100000,10424.0,16.0,120.0,31.0,1395180.0,0.75,89.45,84.05,48.15,17.64,0.027,55.84,Low,Omicron,2022,5,May,2,Sunday
2022-05-08,Italy,59100000,13056.0,21.0,150.0,29.0,1330500.0,0.98,89.45,84.08,48.74,22.09,0.036,53.02,Low,Omicron,2022,5,May,2,Sunday
2022-05-15,Italy,59100000,14491.0,22.0,167.0,39.0,1368102.0,1.06,89.65,84.18,50.46,24.52,0.037,52.72,Moderate,Omicron,2022,5,May,2,Sunday
2022-05-22,Italy,59100000,16308.0,24.0,188.0,29.0,1395001.0,1.17,89.65,84.18,51.64,27.59,0.041,50.34,Moderate,Omicron,2022,5,May,2,Sunday
2022-05-29,Italy,59100000,20734.0,27.0,239.0,41.0,1694774.0,1.22,89.65,84.18,52.66,35.08,0.046,56.86,Moderate,Omicron,2022,5,May,2,Sunday
2022-06-05,Italy,59100000,18657.0,29.0,215.0,51.0,1474729.0,1.27,89.65,84.18,53.41,31.57,0.049,50.34,High,Omicron,2022,6,June,2,Sunday
2022-06-12,Italy,59100000,19036.0,25.0,219.0,44.0,1683449.0,,89.65,84.18,53.63,32.21,0.042,49.96,Moderate,Omicron,2022,6,June,2,Sunday
2022-06-19,Italy,59100000,18846.0,24.0,217.0,68.0,1728558.0,1.09,89.65,84.18,55.38,31.89,0.041,52.41,Moderate,Omicron,2022,6,June,2,Sunday
2022-06-26,Italy,59100000,14933.0,22.0,172.0,40.0,1342564.0,1.11,89.65,84.18,55.84,25.27,0.037,57.1,Moderate,Omicron,2022,6,June,2,Sunday
2022-07-03,Italy,59100000,17334.0,26.0,199.0,33.0,1133821.0,1.53,89.65,84.18,56.01,29.33,0.044,57.91,Moderate,Omicron,2022,7,July,3,Sunday
2022-07-10,Italy,59100000,15467.0,21.0,146.0,22.0,1558798.0,0.99,89.65,84.18,56.74,26.17,0.036,50.17,Moderate,Omicron (BA.5),2022,7,July,3,Sunday
2022-07-17,Italy,59100000,13013.0,16.0,122.0,33.0,1346867.0,0.97,89.65,84.18,57.6,22.02,0.027,48.76,Moderate,Omicron (BA.5),2022,7,July,3,Sunday
2022-07-24,Italy,59100000,13565.0,18.0,128.0,23.0,1300069.0,1.04,89.65,84.18,58.23,22.95,0.03,46.56,Moderate,Omicron (BA.5),2022,7,July,3,Sunday
2022-07-31,Italy,59100000,12575.0,14.0,118.0,21.0,1310393.0,0.96,89.65,84.18,58.34,21.28,0.024,50.5,Moderate,Omicron (BA.5),2022,7,July,3,Sunday
2022-08-07,Italy,59100000,10779.0,13.0,101.0,22.0,1291425.0,0.83,89.65,84.18,59.15,18.24,0.022,50.11,Moderate,Omicron (BA.5),2022,8,August,3,Sunday
14/08/2022,Italy,59100000,8063.0,11.0,76.0,,1408585.0,0.57,89.65,84.18,59.15,13.64,0.019,50.79,Low,Omicron (BA.5),2022,8,August,3,Sunday
2022-08-21,Italy,59100000,8888.0,10.0,84.0,21.0,1310815.0,0.68,89.65,84.18,59.31,15.04,0.017,51.38,Low,Omicron (BA.5),2022,8,August,3,Sunday
2022-08-28,Italy,59100000,5381.0,7.0,51.0,12.0,1342330.0,0.4,89.65,84.18,59.32,9.11,0.012,47.44,Low,Omicron (BA.5),2022,8,August,3,Sunday
2022-09-04,Italy,59100000,4680.0,6.0,44.0,7.0,1249466.0,0.37,89.65,84.18,59.95,7.92,0.01,49.07,Low,Omicron (BA.5),2022,9,September,3,Sunday
2022-09-11,Italy,59100000,5053.0,5.0,48.0,14.0,1180177.0,0.43,89.65,84.18,60.92,8.55,0.008,46.07,Low,Omicron (BA.5),2022,9,September,3,Sunday
2022-09-18,Italy,59100000,4485.0,5.0,42.0,9.0,1160253.0,0.39,89.65,84.18,61.32,7.59,0.008,48.96,Low,Omicron (BA.5),2022,9,September,3,Sunday
2022-09-25,Italy,59100000,3392.0,4.0,32.0,8.0,1226410.0,0.28,89.87,84.18,61.32,5.74,0.007,45.99,Low,Omicron (BA.5),2022,9,September,3,Sunday
2022-10-02,Italy,59100000,2312.0,2.0,22.0,3.0,1225467.0,0.19,89.87,84.18,61.32,3.91,0.003,48.05,None,Omicron (BA.5),2022,10,October,4,Sunday
2022-10-09,Italy,59100000,2046.0,2.0,19.0,5.0,1235389.0,0.17,89.87,84.18,61.32,3.46,0.003,47.75,None,Omicron (BA.5),2022,10,October,4,Sunday
2022-10-16,Italy,59100000,2573.0,3.0,24.0,5.0,1131523.0,0.23,89.87,84.18,61.55,4.35,0.005,47.15,None,Omicron (BA.5),2022,10,October,4,Sunday
2022-10-23,Italy,59100000,1157.0,1.0,11.0,3.0,1140417.0,0.1,89.87,84.18,61.55,1.96,0.002,48.5,None,Omicron (BA.5),2022,10,October,4,Sunday
2022-10-30,Italy,59100000,177.0,0.0,2.0,0.0,1154693.0,0.02,89.87,84.18,61.55,0.3,0.0,42.27,None,Omicron (BA.5),2022,10,October,4,Sunday
2022-11-06,Italy,59100000,177.0,0.0,2.0,1.0,1069264.0,0.02,89.87,84.18,62.21,0.3,0.0,43.54,None,Omicron (BA.5),2022,11,November,4,Sunday
2022-11-13,Italy,59100000,1035.0,1.0,10.0,2.0,1020105.0,0.1,89.87,84.22,62.21,1.75,0.002,45.81,None,Omicron (BA.5),2022,11,November,4,Sunday
2022-11-20,Italy,59100000,177.0,0.0,2.0,1.0,1031995.0,0.02,89.87,84.22,62.21,0.3,0.0,42.59,None,Omicron (BA.5),2022,11,November,4,Sunday
2022-11-27,Italy,59100000,1996.0,2.0,19.0,6.0,1121018.0,0.18,89.87,84.22,62.21,3.38,0.003,45.78,None,Omicron (BA.5),2022,11,November,4,Sunday
2022-12-04,Italy,59100000,177.0,0.0,2.0,0.0,1161591.0,0.02,89.87,84.22,62.21,0.3,0.0,45.26,None,Omicron (BA.5),2022,12,December,4,Sunday
2022-12-11,Italy,59100000,177.0,0.0,2.0,0.0,1214257.0,0.01,89.87,84.22,62.21,0.3,0.0,49.47,None,Omicron (BA.5),2022,12,December,4,Sunday
2022-12-18,Italy,59100000,1347.0,2.0,13.0,3.0,1006351.0,0.13,89.87,84.22,62.27,2.28,0.003,46.94,None,Omicron (BA.5),2022,12,December,4,Sunday
2022-12-25,Italy,59100000,177.0,,2.0,1.0,1050433.0,0.02,89.87,84.22,62.48,0.3,0.0,48.77,None,Omicron (BA.5),2022,12,December,4,Sunday
2021-01-03,Japan,125800000,1001.0,6.0,57.0,16.0,1519575.0,0.07,20.68,13.92,0.0,0.8,0.005,37.03,None,Alpha,2021,1,January,1,Sunday
2021-01-10,Japan,125800000,8693.0,42.0,494.0,139.0,1770778.0,0.49,22.11,14.59,0.0,6.91,0.033,50.1,None,Alpha,2021,1,January,1,Sunday
2021-01-17,Japan,125800000,12275.0,69.0,690.0,208.0,1504000.0,0.82,24.43,16.31,0.4,9.76,0.055,42.95,Low,Alpha,2021,1,January,1,Sunday
2021-01-24,Japan,125800000,19939.0,103.0,1111.0,183.0,1754750.0,1.14,26.6,17.75,0.56,15.85,0.082,43.52,Low,Alpha,2021,1,January,1,Sunday
2021-01-31,Japan,125800000,24427.0,139.0,1349.0,362.0,,1.2,29.01,19.21,0.56,19.42,0.11,47.01,Moderate,Alpha,2021,1,January,1,Sunday
2021-02-07,Japan,125800000,27416.0,156.0,1503.0,473.0,2001005.0,1.37,31.26,20.42,0.56,21.79,0.124,54.4,Moderate,Alpha,2021,2,February,1,Sunday
2021-02-14,Japan,125800000,23765.0,132.0,1288.0,319.0,2148451.0,1.11,33.42,22.26,0.56,18.89,0.105,53.75,Moderate,Alpha,2021,2,February,1,Sunday
2021-02-21,Japan,125800000,33066.0,141.0,1769.0,331.0,1857801.0,1.78,36.43,24.28,0.56,26.28,0.112,53.38,Moderate,Alpha,2021,2,February,1,Sunday
2021-02-28,Japan,125800000,36135.0,188.0,1914.0,612.0,2552809.0,1.42,39.26,25.82,0.72,28.72,0.149,59.69,High,Alpha,2021,2,February,1,Sunday
2021-03-07,Japan,125800000,28331.0,150.0,1471.0,264.0,1763159.0,1.61,41.19,28.91,0.72,22.52,0.119,54.04,High,Alpha,2021,3,March,1,Sunday
2021-03-14,Japan,125800000,23512.0,113.0,1207.0,250.0,1612787.0,1.46,43.45,30.7,0.72,18.69,0.09,49.15,Moderate,Alpha,2021,3,March,1,Sunday
2021-03-21,Japan,125800000,28872.0,135.0,1462.0,262.0,2010586.0,1.44,46.79,32.74,0.72,22.95,0.107,51.45,Moderate,Alpha,2021,3,March,1,Sunday
2021-03-28,Japan,125800000,19551.0,75.0,979.0,224.0,1686905.0,1.16,49.16,34.31,0.72,15.54,0.06,47.86,Moderate,Alpha,2021,3,March,1,Sunday
2021-04-04,Japan,125800000,13547.0,65.0,668.0,148.0,1743715.0,0.78,51.8,36.67,1.04,10.77,0.052,46.58,Moderate,Alpha,2021,4,April,2,Sunday
2021-04-11,Japan,125800000,13458.0,49.0,650.0,152.0,1737253.0,0.77,54.53,39.5,1.04,10.7,0.039,45.21,Low,Alpha,2021,4,April,2,Sunday
2021-04-18,Japan,125800000,11772.0,45.0,557.0,171.0,1690846.0,0.7,56.68,42.39,1.04,9.36,0.036,41.62,Low,Alpha,2021,4,April,2,Sunday
2021-04-25,Japan,125800000,6894.0,31.0,323.0,75.0,1521542.0,0.45,59.11,43.89,1.04,5.48,0.025,40.6,Low,Alpha,2021,4,April,2,Sunday
2021-05-02,Japan,125800000,1667.0,7.0,77.0,18.0,1592346.0,0.1,61.43,46.64,1.04,1.33,0.006,43.6,None,Alpha,2021,5,May,2,Sunday
2021-05-09,Japan,125800000,10200.0,45.0,462.0,139.0,1647047.0,0.62,64.08,48.49,1.04,8.11,0.036,,None,Alpha,2021,5,May,2,Sunday
2021-05-16,Japan,125800000,7194.0,27.0,320.0,92.0,1781311.0,0.4,65.7,50.87,1.3,5.72,0.021,43.18,Low,Alpha,2021,5,May,2,Sunday
2021-05-23,Japan,125800000,4821.0,16.0,210.0,40.0,1571832.0,0.31,67.26,53.38,1.3,3.83,0.013,41.29,None,Alpha,2021,5,May,2,Sunday
2021-05-30,Japan,125800000,5485.0,19.0,236.0,36.0,1482595.0,0.37,69.09,55.01,1.3,4.36,0.015,40.87,None,Alpha,2021,5,May,2,Sunday
2021-06-06,Japan,125800000,8736.0,26.0,371.0,95.0,1439386.0,0.61,71.19,56.94,1.3,6.94,0.021,41.77,None,Alpha,2021,6,June,2,Sunday
2021-06-13,Japan,125800000,6742.0,25.0,280.0,82.0,1606381.0,0.42,72.38,59.52,1.86,5.36,0.02,,Low,Alpha,2021,6,June,2,Sunday
2021-06-20,Japan,125800000,13754.0,59.0,649.0,158.0,1574823.0,0.87,73.71,60.97,1.86,10.93,0.047,46.0,None,Delta,2021,6,June,2,Sunday
2021-06-27,Japan,125800000,13017.0,52.0,604.0,112.0,1551876.0,0.84,75.71,63.05,1.93,10.35,0.041,44.43,Low,Delta,2021,6,June,2,Sunday
2021-07-04,Japan,125800000,17034.0,60.0,783.0,216.0,1887191.0,0.9,76.95,64.19,1.94,13.54,0.048,43.77,Low,Delta,2021,7,July,3,Sunday
2021-07-11,Japan,125800000,18418.0,70.0,830.0,219.0,1574254.0,1.17,77.76,66.4,1.94,14.64,0.056,46.93,Low,Delta,2021,7,July,3,Sunday
2021-07-18,Japan,125800000,24009.0,103.0,1072.0,264.0,2152616.0,1.12,78.99,67.54,1.94,19.08,0.082,48.15,Moderate,Delta,2021,7,July,3,Sunday
2021-07-25,Japan,125800000,32949.0,132.0,1452.0,431.0,2118913.0,1.55,79.89,68.97,2.66,26.19,0.105,51.24,Moderate,Delta,2021,7,July,3,Sunday
2021-08-01,Japan,125800000,31674.0,102.0,1381.0,391.0,2062390.0,1.54,80.86,70.17,2.89,25.18,0.081,58.01,High,Delta,2021,8,August,3,Sunday
2021-08-08,Japan,125800000,38302.0,125.0,1655.0,436.0,2005803.0,1.91,81.63,71.18,2.89,30.45,0.099,50.13,High,Delta,2021,8,August,3,Sunday
2021-08-15,Japan,125800000,35754.0,123.0,1527.0,402.0,2272762.0,1.57,81.63,72.44,3.14,28.42,0.098,55.13,High,Delta,2021,8,August,3,Sunday
2021-08-22,Japan,125800000,37735.0,117.0,1599.0,420.0,,1.73,82.69,73.32,3.23,30.0,0.093,51.28,High,Delta,2021,8,August,3,Sunday
2021-08-29,Japan,125800000,43347.0,168.0,1814.0,434.0,2151106.0,2.02,83.48,74.69,3.28,34.46,0.134,55.85,High,Delta,2021,8,August,3,Sunday
2021-09-05,Japan,125800000,39649.0,141.0,1651.0,378.0,2245989.0,1.77,83.7,75.2,4.03,31.52,0.112,60.36,High,Delta,2021,9,September,3,Sunday
2021-09-12,Japan,125800000,34359.0,102.0,1425.0,386.0,1832111.0,1.88,84.29,75.6,4.03,27.31,0.081,49.34,High,Delta,2021,9,September,3,Sunday
2021-09-19,Japan,125800000,42013.0,152.0,1732.0,440.0,1957773.0,2.15,84.91,76.27,4.62,33.4,0.121,52.92,High,Delta,2021,9,September,3,Sunday
2021-09-26,Japan,125800000,40815.0,129.0,1672.0,390.0,2031315.0,2.01,85.07,76.91,4.98,32.44,0.103,54.1,High,Delta,2021,9,September,3,Sunday
2021-10-03,Japan,125800000,39171.0,117.0,1585.0,272.0,2263780.0,1.73,85.82,78.22,5.56,31.14,0.093,51.18,High,Delta,2021,10,October,4,Sunday
2021-10-10,Japan,125800000,33252.0,109.0,1345.0,362.0,2097005.0,1.59,86.0,78.23,6.23,26.43,0.087,53.18,High,Delta,2021,10,October,4,Sunday
2021-10-17,Japan,125800000,27180.0,74.0,1090.0,283.0,2157195.0,1.26,86.0,79.16,6.54,21.61,0.059,47.15,High,Delta,2021,10,October,4,Sunday
2021-10-24,Japan,125800000,32673.0,102.0,1305.0,272.0,1933683.0,1.69,86.09,79.56,7.95,25.97,0.081,52.21,Moderate,Delta,2021,10,October,4,Sunday
2021-10-31,Japan,125800000,27490.0,95.0,1094.0,230.0,2087411.0,1.32,86.09,79.91,8.31,21.85,0.076,45.2,High,Delta,2021,10,October,4,Sunday
2021-11-07,Japan,125800000,35135.0,123.0,1391.0,267.0,2111430.0,1.66,86.44,80.43,9.43,27.93,0.098,46.9,Moderate,Delta,2021,11,November,4,Sunday
2021-11-14,Japan,125800000,26691.0,78.0,1054.0,330.0,1832041.0,1.46,86.44,80.67,9.64,21.22,0.062,47.57,High,Delta,2021,11,November,4,Sunday
2021-11-21,Japan,125800000,41109.0,132.0,1624.0,481.0,2305403.0,1.78,86.91,80.67,10.37,32.68,0.105,49.76,Moderate,Delta,2021,11,November,4,Sunday
2021-11-28,Japan,125800000,44258.0,124.0,1741.0,427.0,2280051.0,1.94,87.02,81.1,11.97,35.18,0.099,58.61,High,Delta,2021,11,November,4,Sunday
2021-12-05,Japan,125800000,50718.0,156.0,1986.0,434.0,2285261.0,2.22,87.3,81.57,12.23,40.32,0.124,53.37,Lockdown,Delta,2021,12,December,4,Sunday
2021-12-12,Japan,125800000,63460.0,176.0,2470.0,680.0,2640517.0,2.4,87.61,82.15,13.37,50.45,0.14,59.3,Lockdown,Delta,2021,12,December,4,Sunday
2021-12-19,Japan,125800000,62347.0,58.0,1158.0,278.0,,2.41,87.61,82.36,14.73,49.56,0.046,50.18,Lockdown,Omicron,2021,12,December,4,Sunday
2021-12-26,Japan,125800000,53136.0,44.0,987.0,312.0,2419005.0,2.2,88.05,82.36,15.29,42.24,0.035,46.02,Lockdown,Omicron,2021,12,December,4,Sunday
2022-01-02,Japan,125800000,71148.0,74.0,1322.0,211.0,2676249.0,2.66,88.05,82.36,17.08,56.56,0.059,46.95,High,Omicron,2022,1,January,1,Sunday
2022-01-09,Japan,125800000,63059.0,65.0,1171.0,182.0,2350575.0,2.68,88.05,82.36,18.3,50.13,0.052,54.38,Lockdown,Omicron,2022,1,January,1,Sunday
2022-01-16,Japan,125800000,60824.0,52.0,1124.0,277.0,2600518.0,2.34,88.05,82.93,19.82,48.35,0.041,46.31,Lockdown,Omicron,2022,1,January,1,Sunday
2022-01-23,Japan,125800000,58584.0,58.0,1082.0,200.0,2381992.0,2.46,88.05,82.93,21.07,46.57,0.046,47.92,Lockdown,Omicron,2022,1,January,1,Sunday
2022-01-30,Japan,125800000,61225.0,49.0,1131.0,286.0,2380560.0,2.57,88.05,82.93,,48.67,0.039,48.36,Lockdown,Omicron,2022,1,January,1,Sunday
2022-02-06,Japan,125800000,49496.0,48.0,914.0,259.0,2338837.0,2.12,88.05,82.93,23.64,39.34,0.038,48.55,Lockdown,Omicron,2022,2,February,1,Sunday
2022-02-13,Japan,125800000,44761.0,38.0,824.0,143.0,2436163.0,1.84,88.05,83.28,24.9,35.58,0.03,47.06,Lockdown,Omicron,2022,2,February,1,Sunday
2022-02-20,Japan,125800000,44986.0,36.0,828.0,186.0,2339243.0,1.92,88.05,83.31,27.32,35.76,0.029,43.88,Lockdown,Omicron,2022,2,February,1,Sunday
2022-02-27,Japan,125800000,27023.0,26.0,497.0,133.0,1902952.0,1.42,88.05,83.36,27.77,21.48,0.021,41.91,Lockdown,Omicron,2022,2,February,1,Sunday
2022-03-06,Japan,125800000,21090.0,19.0,388.0,113.0,1796456.0,1.17,88.05,83.36,29.36,16.76,0.015,41.1,Moderate,Omicron,2022,3,March,1,Sunday
2022-03-13,Japan,125800000,11365.0,,209.0,49.0,1797552.0,0.63,88.05,83.36,31.52,9.03,0.008,41.8,Moderate,Omicron,2022,3,March,1,Sunday
2022-03-20,Japan,125800000,10494.0,9.0,193.0,36.0,1370127.0,0.77,88.2,83.41,33.4,8.34,0.007,36.85,Low,Omicron,2022,3,March,1,Sunday
2022-03-27,Japan,125800000,15569.0,12.0,286.0,71.0,1898745.0,0.82,88.2,83.47,34.53,12.38,0.01,45.72,Low,Omicron,2022,3,March,1,Sunday
2022-04-03,Japan,125800000,7355.0,6.0,135.0,31.0,1393825.0,0.53,88.24,83.47,36.32,5.85,0.005,37.31,Low,Omicron,2022,4,April,2,Sunday
2022-04-10,Japan,125800000,8221.0,8.0,151.0,42.0,1467568.0,0.56,88.24,83.47,36.94,6.54,0.006,39.34,None,Omicron,2022,4,April,2,Sunday
2022-04-17,Japan,125800000,11003.0,10.0,202.0,49.0,1634033.0,0.67,88.24,83.67,38.88,8.75,0.008,36.96,Low,Omicron,2022,4,April,2,Sunday
2022-04-24,Japan,125800000,14222.0,11.0,260.0,51.0,2066801.0,0.69,88.24,83.85,39.92,11.31,0.009,37.18,Low,Omicron,2022,4,April,2,Sunday
2022-05-01,Japan,125800000,11181.0,10.0,205.0,57.0,1936400.0,0.58,88.24,83.85,42.13,8.89,0.008,37.7,Low,Omicron,2022,5,May,2,Sunday
2022-05-08,Japan,125800000,12208.0,,223.0,53.0,1822968.0,0.67,88.3,83.85,42.8,9.7,0.009,37.64,Low,Omicron,2022,5,May,2,Sunday
2022-05-15,Japan,125800000,16216.0,15.0,297.0,54.0,1847566.0,0.88,88.3,83.85,44.19,12.89,0.012,39.75,Low,Omicron,2022,5,May,2,Sunday
2022-05-22,Japan,125800000,17373.0,17.0,318.0,78.0,1546106.0,1.12,88.3,83.85,45.99,13.81,0.014,38.54,Low,Omicron,2022,5,May,2,Sunday
2022-05-29,Japan,125800000,18387.0,16.0,336.0,105.0,1857715.0,0.99,88.3,83.85,47.36,14.62,0.013,42.9,Low,Omicron,2022,5,May,2,Sunday
2022-06-05,Japan,125800000,23853.0,21.0,436.0,118.0,1846497.0,1.29,88.3,84.04,48.14,18.96,0.017,40.18,Low,Omicron,2022,6,June,2,Sunday
2022-06-12,Japan,125800000,27288.0,25.0,498.0,100.0,1861943.0,1.47,88.3,84.04,49.44,21.69,0.02,40.5,Moderate,Omicron,2022,6,June,2,Sunday
2022-06-19,Japan,125800000,30499.0,26.0,557.0,151.0,2074249.0,1.47,88.3,84.04,50.46,24.24,0.021,42.33,Moderate,Omicron,2022,6,June,2,Sunday
2022-06-26,Japan,125800000,32491.0,25.0,593.0,117.0,2005539.0,1.62,88.3,84.04,51.2,25.83,0.02,46.14,High,Omicron,2022,6,June,2,Sunday
2022-07-03,Japan,125800000,29748.0,22.0,543.0,132.0,2177150.0,1.37,88.3,84.04,51.84,23.65,0.017,43.71,High,Omicron,2022,7,July,3,Sunday
2022-07-10,Japan,125800000,26189.0,26.0,478.0,114.0,1667147.0,1.57,88.33,84.04,53.18,20.82,0.021,42.29,High,Omicron,2022,7,July,3,Sunday
2022-07-17,Japan,125800000,28853.0,19.0,431.0,83.0,2031879.0,1.42,88.33,84.04,53.99,22.94,0.015,38.5,Moderate,Omicron (BA.5),2022,7,July,3,Sunday
2022-07-24,Japan,125800000,30214.0,22.0,451.0,94.0,1900084.0,1.59,88.33,84.04,54.81,24.02,0.017,39.42,Moderate,Omicron (BA.5),2022,7,July,3,Sunday
2022-07-31,Japan,125800000,27089.0,20.0,405.0,126.0,1923412.0,1.41,88.36,84.04,55.32,21.53,0.016,38.64,High,Omicron (BA.5),2022,7,July,3,Sunday
2022-08-07,Japan,125800000,26032.0,18.0,389.0,75.0,2017882.0,1.29,88.36,84.04,55.51,20.69,0.014,44.94,Moderate,Omicron (BA.5),2022,8,August,3,Sunday
2022-08-14,Japan,125800000,22471.0,18.0,336.0,96.0,1736470.0,1.29,88.41,84.04,56.65,17.86,0.014,42.49,Moderate,Omicron (BA.5),2022,8,August,3,Sunday
2022-08-21,Japan,125800000,26601.0,20.0,398.0,105.0,2005964.0,1.33,88.41,84.04,56.99,21.15,0.016,39.61,Moderate,Omicron (BA.5),2022,8,August,3,Sunday
2022-08-28,Japan,125800000,21130.0,13.0,316.0,76.0,1851217.0,1.14,88.41,84.04,57.34,16.8,0.01,39.56,Moderate,Omicron (BA.5),2022,8,August,3,Sunday
2022-09-04,Japan,125800000,18190.0,14.0,272.0,47.0,1734455.0,1.05,88.41,84.04,57.86,14.46,0.011,38.48,Moderate,Omicron (BA.5),2022,9,September,3,Sunday
2022-09-11,Japan,125800000,12096.0,9.0,181.0,33.0,1658594.0,0.73,88.68,84.04,58.16,9.62,0.007,37.44,Low,Omicron (BA.5),2022,9,September,3,Sunday
2022-09-18,Japan,125800000,15104.0,10.0,226.0,41.0,1754702.0,0.86,88.68,84.04,59.02,12.01,0.008,41.24,Low,Omicron (BA.5),2022,9,September,3,Sunday
2022-09-25,Japan,125800000,4975.0,4.0,74.0,18.0,1499424.0,0.33,88.68,84.04,59.02,3.95,0.003,37.9,Low,Omicron (BA.5),2022,9,September,3,Sunday
2022-10-02,Japan,125800000,10656.0,8.0,159.0,50.0,1698983.0,0.63,88.68,84.04,59.13,8.47,0.006,44.65,None,Omicron (BA.5),2022,10,October,4,Sunday
2022-10-09,Japan,125800000,3177.0,2.0,47.0,14.0,1530927.0,0.21,88.68,84.04,59.63,2.53,0.002,41.48,Low,Omicron (BA.5),2022,10,October,4,Sunday
2022-10-16,Japan,125800000,2527.0,2.0,38.0,6.0,1478271.0,0.17,88.68,84.04,60.48,2.01,0.002,41.54,None,Omicron (BA.5),2022,10,October,4,Sunday
2022-10-23,Japan,125800000,4527.0,3.0,68.0,13.0,1791829.0,0.25,88.68,84.04,60.56,3.6,0.002,40.24,None,Omicron (BA.5),2022,10,October,4,Sunday
2022-10-30,Japan,125800000,5124.0,4.0,77.0,14.0,1653353.0,0.31,88.68,84.04,60.56,4.07,0.003,37.59,None,Omicron (BA.5),2022,10,October,4,Sunday
2022-11-06,Japan,125800000,377.0,0.0,6.0,2.0,1469849.0,0.03,88.68,84.04,61.08,0.3,0.0,39.45,None,Omicron (BA.5),2022,11,November,4,Sunday
2022-11-13,Japan,125800000,377.0,0.0,6.0,1.0,1533966.0,0.02,88.68,84.04,61.27,0.3,0.0,37.08,None,Omicron (BA.5),2022,11,November,4,Sunday
2022-11-20,Japan,125800000,934.0,1.0,14.0,3.0,1400750.0,0.07,88.68,84.04,61.27,0.74,0.001,42.11,None,Omicron (BA.5),2022,11,November,4,Sunday
2022-11-27,Japan,125800000,377.0,0.0,6.0,2.0,1463292.0,0.03,88.68,84.04,61.27,0.3,0.0,38.97,None,Omicron (BA.5),2022,11,November,4,Sunday
2022-12-04,Japan,125800000,2504.0,2.0,37.0,9.0,1514085.0,0.17,88.68,84.04,61.31,1.99,0.002,38.91,None,Omicron (BA.5),2022,12,December,4,Sunday
2022-12-11,Japan,125800000,8858.0,7.0,132.0,25.0,1500034.0,0.59,88.68,84.04,61.79,7.04,0.006,39.5,None,Omicron (BA.5),2022,12,December,4,Sunday
2022-12-18,Japan,125800000,1200.0,1.0,18.0,5.0,1578264.0,0.08,88.68,84.04,62.05,0.95,0.001,42.42,Low,Omicron (BA.5),2022,12,December,4,Sunday
2022-12-25,Japan,125800000,377.0,0.0,6.0,1.0,1454941.0,0.03,88.68,84.04,62.05,0.3,0.0,34.37,None,Omicron (BA.5),2022,12,December,4,Sunday
2021-01-03,Kenya,54900000,4246.0,42.0,272.0,51.0,129506.0,3.28,9.53,6.37,0.31,7.73,0.077,50.87,None,Alpha,2021,1,January,1,Sunday
2021-01-10,Kenya,54900000,6298.0,68.0,403.0,115.0,140505.0,4.48,9.9,6.57,0.54,11.47,0.124,53.44,None,Alpha,2021,1,January,1,Sunday
2021-01-17,Kenya,54900000,9704.0,113.0,620.0,114.0,161161.0,6.02,10.6,6.88,0.54,17.68,0.206,50.32,Low,Alpha,2021,1,January,1,Sunday
2021-01-24,Kenya,54900000,11501.0,112.0,734.0,135.0,173602.0,6.62,10.6,7.29,0.54,20.95,0.204,51.52,Low,Alpha,2021,1,January,1,Sunday
2021-01-31,Kenya,54900000,12851.0,148.0,817.0,184.0,155406.0,8.27,11.51,7.77,0.54,23.41,0.27,60.04,Low,Alpha,2021,1,January,1,Sunday
2021-02-07,Kenya,54900000,18462.0,216.0,1170.0,363.0,158880.0,11.62,12.13,8.37,0.54,33.63,0.393,59.21,Moderate,Alpha,2021,2,February,1,Sunday
2021-02-14,Kenya,54900000,18982.0,216.0,1201.0,300.0,180668.0,10.51,12.17,8.67,0.54,34.57,0.393,57.23,Moderate,Alpha,2021,2,February,1,Sunday
2021-02-21,Kenya,54900000,17409.0,183.0,1102.0,284.0,177433.0,9.81,13.73,8.67,0.54,31.71,0.333,57.11,Moderate,Alpha,2021,2,February,1,Sunday
2021-02-28,Kenya,54900000,19340.0,210.0,1216.0,184.0,178164.0,10.86,13.73,9.74,0.54,35.23,0.383,62.09,Moderate,Alpha,2021,2,February,1,Sunday
2021-03-07,Kenya,54900000,18272.0,185.0,1147.0,183.0,176229.0,10.37,13.73,10.05,0.54,33.28,0.337,58.3,High,Alpha,2021,3,March,1,Sunday
2021-03-14,Kenya,54900000,17522.0,183.0,1100.0,178.0,169219.0,10.35,14.84,10.05,0.54,31.92,0.333,60.45,Moderate,Alpha,2021,3,March,1,Sunday
2021-03-21,Kenya,54900000,16886.0,195.0,1054.0,305.0,170672.0,9.89,15.13,10.98,0.54,30.76,0.355,56.9,Moderate,Alpha,2021,3,March,1,Sunday
2021-03-28,Kenya,54900000,13139.0,123.0,819.0,156.0,158662.0,8.28,16.33,11.15,,23.93,0.224,52.44,Moderate,Alpha,2021,3,March,1,Sunday
2021-04-04,Kenya,54900000,10392.0,114.0,647.0,133.0,168149.0,6.18,16.78,11.46,0.84,18.93,0.208,58.49,Moderate,Alpha,2021,4,April,2,Sunday
2021-04-11,Kenya,54900000,6904.0,69.0,428.0,109.0,173355.0,3.98,17.08,12.07,,12.58,0.126,53.55,Low,Alpha,2021,4,April,2,Sunday
2021-04-18,Kenya,54900000,5052.0,46.0,313.0,78.0,145058.0,3.48,18.36,12.41,0.84,9.2,0.084,50.47,Low,Alpha,2021,4,April,2,Sunday
2021-04-25,Kenya,54900000,3275.0,34.0,202.0,44.0,138977.0,2.36,18.84,13.06,0.84,5.97,0.062,48.79,Low,Alpha,2021,4,April,2,Sunday
2021-05-02,Kenya,54900000,5326.0,57.0,328.0,49.0,146552.0,3.63,18.97,13.42,0.84,9.7,0.104,55.13,None,Alpha,2021,5,May,2,Sunday
2021-05-09,Kenya,54900000,2057.0,21.0,126.0,29.0,129161.0,1.59,19.83,13.75,0.84,3.75,0.038,50.75,Low,Alpha,2021,5,May,2,Sunday
2021-05-16,Kenya,54900000,2626.0,29.0,161.0,44.0,146025.0,1.8,20.69,13.75,0.84,4.78,0.053,52.52,None,Alpha,2021,5,May,2,Sunday
2021-05-23,Kenya,54900000,5686.0,53.0,347.0,,149511.0,3.8,21.09,14.98,0.84,10.36,0.097,50.21,None,Alpha,2021,5,May,2,Sunday
2021-05-30,Kenya,54900000,3369.0,48.0,236.0,64.0,134573.0,2.5,21.75,15.21,0.84,6.14,0.087,50.59,Low,Delta,2021,5,May,2,Sunday
2021-06-06,Kenya,54900000,4740.0,62.0,330.0,50.0,152580.0,3.11,22.52,16.05,0.84,8.63,0.113,52.49,None,Delta,2021,6,June,2,Sunday
2021-06-13,Kenya,54900000,7013.0,96.0,487.0,148.0,147592.0,4.75,22.83,16.45,0.84,12.77,0.175,51.82,None,Delta,2021,6,June,2,Sunday
2021-06-20,Kenya,54900000,8863.0,103.0,615.0,192.0,139728.0,6.34,23.12,16.7,0.84,16.14,0.188,54.34,Low,Delta,2021,6,June,2,Sunday
2021-06-27,Kenya,54900000,8956.0,109.0,618.0,93.0,155960.0,5.74,24.5,17.61,0.84,16.31,0.199,53.15,Low,Delta,2021,6,June,2,Sunday
2021-07-04,Kenya,54900000,12421.0,173.0,856.0,195.0,,7.65,24.5,17.86,0.84,22.62,0.315,58.2,Low,Delta,2021,7,July,3,Sunday
2021-07-11,Kenya,54900000,14301.0,153.0,983.0,217.0,176157.0,8.12,25.36,18.33,0.84,26.05,0.279,55.28,Low,Delta,2021,7,July,3,Sunday
2021-07-18,Kenya,54900000,17955.0,214.0,1231.0,361.0,183143.0,9.8,25.73,18.73,1.03,32.7,0.39,62.7,Moderate,Delta,2021,7,July,3,Sunday
2021-07-25,Kenya,54900000,15735.0,208.0,1072.0,259.0,165321.0,9.52,26.36,19.76,1.03,28.66,0.379,60.32,Moderate,Delta,2021,7,July,3,Sunday
01/08/2021,Kenya,54900000,21552.0,282.0,1468.0,373.0,172938.0,12.46,27.56,19.76,1.03,39.26,0.514,63.34,Moderate,Delta,2021,8,August,3,Sunday
2021-08-08,Kenya,54900000,22733.0,305.0,1545.0,285.0,182380.0,12.46,27.92,20.11,1.03,41.41,0.556,65.81,High,Delta,2021,8,August,3,Sunday
2021-08-15,Kenya,54900000,29826.0,388.0,2025.0,330.0,203898.0,14.63,28.46,20.3,1.03,54.33,0.707,68.99,High,Delta,2021,8,August,3,Sunday
2021-08-22,Kenya,54900000,25664.0,350.0,1731.0,463.0,196187.0,13.08,28.67,21.35,1.03,46.75,0.638,65.03,Lockdown,Delta,2021,8,August,3,Sunday
2021-08-29,Kenya,54900000,29407.0,353.0,1982.0,506.0,201962.0,14.56,29.39,21.41,1.03,53.56,0.643,70.79,High,Delta,2021,8,August,3,Sunday
2021-09-05,Kenya,54900000,27942.0,346.0,1878.0,547.0,192538.0,14.51,30.2,21.88,1.06,50.9,0.63,69.77,Lockdown,Delta,2021,9,September,3,Sunday
2021-09-12,Kenya,54900000,25741.0,338.0,1726.0,507.0,204123.0,12.61,30.55,22.3,1.06,46.89,0.616,65.38,High,Delta,2021,9,September,3,Sunday
2021-09-19,Kenya,54900000,28387.0,357.0,1896.0,488.0,184421.0,15.39,31.28,22.9,1.06,51.71,0.65,67.02,High,Delta,2021,9,September,3,Sunday
2021-09-26,Kenya,54900000,26675.0,278.0,1781.0,430.0,229039.0,11.65,31.78,22.92,1.06,48.59,0.506,66.79,High,Delta,2021,9,September,3,Sunday
2021-10-03,Kenya,54900000,24312.0,276.0,1622.0,495.0,197215.0,12.33,31.85,23.03,1.37,44.28,0.503,64.14,High,Delta,2021,10,October,4,Sunday
2021-10-10,Kenya,54900000,23639.0,281.0,1566.0,448.0,167739.0,14.09,31.85,24.23,1.37,43.06,0.512,68.73,High,Delta,2021,10,October,4,Sunday
2021-10-17,Kenya,54900000,25826.0,325.0,1710.0,513.0,192042.0,13.45,32.51,24.23,1.37,47.04,0.592,67.27,High,Delta,2021,10,October,4,Sunday
2021-10-24,Kenya,54900000,23105.0,272.0,1522.0,486.0,194504.0,11.88,33.09,25.1,1.37,42.08,0.495,64.47,High,Delta,2021,10,October,4,Sunday
2021-10-31,Kenya,54900000,23339.0,292.0,1532.0,335.0,178568.0,,33.26,25.67,1.51,42.51,0.532,62.21,High,Delta,2021,10,October,4,Sunday
2021-11-07,Kenya,54900000,21328.0,271.0,1400.0,381.0,157789.0,13.52,33.53,25.67,1.56,38.85,0.494,64.96,High,Delta,2021,11,November,4,Sunday
2021-11-14,Kenya,54900000,24387.0,260.0,1594.0,426.0,170571.0,14.3,34.2,26.28,1.56,44.42,0.474,63.69,High,Delta,2021,11,November,4,Sunday
2021-11-21,Kenya,54900000,25274.0,300.0,1652.0,297.0,196163.0,12.88,35.23,26.28,1.56,46.04,0.546,64.22,High,Delta,2021,11,November,4,Sunday
2021-11-28,Kenya,54900000,23806.0,85.0,741.0,191.0,158810.0,14.99,35.23,27.0,1.56,43.36,0.155,57.88,High,Omicron,2021,11,November,4,Sunday
2021-12-05,Kenya,54900000,34427.0,111.0,1071.0,239.0,184218.0,18.69,35.23,27.0,1.6,62.71,0.202,60.5,High,Omicron,2021,12,December,4,Sunday
2021-12-12,Kenya,54900000,35907.0,126.0,1117.0,253.0,220764.0,16.26,35.23,27.0,1.78,65.4,0.23,53.78,Lockdown,Omicron,2021,12,December,4,Sunday
2021-12-19,Kenya,54900000,36250.0,129.0,1125.0,203.0,208654.0,17.37,36.01,27.37,,66.03,0.235,59.73,Lockdown,Omicron,2021,12,December,4,Sunday
2021-12-26,Kenya,54900000,39255.0,149.0,1212.0,335.0,206928.0,18.97,36.15,28.17,2.22,71.5,0.271,61.38,Lockdown,Omicron,2021,12,December,4,Sunday
01-02-2022,Kenya,54900000,41103.0,141.0,1269.0,341.0,214402.0,19.17,36.37,28.17,2.22,74.87,0.257,60.84,Lockdown,Omicron,2022,1,January,1,Sunday
2022-01-09,Kenya,54900000,49336.0,150.0,1524.0,367.0,213137.0,23.15,36.76,28.17,2.22,89.86,0.273,64.86,High,Omicron,2022,1,January,1,Sunday
16 Jan 2022,Kenya,54900000,44647.0,154.0,1376.0,243.0,240083.0,18.6,36.76,28.5,2.22,81.32,0.281,58.32,High,Omicron,2022,1,January,1,Sunday
23/01/2022,Kenya,54900000,41774.0,159.0,1284.0,314.0,210230.0,19.87,36.76,28.92,2.87,76.09,0.29,54.77,High,Omicron,2022,1,January,1,Sunday
2022-01-30,Kenya,54900000,37195.0,131.0,1143.0,191.0,205345.0,18.11,37.47,28.92,2.87,67.75,0.239,57.88,Lockdown,Omicron,2022,1,January,1,Sunday
2022-02-06,Kenya,54900000,29224.0,94.0,893.0,185.0,202261.0,14.45,37.47,29.83,2.87,53.23,0.171,58.31,High,Omicron,2022,2,February,1,Sunday
2022-02-13,Kenya,54900000,29228.0,112.0,893.0,190.0,192769.0,15.16,37.47,29.83,2.87,53.24,0.204,49.54,Lockdown,Omicron,2022,2,February,1,Sunday
2022-02-20,Kenya,54900000,24749.0,76.0,756.0,227.0,176307.0,14.04,37.6,29.83,2.87,45.08,0.138,54.0,Lockdown,Omicron,2022,2,February,1,Sunday
2022-02-27,Kenya,54900000,18395.0,60.0,562.0,124.0,145213.0,12.67,37.6,29.84,2.87,33.51,0.109,49.2,High,Omicron,2022,2,February,1,Sunday
2022-03-06,Kenya,54900000,15755.0,53.0,481.0,121.0,171728.0,9.17,38.03,29.84,3.13,28.7,0.097,52.52,Moderate,Omicron,2022,3,March,1,Sunday
2022-03-13,Kenya,54900000,12538.0,46.0,383.0,114.0,160673.0,7.8,38.03,29.84,3.18,22.84,0.084,56.96,Moderate,Omicron,2022,3,March,1,Sunday
2022-03-20,Kenya,54900000,10069.0,38.0,306.0,68.0,147787.0,6.81,38.03,30.4,3.24,18.34,0.069,50.68,Moderate,Omicron,2022,3,March,1,Sunday
2022-03-27,Kenya,54900000,9564.0,28.0,291.0,87.0,140343.0,6.81,38.23,30.4,3.44,17.42,0.051,50.79,Low,Omicron,2022,3,March,1,Sunday
2022-04-03,Kenya,54900000,7421.0,27.0,226.0,39.0,148426.0,5.0,38.32,30.48,3.48,13.52,0.049,52.45,Low,Omicron,2022,4,April,2,Sunday
2022-04-10,Kenya,54900000,6496.0,24.0,198.0,42.0,151838.0,4.28,38.47,30.48,3.84,11.83,0.044,50.1,Low,Omicron,2022,4,April,2,Sunday
2022-04-17,Kenya,54900000,6813.0,26.0,207.0,34.0,148072.0,4.6,38.64,30.83,4.41,12.41,0.047,49.61,Low,Omicron,2022,4,April,2,Sunday
2022-04-24,Kenya,54900000,7472.0,,227.0,56.0,167836.0,4.45,39.01,30.84,4.41,13.61,0.051,52.68,Low,Omicron,2022,4,April,2,Sunday
2022-05-01,Kenya,54900000,7994.0,29.0,243.0,76.0,157984.0,5.06,39.01,30.85,4.57,14.56,0.053,51.72,Low,Omicron,2022,5,May,2,Sunday
2022-05-08,Kenya,54900000,4761.0,15.0,144.0,38.0,141134.0,3.37,39.01,31.08,5.09,8.67,0.027,50.19,Low,Omicron,2022,5,May,2,Sunday
15/05/2022,Kenya,54900000,10187.0,32.0,309.0,79.0,163553.0,6.23,39.16,31.08,5.09,18.56,0.058,50.91,None,Omicron,2022,5,May,2,Sunday
2022-05-22,Kenya,54900000,11565.0,44.0,350.0,69.0,158113.0,7.31,39.56,31.08,5.09,21.07,0.08,50.84,Low,Omicron,2022,5,May,2,Sunday
2022-05-29,Kenya,54900000,13054.0,45.0,395.0,122.0,161394.0,8.09,39.56,31.19,5.61,23.78,0.082,54.48,Low,Omicron,2022,5,May,2,Sunday
2022-06-05,Kenya,54900000,15815.0,54.0,479.0,110.0,184273.0,8.58,39.56,31.21,5.61,28.81,0.098,52.26,Moderate,Omicron,2022,6,June,2,Sunday
2022-06-12,Kenya,54900000,15054.0,,453.0,89.0,153390.0,9.81,39.56,32.09,5.8,27.42,0.104,55.9,Moderate,Omicron,2022,6,June,2,Sunday
2022-06-19,Kenya,54900000,16834.0,63.0,507.0,161.0,169541.0,9.93,39.56,32.09,5.8,30.66,0.115,50.79,Moderate,Omicron,2022,6,June,2,Sunday
2022-06-26,Kenya,54900000,18019.0,51.0,444.0,99.0,188219.0,9.57,39.56,32.09,5.8,32.82,0.093,56.31,Moderate,Omicron (BA.5),2022,6,June,2,Sunday
2022-07-03,Kenya,54900000,21882.0,65.0,538.0,115.0,184920.0,11.83,39.89,32.26,6.52,39.86,0.118,54.92,Moderate,Omicron (BA.5),2022,7,July,3,Sunday
2022-07-10,Kenya,54900000,19898.0,47.0,489.0,76.0,170847.0,11.65,39.89,32.26,6.52,36.24,0.086,50.79,High,Omicron (BA.5),2022,7,July,3,Sunday
2022-07-17,Kenya,54900000,18577.0,53.0,457.0,82.0,149476.0,12.43,39.89,32.26,7.11,33.84,0.097,54.14,High,Omicron (BA.5),2022,7,July,3,Sunday
2022-07-24,Kenya,54900000,16491.0,50.0,406.0,117.0,137864.0,11.96,39.89,32.26,7.73,30.04,0.091,50.68,Moderate,Omicron (BA.5),2022,7,July,3,Sunday
2022-07-31,Kenya,54900000,19663.0,45.0,484.0,112.0,204674.0,9.61,39.89,32.26,8.24,35.82,0.082,53.24,Moderate,Omicron (BA.5),2022,7,July,3,Sunday
2022-08-07,Kenya,54900000,16605.0,41.0,408.0,127.0,172879.0,9.6,39.89,32.26,8.24,30.25,0.075,51.12,High,Omicron (BA.5),2022,8,August,3,Sunday
2022-08-14,Kenya,54900000,13636.0,40.0,335.0,55.0,154533.0,8.82,39.89,32.26,8.58,24.84,0.073,51.21,Moderate,Omicron (BA.5),2022,8,August,3,Sunday
2022-08-21,Kenya,54900000,12936.0,35.0,318.0,81.0,165039.0,7.84,39.89,32.26,8.7,23.56,0.064,53.71,Moderate,Omicron (BA.5),2022,8,August,3,Sunday
2022-08-28,Kenya,54900000,10760.0,25.0,265.0,72.0,143901.0,7.48,39.89,32.26,8.77,19.6,0.046,52.08,Moderate,Omicron (BA.5),2022,8,August,3,Sunday
2022-09-04,Kenya,54900000,11458.0,28.0,282.0,72.0,153094.0,,39.89,32.26,8.77,20.87,0.051,48.15,Low,Omicron (BA.5),2022,9,September,3,Sunday
2022-09-11,Kenya,54900000,9431.0,24.0,232.0,56.0,141250.0,6.68,40.05,32.26,10.01,17.18,0.044,47.75,Low,Omicron (BA.5),2022,9,September,3,Sunday
2022-09-18,Kenya,54900000,5689.0,14.0,140.0,35.0,128092.0,4.44,40.05,32.52,10.01,10.36,0.026,50.1,Low,Omicron (BA.5),2022,9,September,3,Sunday
2022-09-25,Kenya,54900000,8169.0,24.0,201.0,54.0,124691.0,6.55,40.13,32.52,10.58,14.88,0.044,50.94,Low,Omicron (BA.5),2022,9,September,3,Sunday
2022-10-02,Kenya,54900000,2015.0,6.0,49.0,15.0,118830.0,1.7,40.13,32.52,10.66,3.67,0.011,46.75,Low,Omicron (BA.5),2022,10,October,4,Sunday
2022-10-09,Kenya,54900000,4553.0,13.0,112.0,23.0,153486.0,2.97,40.13,32.52,10.66,8.29,0.024,53.09,None,Omicron (BA.5),2022,10,October,4,Sunday
2022-10-16,Kenya,54900000,1553.0,4.0,38.0,9.0,124540.0,1.25,40.13,32.88,11.26,2.83,0.007,50.35,None,Omicron (BA.5),2022,10,October,4,Sunday
2022-10-23,Kenya,54900000,4005.0,10.0,98.0,25.0,146693.0,2.73,40.13,32.88,12.14,7.3,0.018,47.4,None,Omicron (BA.5),2022,10,October,4,Sunday
2022-10-30,Kenya,54900000,1691.0,4.0,41.0,8.0,145896.0,1.16,40.13,32.88,12.3,3.08,0.007,46.54,None,Omicron (BA.5),2022,10,October,4,Sunday
2022-11-06,Kenya,54900000,165.0,0.0,4.0,1.0,,0.12,40.13,32.88,12.3,0.3,0.0,47.37,None,Omicron (BA.5),2022,11,November,4,Sunday
2022-11-13,Kenya,54900000,410.0,1.0,10.0,3.0,129505.0,0.32,40.13,32.88,12.3,0.75,0.002,47.18,None,Omicron (BA.5),2022,11,November,4,Sunday
2022-11-20,Kenya,54900000,165.0,0.0,4.0,,133533.0,0.12,40.13,32.88,12.88,0.3,0.0,51.08,None,Omicron (BA.5),2022,11,November,4,Sunday
2022-11-27,Kenya,54900000,165.0,0.0,4.0,1.0,127723.0,0.13,40.13,32.88,13.14,0.3,0.0,50.4,None,Omicron (BA.5),2022,11,November,4,Sunday
2022-12-04,Kenya,54900000,165.0,0.0,4.0,1.0,144852.0,0.11,40.13,32.88,13.89,0.3,0.0,48.03,None,Omicron (BA.5),2022,12,December,4,Sunday
2022-12-11,Kenya,54900000,165.0,0.0,4.0,1.0,151962.0,0.11,40.13,32.88,14.08,0.3,0.0,49.64,None,Omicron (BA.5),2022,12,December,4,Sunday
2022-12-18,Kenya,54900000,378.0,1.0,9.0,1.0,147982.0,0.26,40.22,32.88,14.08,0.69,0.002,50.06,None,Omicron (BA.5),2022,12,December,4,Sunday
2022-12-25,Kenya,54900000,488.0,1.0,12.0,2.0,109979.0,0.44,40.22,32.88,14.66,0.89,0.002,48.18,None,Omicron (BA.5),2022,12,December,4,Sunday
2021-01-03,Malaysia,33600000,1612.0,13.0,56.0,12.0,394267.0,0.41,19.11,13.01,0.0,4.8,0.039,48.07,None,Alpha,2021,1,January,1,Sunday
2021-01-10,Malaysia,33600000,2304.0,16.0,79.0,24.0,410606.0,0.56,21.01,13.99,0.0,6.86,0.048,51.91,None,Alpha,2021,1,January,1,Sunday
2021-01-17,Malaysia,33600000,2031.0,17.0,69.0,13.0,380316.0,0.53,22.77,15.18,0.38,6.05,0.051,52.37,Low,Alpha,2021,1,January,1,Sunday
2021-01-24,Malaysia,33600000,4231.0,29.0,143.0,22.0,474972.0,0.89,25.38,16.83,0.96,12.59,0.086,59.12,None,Alpha,2021,1,January,1,Sunday
2021-01-31,Malaysia,33600000,5032.0,44.0,169.0,42.0,507171.0,0.99,26.56,17.58,0.96,14.98,0.131,59.94,Low,Alpha,2021,1,January,1,Sunday
2021-02-07,Malaysia,33600000,6370.0,53.0,212.0,48.0,482596.0,1.32,29.66,19.37,0.96,18.96,0.158,61.29,Low,Alpha,2021,2,February,1,Sunday
2021-02-14,Malaysia,33600000,5841.0,40.0,192.0,31.0,482570.0,1.21,31.31,20.86,0.96,17.38,0.119,63.07,Moderate,Alpha,2021,2,February,1,Sunday
2021-02-21,Malaysia,33600000,7888.0,64.0,258.0,52.0,603288.0,1.31,33.26,22.03,0.96,23.48,0.19,66.9,Moderate,Alpha,2021,2,February,1,Sunday
2021-02-28,Malaysia,33600000,8345.0,65.0,268.0,51.0,570098.0,1.46,35.36,24.55,0.96,24.84,0.193,69.5,Moderate,Alpha,2021,2,February,1,Sunday
2021-03-07,Malaysia,33600000,9397.0,73.0,299.0,58.0,605317.0,1.55,38.29,26.2,0.96,27.97,0.217,72.68,Moderate,Alpha,2021,3,March,1,Sunday
2021-03-14,Malaysia,33600000,8359.0,57.0,263.0,75.0,435417.0,1.92,40.53,27.79,0.96,24.88,0.17,63.83,High,Alpha,2021,3,March,1,Sunday
2021-03-21,Malaysia,33600000,9011.0,64.0,280.0,57.0,564186.0,1.6,43.2,29.59,0.96,26.82,0.19,71.46,Moderate,Alpha,2021,3,March,1,Sunday
2021-03-28,Malaysia,33600000,7817.0,55.0,240.0,56.0,532825.0,1.47,45.38,31.6,0.96,23.26,0.164,65.09,Moderate,Alpha,2021,3,March,1,Sunday
2021-04-04,Malaysia,33600000,5934.0,38.0,180.0,35.0,444184.0,1.34,48.17,33.78,0.96,17.66,0.113,63.07,Moderate,Alpha,2021,4,April,2,Sunday
2021-04-11,Malaysia,33600000,5026.0,34.0,150.0,47.0,439718.0,1.14,50.17,35.58,0.96,14.96,0.101,59.88,Moderate,Alpha,2021,4,April,2,Sunday
2021-04-18,Malaysia,33600000,5812.0,35.0,172.0,48.0,483182.0,1.2,52.36,37.38,0.96,17.3,0.104,65.01,Low,Alpha,2021,4,April,2,Sunday
2021-04-25,Malaysia,33600000,3154.0,22.0,92.0,20.0,402811.0,0.78,54.99,39.44,0.96,9.39,0.065,54.09,Moderate,Alpha,2021,4,April,2,Sunday
2021-05-02,Malaysia,33600000,1373.0,10.0,39.0,11.0,397022.0,0.35,56.9,41.61,0.96,4.09,0.03,48.89,Low,Alpha,2021,5,May,2,Sunday
2021-05-09,Malaysia,33600000,1286.0,7.0,36.0,7.0,407186.0,0.32,59.12,43.33,0.96,3.83,0.021,48.38,None,Alpha,2021,5,May,2,Sunday
2021-05-16,Malaysia,33600000,828.0,5.0,23.0,4.0,434902.0,0.19,61.19,45.68,1.09,2.47,0.015,46.05,None,Alpha,2021,5,May,2,Sunday
2021-05-23,Malaysia,33600000,1675.0,12.0,53.0,12.0,404485.0,0.41,62.62,47.27,1.09,4.99,0.036,53.03,None,Delta,2021,5,May,2,Sunday
2021-05-30,Malaysia,33600000,1686.0,14.0,53.0,13.0,413548.0,0.41,64.48,49.11,1.09,5.02,0.042,48.25,None,Delta,2021,5,May,2,Sunday
2021-06-06,Malaysia,33600000,1444.0,9.0,44.0,9.0,460049.0,0.31,66.38,52.19,1.3,4.3,0.027,52.3,None,Delta,2021,6,June,2,Sunday
2021-06-13,Malaysia,33600000,3746.0,29.0,113.0,25.0,395326.0,0.95,66.94,53.59,1.3,11.15,0.086,55.17,None,Delta,2021,6,June,2,Sunday
2021-06-20,Malaysia,33600000,2870.0,22.0,86.0,23.0,455065.0,0.63,69.09,54.75,,8.54,0.065,49.2,Low,Delta,2021,6,June,2,Sunday
2021-06-27,Malaysia,33600000,3192.0,20.0,94.0,28.0,465919.0,0.69,70.4,56.6,1.3,9.5,0.06,57.95,Low,Delta,2021,6,June,2,Sunday
2021-07-04,Malaysia,33600000,3575.0,26.0,104.0,31.0,472944.0,0.76,71.82,58.21,1.66,10.64,0.077,46.58,Low,Delta,2021,7,July,3,Sunday
2021-07-11,Malaysia,33600000,4848.0,31.0,140.0,35.0,457940.0,1.06,72.62,59.36,1.77,14.43,0.092,57.65,Low,Delta,2021,7,July,3,Sunday
2021-07-18,Malaysia,33600000,5865.0,36.0,167.0,43.0,450610.0,1.3,74.24,60.86,2.22,17.45,0.107,60.57,Low,Delta,2021,7,July,3,Sunday
2021-07-25,Malaysia,33600000,7391.0,52.0,208.0,50.0,578543.0,1.28,74.66,62.01,2.22,22.0,0.155,57.44,Moderate,Delta,2021,7,July,3,Sunday
2021-08-01,Malaysia,33600000,9079.0,55.0,252.0,54.0,504448.0,1.8,75.63,63.7,2.22,27.02,0.164,67.78,Moderate,Delta,2021,8,August,3,Sunday
2021-08-08,Malaysia,33600000,10394.0,54.0,286.0,79.0,511409.0,2.03,76.38,64.86,2.41,30.93,0.161,67.68,Moderate,Delta,2021,8,August,3,Sunday
2021-08-15,Malaysia,33600000,10654.0,65.0,290.0,49.0,566479.0,1.88,77.68,66.03,2.41,31.71,0.193,69.05,High,Delta,2021,8,August,3,Sunday
2021-08-22,Malaysia,33600000,11880.0,73.0,322.0,97.0,549694.0,2.16,77.68,66.64,2.72,35.36,0.217,75.54,High,Delta,2021,8,August,3,Sunday
2021-08-29,Malaysia,33600000,13001.0,77.0,347.0,69.0,651883.0,1.99,79.13,68.14,2.72,38.69,0.229,74.51,High,Delta,2021,8,August,3,Sunday
2021-09-05,Malaysia,33600000,12622.0,69.0,337.0,63.0,582913.0,2.17,79.58,68.33,3.5,37.56,0.205,72.49,High,Delta,2021,9,September,3,Sunday
2021-09-12,Malaysia,33600000,12627.0,74.0,333.0,65.0,651875.0,1.94,79.58,69.76,3.64,37.58,0.22,72.63,High,Delta,2021,9,September,3,Sunday
2021-09-19,Malaysia,33600000,14469.0,76.0,381.0,110.0,646092.0,2.24,80.39,69.76,4.02,43.06,0.226,81.27,High,Delta,2021,9,September,3,Sunday
2021-09-26,Malaysia,33600000,11588.0,64.0,304.0,59.0,561789.0,2.06,80.53,70.15,4.16,34.49,0.19,71.78,Lockdown,Delta,2021,9,September,3,Sunday
2021-10-03,Malaysia,33600000,12538.0,62.0,324.0,82.0,647227.0,1.94,81.35,71.77,4.64,37.31,0.185,70.13,High,Delta,2021,10,October,4,Sunday
2021-10-10,Malaysia,33600000,12236.0,68.0,316.0,66.0,558970.0,2.19,81.47,71.92,5.49,36.42,0.202,70.49,High,Delta,2021,10,October,4,Sunday
2021-10-17,Malaysia,33600000,11608.0,68.0,299.0,78.0,565237.0,2.05,82.13,72.39,5.49,34.55,0.202,67.4,High,Delta,2021,10,October,4,Sunday
2021-10-24,Malaysia,33600000,10368.0,49.0,266.0,67.0,584959.0,1.77,82.13,72.6,6.42,30.86,0.146,66.65,High,Delta,2021,10,October,4,Sunday
2021-10-31,Malaysia,33600000,10609.0,48.0,272.0,87.0,575121.0,1.84,82.13,72.88,6.57,31.58,0.143,72.27,High,Delta,2021,10,October,4,Sunday
2021-11-07,Malaysia,33600000,9940.0,56.0,254.0,52.0,524787.0,1.89,82.13,73.3,6.91,29.58,0.167,66.42,High,Delta,2021,11,November,4,Sunday
2021-11-14,Malaysia,33600000,9606.0,47.0,244.0,51.0,482044.0,1.99,82.23,73.93,8.41,28.59,0.14,62.7,High,Delta,2021,11,November,4,Sunday
2021-11-21,Malaysia,33600000,10765.0,16.0,130.0,24.0,566403.0,1.9,83.23,74.16,9.13,32.04,0.048,58.15,High,Omicron,2021,11,November,4,Sunday
2021-11-28,Malaysia,33600000,12365.0,20.0,150.0,34.0,557223.0,2.22,83.23,74.16,9.29,36.8,0.06,57.66,High,Omicron,2021,11,November,4,Sunday
2021-12-05,Malaysia,33600000,13770.0,21.0,165.0,48.0,614500.0,2.24,83.23,75.28,10.07,40.98,0.062,61.23,High,Omicron,2021,12,December,4,Sunday
2021-12-12,Malaysia,33600000,15405.0,21.0,185.0,34.0,616481.0,2.5,83.23,75.28,,45.85,0.062,60.79,High,Omicron,2021,12,December,4,Sunday
2021-12-19,Malaysia,33600000,15773.0,27.0,188.0,59.0,606619.0,2.6,83.23,75.6,11.69,46.94,0.08,65.25,Lockdown,Omicron,2021,12,December,4,Sunday
2021-12-26,Malaysia,33600000,18934.0,27.0,226.0,34.0,676903.0,2.8,83.23,75.6,12.67,56.35,0.08,62.35,Lockdown,Omicron,2021,12,December,4,Sunday
2022-01-02,Malaysia,33600000,17561.0,30.0,210.0,60.0,666873.0,2.63,83.23,75.65,13.97,52.26,0.089,60.45,Lockdown,Omicron,2022,1,January,1,Sunday
2022-01-09,Malaysia,33600000,19897.0,33.0,237.0,63.0,745698.0,2.67,83.23,76.06,15.48,59.22,0.098,67.84,High,Omicron,2022,1,January,1,Sunday
2022-01-16,Malaysia,33600000,19521.0,27.0,232.0,71.0,724413.0,2.69,83.23,76.17,15.83,58.1,0.08,60.09,Lockdown,Omicron,2022,1,January,1,Sunday
2022-01-23,Malaysia,33600000,22048.0,37.0,262.0,,863056.0,2.55,83.45,76.17,17.36,65.62,0.11,67.03,Lockdown,Omicron,2022,1,January,1,Sunday
2022-01-30,Malaysia,33600000,18040.0,29.0,214.0,57.0,685788.0,2.63,83.6,76.32,18.32,53.69,0.086,65.68,Lockdown,Omicron,2022,1,January,1,Sunday
2022-02-06,Malaysia,33600000,17765.0,31.0,210.0,33.0,637644.0,2.79,83.6,76.48,18.92,52.87,0.092,57.88,High,Omicron,2022,2,February,1,Sunday
2022-02-13,Malaysia,33600000,15627.0,26.0,185.0,40.0,632810.0,2.47,83.6,76.48,20.66,46.51,0.077,61.56,Lockdown,Omicron,2022,2,February,1,Sunday
2022-02-20,Malaysia,33600000,13219.0,20.0,157.0,44.0,632134.0,2.09,83.82,76.48,21.91,39.34,0.06,55.45,High,Omicron,2022,2,February,1,Sunday
2022-02-27,Malaysia,33600000,11285.0,18.0,134.0,23.0,621341.0,1.82,83.97,76.48,23.7,33.59,0.054,52.77,Lockdown,Omicron,2022,2,February,1,Sunday
2022-03-06,Malaysia,33600000,9845.0,16.0,117.0,33.0,612604.0,1.61,83.97,76.5,25.05,29.3,0.048,53.38,High,Omicron,2022,3,March,1,Sunday
2022-03-13,Malaysia,33600000,6953.0,11.0,82.0,17.0,467730.0,1.49,83.97,76.69,26.06,20.69,0.033,52.83,High,Omicron,2022,3,March,1,Sunday
2022-03-20,Malaysia,33600000,5656.0,8.0,67.0,14.0,539542.0,1.05,84.01,77.22,27.68,16.83,0.024,50.34,Moderate,Omicron,2022,3,March,1,Sunday
2022-03-27,Malaysia,33600000,5575.0,9.0,66.0,17.0,486369.0,1.15,84.01,77.22,28.65,16.59,0.027,54.8,Low,Omicron,2022,3,March,1,Sunday
2022-04-03,Malaysia,33600000,3343.0,5.0,39.0,,420465.0,0.8,84.23,77.22,30.4,9.95,0.015,50.11,Low,Omicron,2022,4,April,2,Sunday
2022-04-10,Malaysia,33600000,2093.0,4.0,25.0,6.0,428007.0,0.49,84.24,77.44,31.47,6.23,0.012,47.58,Low,Omicron,2022,4,April,2,Sunday
2022-04-17,Malaysia,33600000,3210.0,5.0,38.0,12.0,495912.0,0.65,84.59,77.44,33.13,9.55,0.015,46.55,Low,Omicron,2022,4,April,2,Sunday
2022-04-24,Malaysia,33600000,3550.0,5.0,42.0,7.0,474032.0,0.75,84.59,77.44,34.5,10.57,0.015,50.7,Low,Omicron,2022,4,April,2,Sunday
2022-05-01,Malaysia,33600000,2941.0,4.0,35.0,7.0,404581.0,0.73,84.59,77.44,35.68,8.75,0.012,54.74,Low,Omicron,2022,5,May,2,Sunday
2022-05-08,Malaysia,33600000,2467.0,4.0,29.0,4.0,398323.0,0.62,84.59,77.44,36.53,7.34,0.012,47.36,Low,Omicron,2022,5,May,2,Sunday
2022-05-15,Malaysia,33600000,4815.0,8.0,57.0,14.0,429601.0,1.12,84.63,77.44,37.89,14.33,0.024,49.86,Low,Omicron,2022,5,May,2,Sunday
2022-05-22,Malaysia,33600000,4835.0,,57.0,16.0,448967.0,1.08,84.63,77.44,39.46,14.39,0.021,48.67,Low,Omicron,2022,5,May,2,Sunday
2022-05-29,Malaysia,33600000,4799.0,8.0,56.0,17.0,479283.0,1.0,84.63,77.44,40.69,14.28,0.024,54.2,Low,Omicron,2022,5,May,2,Sunday
2022-06-05,Malaysia,33600000,7081.0,10.0,83.0,18.0,465056.0,1.52,84.63,77.44,41.61,21.07,0.03,55.69,Low,Omicron,2022,6,June,2,Sunday
2022-06-12,Malaysia,33600000,5032.0,7.0,59.0,10.0,463439.0,1.09,84.63,77.44,42.56,14.98,0.021,50.36,Moderate,Omicron,2022,6,June,2,Sunday
2022-06-19,Malaysia,33600000,7669.0,8.0,74.0,11.0,578411.0,1.33,84.63,77.44,43.76,22.83,0.024,51.16,Low,Omicron (BA.5),2022,6,June,2,Sunday
2022-06-26,Malaysia,33600000,7742.0,9.0,74.0,15.0,588645.0,1.32,84.63,77.44,44.61,23.04,0.027,50.3,Moderate,Omicron (BA.5),2022,6,June,2,Sunday
2022-07-03,Malaysia,33600000,9228.0,11.0,88.0,21.0,611290.0,1.51,84.63,78.03,45.56,27.47,0.033,53.04,Moderate,Omicron (BA.5),2022,7,July,3,Sunday
2022-07-10,Malaysia,33600000,7741.0,8.0,74.0,22.0,446331.0,1.73,84.63,78.03,47.13,23.04,0.024,55.21,High,Omicron (BA.5),2022,7,July,3,Sunday
2022-07-17,Malaysia,33600000,9290.0,10.0,89.0,17.0,617709.0,1.5,84.63,78.03,47.24,27.65,0.03,53.94,Moderate,Omicron (BA.5),2022,7,July,3,Sunday
2022-07-24,Malaysia,33600000,8867.0,10.0,85.0,24.0,542273.0,1.64,84.63,78.03,48.34,26.39,0.03,56.74,High,Omicron (BA.5),2022,7,July,3,Sunday
2022-07-31,Malaysia,33600000,6873.0,8.0,66.0,15.0,511108.0,1.34,84.63,78.03,48.98,20.46,0.024,50.23,Moderate,Omicron (BA.5),2022,7,July,3,Sunday
2022-08-07,Malaysia,33600000,7963.0,10.0,76.0,23.0,567731.0,1.4,84.63,78.03,49.26,23.7,0.03,47.03,Moderate,Omicron (BA.5),2022,8,August,3,Sunday
2022-08-14,Malaysia,33600000,7039.0,8.0,67.0,20.0,539199.0,1.31,84.63,78.03,49.91,20.95,0.024,58.62,Moderate,Omicron (BA.5),2022,8,August,3,Sunday
2022-08-21,Malaysia,33600000,6305.0,7.0,60.0,18.0,424648.0,1.48,84.63,78.03,50.87,18.77,0.021,52.09,Moderate,Omicron (BA.5),2022,8,August,3,Sunday
2022-08-28,Malaysia,33600000,5617.0,6.0,54.0,12.0,464844.0,1.21,84.63,78.03,50.88,16.72,0.018,53.03,Moderate,Omicron (BA.5),2022,8,August,3,Sunday
2022-09-04,Malaysia,33600000,6100.0,8.0,58.0,12.0,481636.0,1.27,84.63,78.03,52.54,18.16,0.024,49.43,Low,Omicron (BA.5),2022,9,September,3,Sunday
2022-09-11,Malaysia,33600000,5681.0,7.0,54.0,10.0,437654.0,1.3,84.63,78.03,52.54,16.91,0.021,47.68,Moderate,Omicron (BA.5),2022,9,September,3,Sunday
2022-09-18,Malaysia,33600000,2533.0,3.0,24.0,,477038.0,0.53,84.63,78.03,52.8,7.54,0.009,49.11,Moderate,Omicron (BA.5),2022,9,September,3,Sunday
2022-09-25,Malaysia,33600000,3580.0,4.0,34.0,9.0,510447.0,0.7,84.63,78.03,53.72,10.65,0.012,44.53,Low,Omicron (BA.5),2022,9,September,3,Sunday
2022-10-02,Malaysia,33600000,4252.0,6.0,41.0,13.0,,0.91,84.63,78.03,53.72,12.65,0.018,49.39,Low,Omicron (BA.5),2022,10,October,4,Sunday
2022-10-09,Malaysia,33600000,1509.0,2.0,14.0,4.0,436379.0,0.35,84.63,78.03,54.29,4.49,0.006,50.49,Low,Omicron (BA.5),2022,10,October,4,Sunday
2022-10-16,Malaysia,33600000,1074.0,1.0,10.0,2.0,419184.0,0.26,84.63,78.03,54.29,3.2,0.003,48.74,None,Omicron (BA.5),2022,10,October,4,Sunday
2022-10-23,Malaysia,33600000,1366.0,2.0,13.0,2.0,427381.0,0.32,84.63,78.03,54.74,4.07,0.006,48.49,None,Omicron (BA.5),2022,10,October,4,Sunday
2022-10-30,Malaysia,33600000,1331.0,2.0,13.0,3.0,461352.0,0.29,84.63,78.03,55.3,3.96,0.006,52.22,None,Omicron (BA.5),2022,10,October,4,Sunday
2022-11-06,Malaysia,33600000,1135.0,1.0,11.0,2.0,361108.0,0.31,84.63,78.03,55.3,3.38,0.003,48.64,None,Omicron (BA.5),2022,11,November,4,Sunday
2022-11-13,Malaysia,33600000,189.0,0.0,2.0,0.0,421877.0,0.04,84.63,78.03,55.66,0.56,0.0,42.23,None,Omicron (BA.5),2022,11,November,4,Sunday
2022-11-20,Malaysia,33600000,101.0,0.0,1.0,0.0,405120.0,0.02,84.63,78.03,55.66,0.3,0.0,46.54,None,Omicron (BA.5),2022,11,November,4,Sunday
2022-11-27,Malaysia,33600000,1107.0,1.0,11.0,3.0,396100.0,0.28,84.63,78.03,56.29,3.3,0.003,52.51,None,Omicron (BA.5),2022,11,November,4,Sunday
2022-12-04,Malaysia,33600000,101.0,0.0,1.0,0.0,388438.0,0.03,84.63,78.03,56.29,0.3,0.0,46.14,None,Omicron (BA.5),2022,12,December,4,Sunday
2022-12-11,Malaysia,33600000,101.0,0.0,1.0,0.0,464066.0,,84.63,78.03,56.29,0.3,0.0,51.57,None,Omicron (BA.5),2022,12,December,4,Sunday
2022-12-18,Malaysia,33600000,101.0,0.0,1.0,0.0,361753.0,0.03,84.63,78.03,56.37,0.3,0.0,49.47,None,Omicron (BA.5),2022,12,December,4,Sunday
2022-12-25,Malaysia,33600000,101.0,0.0,1.0,0.0,399278.0,0.03,84.63,78.03,56.37,0.3,0.0,45.89,None,Omicron (BA.5),2022,12,December,4,Sunday
2021-01-03,Mexico,128900000,15597.0,243.0,991.0,195.0,790648.0,1.97,17.5,11.97,0.24,12.1,0.189,54.99,None,Alpha,2021,1,January,1,Sunday
2021-01-10,Mexico,128900000,23840.0,375.0,1511.0,388.0,878669.0,2.71,18.12,12.47,0.73,18.5,0.291,61.16,None,Alpha,2021,1,January,1,Sunday
2021-01-17,Mexico,128900000,32653.0,498.0,2060.0,380.0,916294.0,3.56,18.76,13.26,0.73,25.33,0.386,59.7,Low,Alpha,2021,1,January,1,Sunday
2021-01-24,Mexico,128900000,42754.0,756.0,2694.0,655.0,863015.0,4.95,20.48,13.43,0.73,33.17,0.587,62.61,Low,Alpha,2021,1,January,1,Sunday
2021-01-31,Mexico,128900000,58616.0,1061.0,3667.0,1031.0,1048881.0,5.59,21.47,14.63,0.73,45.47,0.823,65.15,Moderate,Alpha,2021,1,January,1,Sunday
2021-02-07,Mexico,128900000,54416.0,894.0,3372.0,1045.0,1018756.0,5.34,23.23,16.24,0.73,42.22,0.694,63.63,Moderate,Alpha,2021,2,February,1,Sunday
2021-02-14,Mexico,128900000,62947.0,1016.0,3857.0,801.0,1101072.0,5.72,24.12,18.07,0.81,48.83,0.788,63.48,Moderate,Alpha,2021,2,February,1,Sunday
2021-02-21,Mexico,128900000,68501.0,1029.0,4194.0,1124.0,976580.0,7.01,25.68,18.22,0.81,53.14,0.798,67.93,High,Alpha,2021,2,February,1,Sunday
2021-02-28,Mexico,128900000,63546.0,836.0,3866.0,1051.0,1057772.0,6.01,27.63,19.25,0.81,49.3,0.649,65.61,High,Alpha,2021,2,February,1,Sunday
2021-03-07,Mexico,128900000,50031.0,689.0,3026.0,568.0,1106791.0,4.52,29.37,20.21,0.81,38.81,0.535,64.76,High,Alpha,2021,3,March,1,Sunday
2021-03-14,Mexico,128900000,46427.0,630.0,2795.0,718.0,1143515.0,4.06,30.79,20.95,0.81,36.02,0.489,61.5,Moderate,Alpha,2021,3,March,1,Sunday
2021-03-21,Mexico,128900000,45346.0,599.0,2700.0,706.0,1075645.0,4.22,32.49,22.68,0.81,35.18,0.465,61.86,Moderate,Alpha,2021,3,March,1,Sunday
2021-03-28,Mexico,128900000,33762.0,525.0,2003.0,561.0,837027.0,4.03,33.95,23.26,0.81,26.19,0.407,58.93,Moderate,Alpha,2021,3,March,1,Sunday
2021-04-04,Mexico,128900000,28614.0,375.0,1685.0,539.0,933581.0,3.06,35.51,24.46,0.81,22.2,0.291,58.57,Low,Alpha,2021,4,April,2,Sunday
2021-04-11,Mexico,128900000,20365.0,259.0,1190.0,187.0,830857.0,2.45,36.93,25.69,,15.8,0.201,55.23,Low,Alpha,2021,4,April,2,Sunday
2021-04-18,Mexico,128900000,11401.0,157.0,658.0,121.0,842988.0,1.35,38.94,27.64,0.94,8.84,0.122,51.61,Low,Alpha,2021,4,April,2,Sunday
2021-04-25,Mexico,128900000,12455.0,163.0,714.0,125.0,777762.0,1.6,40.61,28.62,0.94,9.66,0.126,54.72,None,Alpha,2021,4,April,2,Sunday
2021-05-02,Mexico,128900000,9498.0,118.0,540.0,95.0,703955.0,1.35,41.87,29.97,0.94,7.37,0.092,56.42,None,Alpha,2021,5,May,2,Sunday
2021-05-09,Mexico,128900000,15556.0,192.0,877.0,199.0,819580.0,1.9,43.42,31.24,0.94,12.07,0.149,55.53,None,Alpha,2021,5,May,2,Sunday
2021-05-16,Mexico,128900000,9566.0,121.0,536.0,160.0,863259.0,1.11,45.46,32.21,0.94,7.42,0.094,52.21,None,Alpha,2021,5,May,2,Sunday
2021-05-23,Mexico,128900000,13461.0,238.0,858.0,194.0,852663.0,1.58,46.48,33.65,0.94,10.44,0.185,54.82,None,Delta,2021,5,May,2,Sunday
2021-05-30,Mexico,128900000,23486.0,437.0,1484.0,391.0,906499.0,2.59,47.97,34.96,0.94,18.22,0.339,52.69,None,Delta,2021,5,May,2,Sunday
2021-06-06,Mexico,128900000,19845.0,375.0,1245.0,266.0,876863.0,2.26,49.51,36.01,0.94,15.4,0.291,56.44,Low,Delta,2021,6,June,2,Sunday
2021-06-13,Mexico,128900000,23438.0,,1455.0,297.0,906387.0,2.59,50.71,37.55,0.94,18.18,0.329,56.69,Low,Delta,2021,6,June,2,Sunday
2021-06-20,Mexico,128900000,28688.0,495.0,1768.0,516.0,939583.0,3.05,51.82,38.63,0.94,22.26,0.384,56.71,Low,Delta,2021,6,June,2,Sunday
2021-06-27,Mexico,128900000,39089.0,716.0,2380.0,622.0,926979.0,4.22,53.45,40.35,1.71,30.33,0.555,59.8,Low,Delta,2021,6,June,2,Sunday
2021-07-04,Mexico,128900000,44438.0,720.0,2682.0,562.0,978117.0,4.54,54.54,41.58,1.71,34.48,0.559,61.96,Low,Delta,2021,7,July,3,Sunday
2021-07-11,Mexico,128900000,52652.0,876.0,3165.0,967.0,1148941.0,4.58,56.27,42.16,1.71,40.85,0.68,67.55,Moderate,Delta,2021,7,July,3,Sunday
2021-07-18,Mexico,128900000,56892.0,872.0,3384.0,794.0,1038911.0,5.48,57.06,43.59,1.71,44.14,0.676,68.74,Moderate,Delta,2021,7,July,3,Sunday
2021-07-25,Mexico,128900000,67674.0,991.0,3975.0,723.0,1079007.0,,57.69,45.34,1.71,52.5,0.769,66.24,Moderate,Delta,2021,7,July,3,Sunday
2021-08-01,Mexico,128900000,68719.0,1005.0,4030.0,936.0,1088899.0,6.31,59.08,45.55,2.04,53.31,0.78,67.5,High,Delta,2021,8,August,3,Sunday
2021-08-08,Mexico,128900000,73839.0,1001.0,4284.0,1134.0,1083625.0,6.81,59.9,47.0,2.04,57.28,0.777,68.66,High,Delta,2021,8,August,3,Sunday
2021-08-15,Mexico,128900000,76366.0,1247.0,4401.0,935.0,1075323.0,7.1,61.08,47.89,2.04,59.24,0.967,72.42,High,Delta,2021,8,August,3,Sunday
2021-08-22,Mexico,128900000,87305.0,1118.0,4985.0,1463.0,1182348.0,7.38,61.36,49.13,2.04,67.73,0.867,73.27,High,Delta,2021,8,August,3,Sunday
2021-08-29,Mexico,128900000,89860.0,1386.0,5105.0,1228.0,1126824.0,7.97,62.36,49.8,2.04,69.71,1.075,73.66,High,Delta,2021,8,August,3,Sunday
2021-09-05,Mexico,128900000,75862.0,1224.0,4289.0,984.0,1098935.0,6.9,63.0,50.44,2.04,58.85,0.95,71.25,Lockdown,Delta,2021,9,September,3,Sunday
2021-09-12,Mexico,128900000,86719.0,1246.0,4867.0,1441.0,1086940.0,7.98,63.73,51.41,2.04,67.28,0.967,70.91,High,Delta,2021,9,September,3,Sunday
2021-09-19,Mexico,128900000,80730.0,1001.0,4503.0,1030.0,1143395.0,7.06,64.09,52.2,2.43,62.63,0.777,74.24,High,Delta,2021,9,September,3,Sunday
2021-09-26,Mexico,128900000,75028.0,1037.0,4163.0,918.0,1159949.0,6.47,65.12,52.89,2.43,58.21,0.804,69.36,High,Delta,2021,9,September,3,Sunday
2021-10-03,Mexico,128900000,63672.0,853.0,3524.0,591.0,1039563.0,6.12,65.62,53.22,2.69,49.4,0.662,64.47,High,Delta,2021,10,October,4,Sunday
2021-10-10,Mexico,128900000,77666.0,1229.0,4250.0,899.0,939988.0,8.26,66.4,54.65,2.97,60.25,0.953,69.17,High,Delta,2021,10,October,4,Sunday
2021-10-17,Mexico,128900000,61409.0,890.0,3346.0,,1096862.0,5.6,66.48,55.22,2.97,47.64,0.69,68.92,High,Delta,2021,10,October,4,Sunday
2021-10-24,Mexico,128900000,65656.0,960.0,3577.0,646.0,1076595.0,6.1,66.81,55.22,3.9,50.94,0.745,65.78,High,Delta,2021,10,October,4,Sunday
2021-10-31,Mexico,128900000,72576.0,990.0,3931.0,982.0,1010032.0,7.19,67.57,55.95,3.9,56.3,0.768,70.74,High,Delta,2021,10,October,4,Sunday
2021-11-07,Mexico,128900000,80205.0,,4326.0,755.0,1201236.0,6.68,67.57,56.49,3.9,62.22,0.892,68.51,High,Delta,2021,11,November,4,Sunday
2021-11-14,Mexico,128900000,87403.0,1254.0,4706.0,885.0,1033222.0,8.46,68.39,56.69,4.06,67.81,0.973,69.79,High,Delta,2021,11,November,4,Sunday
2021-11-21,Mexico,128900000,84858.0,305.0,2181.0,535.0,1248362.0,6.8,68.71,56.93,4.51,65.83,0.237,62.47,High,Omicron,2021,11,November,4,Sunday
2021-11-28,Mexico,128900000,112051.0,419.0,2862.0,560.0,1267503.0,8.84,69.06,57.72,5.24,86.93,0.325,61.57,High,Omicron,2021,11,November,4,Sunday
2021-12-05,Mexico,128900000,104914.0,363.0,2669.0,691.0,1016159.0,10.32,69.07,58.21,5.93,81.39,0.282,64.98,High,Omicron,2021,12,December,4,Sunday
2021-12-12,Mexico,128900000,128065.0,521.0,3257.0,871.0,1363982.0,9.39,69.07,58.25,5.93,99.35,0.404,66.34,High,Omicron,2021,12,December,4,Sunday
2021-12-19,Mexico,128900000,132606.0,592.0,3350.0,674.0,1320700.0,10.04,69.47,59.08,6.25,102.88,0.459,63.68,Lockdown,Omicron,2021,12,December,4,Sunday
2021-12-26,Mexico,128900000,132024.0,542.0,3318.0,547.0,1301766.0,10.14,69.77,59.7,6.83,102.42,0.42,65.55,Lockdown,Omicron,2021,12,December,4,Sunday
2022-01-02,Mexico,128900000,144450.0,573.0,3625.0,845.0,1334218.0,10.83,69.77,59.9,6.83,112.06,0.445,65.68,High,Omicron,2022,1,January,1,Sunday
2022-01-09,Mexico,128900000,127963.0,572.0,3211.0,532.0,1330660.0,9.62,70.43,59.9,7.66,99.27,0.444,66.14,High,Omicron,2022,1,January,1,Sunday
2022-01-16,Mexico,128900000,128609.0,460.0,3227.0,767.0,1294929.0,,70.43,59.9,7.89,99.77,0.357,70.05,High,Omicron,2022,1,January,1,Sunday
23/01/2022,Mexico,128900000,99412.0,340.0,2479.0,678.0,1036194.0,9.59,70.43,60.64,8.19,77.12,0.264,61.18,Lockdown,Omicron,2022,1,January,1,Sunday
2022-01-30,Mexico,128900000,105994.0,468.0,2642.0,675.0,1373153.0,7.72,71.05,60.69,8.77,82.23,0.363,64.15,High,Omicron,2022,1,January,1,Sunday
2022-02-06,Mexico,128900000,85004.0,372.0,2114.0,478.0,1130133.0,7.52,71.05,60.98,8.77,65.95,0.289,60.6,High,Omicron,2022,2,February,1,Sunday
2022-02-13,Mexico,128900000,82912.0,339.0,2051.0,637.0,1076387.0,7.7,71.05,61.63,9.87,64.32,0.263,60.32,High,Omicron,2022,2,February,1,Sunday
2022-02-20,Mexico,128900000,58964.0,211.0,1459.0,244.0,942917.0,6.25,71.05,61.63,9.92,45.74,0.164,57.3,High,Omicron,2022,2,February,1,Sunday
2022-02-27,Mexico,128900000,49822.0,220.0,1232.0,369.0,1057088.0,4.71,71.38,61.63,10.51,38.65,0.171,54.59,Moderate,Omicron,2022,2,February,1,Sunday
2022-03-06,Mexico,128900000,39861.0,167.0,986.0,282.0,852441.0,4.68,71.57,61.63,11.7,30.92,0.13,56.51,Moderate,Omicron,2022,3,March,1,Sunday
2022-03-13,Mexico,128900000,27938.0,114.0,690.0,153.0,907680.0,3.08,71.57,61.82,11.98,21.67,0.088,53.68,Moderate,Omicron,2022,3,March,1,Sunday
2022-03-20,Mexico,128900000,25252.0,89.0,624.0,110.0,844698.0,2.99,71.58,61.82,13.01,19.59,0.069,51.85,Low,Omicron,2022,3,March,1,Sunday
2022-03-27,Mexico,128900000,23992.0,93.0,593.0,105.0,843440.0,2.84,71.62,61.82,13.78,18.61,0.072,56.52,Low,Omicron,2022,3,March,1,Sunday
2022-04-03,Mexico,128900000,19724.0,84.0,487.0,149.0,785354.0,2.51,71.62,61.82,14.53,15.3,0.065,53.77,Low,Omicron,2022,4,April,2,Sunday
2022-04-10,Mexico,128900000,16759.0,71.0,413.0,78.0,806085.0,2.08,71.62,62.04,14.97,13.0,0.055,52.64,Low,Omicron,2022,4,April,2,Sunday
2022-04-17,Mexico,128900000,20054.0,79.0,494.0,148.0,863483.0,2.32,71.62,62.04,16.3,15.56,0.061,56.9,Low,Omicron,2022,4,April,2,Sunday
2022-04-24,Mexico,128900000,21237.0,82.0,522.0,123.0,884500.0,2.4,71.7,62.48,16.81,16.48,0.064,49.08,Low,Omicron,2022,4,April,2,Sunday
2022-05-01,Mexico,128900000,26409.0,107.0,649.0,148.0,835221.0,3.16,71.7,62.48,17.79,20.49,0.083,57.4,Low,Omicron,2022,5,May,2,Sunday
2022-05-08,Mexico,128900000,34072.0,131.0,837.0,214.0,918691.0,3.71,71.78,62.48,18.14,26.43,0.102,52.83,Low,Omicron,2022,5,May,2,Sunday
2022-05-15,Mexico,128900000,40728.0,152.0,1000.0,187.0,1023003.0,3.98,72.04,62.48,19.3,31.6,0.118,56.26,Low,Omicron,2022,5,May,2,Sunday
2022-05-22,Mexico,128900000,41620.0,139.0,1020.0,227.0,831528.0,5.01,72.04,62.69,20.55,32.29,0.108,54.35,Moderate,Omicron,2022,5,May,2,Sunday
2022-05-29,Mexico,128900000,40630.0,138.0,996.0,308.0,954205.0,4.26,72.04,62.69,21.39,31.52,0.107,53.41,Moderate,Omicron,2022,5,May,2,Sunday
2022-06-05,Mexico,128900000,52103.0,214.0,1276.0,243.0,929362.0,5.61,72.04,62.79,21.74,40.42,0.166,60.21,Moderate,Omicron,2022,6,June,2,Sunday
2022-06-12,Mexico,128900000,61049.0,199.0,1495.0,458.0,957717.0,6.37,72.04,62.83,22.71,47.36,0.154,62.51,Moderate,Omicron,2022,6,June,2,Sunday
2022-06-19,Mexico,128900000,55459.0,146.0,1111.0,354.0,1042159.0,5.32,72.04,62.83,23.46,43.02,0.113,55.66,Moderate,Omicron (BA.5),2022,6,June,2,Sunday
2022-06-26,Mexico,128900000,55965.0,191.0,1121.0,178.0,978474.0,,72.11,62.83,24.45,43.42,0.148,57.1,Moderate,Omicron (BA.5),2022,6,June,2,Sunday
2022-07-03,Mexico,128900000,57803.0,187.0,1158.0,278.0,930910.0,6.21,72.11,62.83,25.12,44.84,0.145,56.56,Moderate,Omicron (BA.5),2022,7,July,3,Sunday
2022-07-10,Mexico,128900000,62978.0,163.0,1262.0,226.0,1166097.0,5.4,72.11,62.83,26.38,48.86,0.126,61.19,Moderate,Omicron (BA.5),2022,7,July,3,Sunday
2022-07-17,Mexico,128900000,61212.0,174.0,1219.0,312.0,1123542.0,5.45,72.11,63.59,27.49,47.49,0.135,51.4,High,Omicron (BA.5),2022,7,July,3,Sunday
2022-07-24,Mexico,128900000,58069.0,189.0,1156.0,368.0,872883.0,6.65,72.22,63.59,27.93,45.05,0.147,57.35,Moderate,Omicron (BA.5),2022,7,July,3,Sunday
2022-07-31,Mexico,128900000,57735.0,170.0,1149.0,348.0,909388.0,6.35,72.22,63.59,28.99,44.79,0.132,54.56,Moderate,Omicron (BA.5),2022,7,July,3,Sunday
2022-08-07,Mexico,128900000,52252.0,156.0,1040.0,320.0,1054324.0,4.96,72.22,63.59,29.79,40.54,0.121,50.02,Moderate,Omicron (BA.5),2022,8,August,3,Sunday
2022-08-14,Mexico,128900000,35434.0,105.0,705.0,131.0,910271.0,3.89,72.22,63.59,31.0,27.49,0.081,53.56,Moderate,Omicron (BA.5),2022,8,August,3,Sunday
2022-08-21,Mexico,128900000,30176.0,83.0,601.0,146.0,1017047.0,2.97,72.22,63.59,31.3,23.41,0.064,58.64,Low,Omicron (BA.5),2022,8,August,3,Sunday
2022-08-28,Mexico,128900000,32687.0,105.0,651.0,124.0,964569.0,3.39,72.22,63.59,32.1,25.36,0.081,52.59,Low,Omicron (BA.5),2022,8,August,3,Sunday
2022-09-04,Mexico,128900000,26481.0,70.0,527.0,160.0,912909.0,2.9,72.22,63.59,32.79,20.54,0.054,55.67,Low,Omicron (BA.5),2022,9,September,3,Sunday
2022-09-11,Mexico,128900000,19176.0,58.0,382.0,70.0,788740.0,2.43,72.22,63.59,33.44,14.88,0.045,56.07,Low,Omicron (BA.5),2022,9,September,3,Sunday
2022-09-18,Mexico,128900000,11410.0,31.0,227.0,40.0,856718.0,1.33,72.22,63.72,34.66,8.85,0.024,52.37,Low,Omicron (BA.5),2022,9,September,3,Sunday
2022-09-25,Mexico,128900000,15895.0,41.0,316.0,48.0,758146.0,2.1,72.22,63.72,35.16,12.33,0.032,53.09,None,Omicron (BA.5),2022,9,September,3,Sunday
2022-10-02,Mexico,128900000,15489.0,42.0,308.0,56.0,930484.0,1.66,72.22,63.72,35.89,12.02,0.033,48.46,Low,Omicron (BA.5),2022,10,October,4,Sunday
2022-10-09,Mexico,128900000,10451.0,35.0,208.0,38.0,847724.0,1.23,72.22,63.72,36.9,8.11,0.027,50.53,None,Omicron (BA.5),2022,10,October,4,Sunday
2022-10-16,Mexico,128900000,8460.0,23.0,168.0,27.0,757623.0,1.12,72.22,63.72,37.54,6.56,0.018,54.42,None,Omicron (BA.5),2022,10,October,4,Sunday
2022-10-23,Mexico,128900000,4757.0,13.0,95.0,28.0,845779.0,0.56,72.72,63.72,37.54,3.69,0.01,51.99,None,Omicron (BA.5),2022,10,October,4,Sunday
2022-10-30,Mexico,128900000,894.0,2.0,18.0,5.0,916792.0,0.1,72.72,63.72,38.5,0.69,0.002,52.42,None,Omicron (BA.5),2022,10,October,4,Sunday
2022-11-06,Mexico,128900000,2619.0,8.0,52.0,10.0,771415.0,0.34,72.72,63.72,38.92,2.03,0.006,51.98,None,Omicron (BA.5),2022,11,November,4,Sunday
2022-11-13,Mexico,128900000,6917.0,20.0,138.0,39.0,839677.0,0.82,72.72,63.72,39.23,5.37,0.016,57.5,None,Omicron (BA.5),2022,11,November,4,Sunday
2022-11-20,Mexico,128900000,387.0,1.0,8.0,2.0,748348.0,0.05,72.72,63.72,39.96,0.3,0.001,50.38,None,Omicron (BA.5),2022,11,November,4,Sunday
11-27-2022,Mexico,128900000,387.0,1.0,8.0,2.0,780418.0,0.05,72.72,63.72,39.96,0.3,0.001,55.47,None,Omicron (BA.5),2022,11,November,4,Sunday
2022-12-04,Mexico,128900000,3280.0,10.0,65.0,13.0,693014.0,0.47,72.72,63.72,41.22,2.54,0.008,52.04,None,Omicron (BA.5),2022,12,December,4,Sunday
2022-12-11,Mexico,128900000,3305.0,10.0,66.0,16.0,788112.0,0.42,72.72,63.72,41.36,2.56,0.008,55.95,None,Omicron (BA.5),2022,12,December,4,Sunday
2022-12-18,Mexico,128900000,387.0,1.0,8.0,2.0,777828.0,0.05,72.72,63.72,41.36,0.3,0.001,48.4,None,Omicron (BA.5),2022,12,December,4,Sunday
2022-12-25,Mexico,128900000,387.0,1.0,8.0,1.0,886681.0,,72.72,63.72,41.8,0.3,0.001,51.92,None,Omicron (BA.5),2022,12,December,4,Sunday
2021-01-03,Morocco,37100000,4980.0,49.0,153.0,39.0,266340.0,1.87,15.9,10.2,0.24,13.42,0.132,61.12,Low,Alpha,2021,1,January,1,Sunday
2021-01-10,Morocco,37100000,5799.0,58.0,177.0,39.0,216417.0,2.68,17.07,11.38,0.3,15.63,0.156,63.27,Low,Alpha,2021,1,January,1,Sunday
2021-01-17,Morocco,37100000,10284.0,117.0,313.0,72.0,258095.0,3.98,18.59,11.92,0.3,27.72,0.315,68.22,Low,Alpha,2021,1,January,1,Sunday
2021-01-24,Morocco,37100000,10468.0,112.0,317.0,95.0,287780.0,3.64,19.75,12.65,0.3,28.22,0.302,68.72,Moderate,Alpha,2021,1,January,1,Sunday
2021-01-31,Morocco,37100000,11027.0,112.0,331.0,54.0,305228.0,3.61,21.54,14.22,0.3,29.72,0.302,72.07,Moderate,Alpha,2021,1,January,1,Sunday
2021-02-07,Morocco,37100000,12061.0,108.0,361.0,87.0,313127.0,3.85,22.55,14.7,0.3,32.51,0.291,72.7,Moderate,Alpha,2021,2,February,1,Sunday
2021-02-14,Morocco,37100000,14305.0,155.0,424.0,76.0,315149.0,4.54,24.27,16.06,0.3,38.56,0.418,78.93,Moderate,Alpha,2021,2,February,1,Sunday
2021-02-21,Morocco,37100000,12747.0,111.0,375.0,68.0,323037.0,3.95,25.97,17.52,0.3,34.36,0.299,72.71,High,Alpha,2021,2,February,1,Sunday
2021-02-28,Morocco,37100000,12130.0,131.0,355.0,90.0,311734.0,3.89,27.75,18.08,0.61,32.7,0.353,69.86,High,Alpha,2021,2,February,1,Sunday
2021-03-07,Morocco,37100000,11866.0,126.0,345.0,91.0,296412.0,4.0,29.36,19.48,0.61,31.98,0.34,74.07,Moderate,Alpha,2021,3,March,1,Sunday
2021-03-14,Morocco,37100000,8131.0,86.0,235.0,59.0,287133.0,2.83,31.09,20.63,0.61,21.92,0.232,64.16,Moderate,Alpha,2021,3,March,1,Sunday
2021-03-21,Morocco,37100000,7944.0,68.0,227.0,70.0,259884.0,3.06,32.76,22.09,,21.41,0.183,62.5,Moderate,Alpha,2021,3,March,1,Sunday
2021-03-28,Morocco,37100000,5095.0,41.0,144.0,41.0,268640.0,1.9,34.35,23.34,0.7,13.73,0.111,61.86,Moderate,Alpha,2021,3,March,1,Sunday
2021-04-04,Morocco,37100000,2658.0,25.0,75.0,14.0,223573.0,1.19,36.41,24.98,0.7,7.16,0.067,59.22,Low,Alpha,2021,4,April,2,Sunday
2021-04-11,Morocco,37100000,2389.0,21.0,67.0,17.0,247364.0,0.97,37.36,25.89,0.7,6.44,0.057,55.59,None,Alpha,2021,4,April,2,Sunday
2021-04-18,Morocco,37100000,2364.0,20.0,65.0,17.0,246728.0,0.96,39.37,27.84,0.77,6.37,0.054,52.5,None,Alpha,2021,4,April,2,Sunday
2021-04-25,Morocco,37100000,1513.0,13.0,41.0,11.0,226848.0,0.67,41.71,29.33,0.77,4.08,0.035,57.45,None,Alpha,2021,4,April,2,Sunday
2021-05-02,Morocco,37100000,2096.0,19.0,57.0,13.0,248181.0,0.84,42.67,30.33,0.77,5.65,0.051,55.49,None,Alpha,2021,5,May,2,Sunday
2021-05-09,Morocco,37100000,2818.0,23.0,76.0,24.0,270588.0,1.04,44.44,31.41,0.77,7.6,0.062,56.2,None,Alpha,2021,5,May,2,Sunday
2021-05-16,Morocco,37100000,2831.0,,75.0,17.0,221282.0,1.28,46.42,33.02,0.8,7.63,0.059,54.59,None,Alpha,2021,5,May,2,Sunday
2021-05-23,Morocco,37100000,3419.0,37.0,104.0,30.0,263441.0,1.3,47.46,34.37,1.27,9.22,0.1,60.11,Low,Delta,2021,5,May,2,Sunday
2021-05-30,Morocco,37100000,3879.0,35.0,116.0,27.0,269269.0,1.44,48.68,36.3,1.27,10.45,0.094,55.22,Low,Delta,2021,5,May,2,Sunday
2021-06-06,Morocco,37100000,4716.0,52.0,140.0,40.0,248963.0,1.89,50.65,37.07,1.27,12.71,0.14,56.38,Low,Delta,2021,6,June,2,Sunday
2021-06-13,Morocco,37100000,5524.0,61.0,163.0,35.0,274953.0,2.01,51.51,38.82,1.27,14.89,0.164,65.47,Low,Delta,2021,6,June,2,Sunday
2021-06-20,Morocco,37100000,7912.0,89.0,231.0,35.0,268297.0,2.95,52.77,39.7,1.27,21.33,0.24,62.55,Low,Delta,2021,6,June,2,Sunday
2021-06-27,Morocco,37100000,8893.0,95.0,258.0,61.0,308388.0,2.88,53.41,40.92,1.27,23.97,0.256,68.68,Moderate,Delta,2021,6,June,2,Sunday
2021-07-04,Morocco,37100000,10439.0,102.0,300.0,73.0,226651.0,4.61,55.06,41.98,1.27,28.14,0.275,72.17,Moderate,Delta,2021,7,July,3,Sunday
2021-07-11,Morocco,37100000,10945.0,118.0,312.0,53.0,327453.0,3.34,56.34,43.16,1.36,29.5,0.318,69.95,Moderate,Delta,2021,7,July,3,Sunday
2021-07-18,Morocco,37100000,11297.0,107.0,319.0,84.0,269485.0,4.19,56.97,44.6,1.82,30.45,0.288,67.63,Moderate,Delta,2021,7,July,3,Sunday
2021-07-25,Morocco,37100000,13276.0,136.0,373.0,110.0,310856.0,4.27,57.62,45.16,1.82,35.79,0.367,74.56,Moderate,Delta,2021,7,July,3,Sunday
2021-08-01,Morocco,37100000,16525.0,133.0,460.0,137.0,308220.0,5.36,58.7,46.67,2.1,44.54,0.358,81.55,High,Delta,2021,8,August,3,Sunday
2021-08-08,Morocco,37100000,16413.0,160.0,453.0,97.0,368346.0,4.46,59.43,47.77,2.16,44.24,0.431,78.51,High,Delta,2021,8,August,3,Sunday
2021-08-15,Morocco,37100000,17081.0,137.0,470.0,103.0,327186.0,5.22,60.26,48.06,2.21,46.04,0.369,76.78,High,Delta,2021,8,August,3,Sunday
2021-08-22,Morocco,37100000,13796.0,107.0,376.0,111.0,298473.0,4.62,60.85,49.45,2.21,37.19,0.288,73.93,High,Delta,2021,8,August,3,Sunday
2021-08-29,Morocco,37100000,18973.0,169.0,514.0,164.0,376520.0,5.04,62.12,50.2,2.21,51.14,0.456,77.76,High,Delta,2021,8,August,3,Sunday
2021-09-05,Morocco,37100000,18152.0,142.0,489.0,78.0,360158.0,5.04,62.28,50.9,2.21,48.93,0.383,77.33,Lockdown,Delta,2021,9,September,3,Sunday
2021-09-12,Morocco,37100000,15258.0,127.0,410.0,66.0,312894.0,4.88,62.28,51.15,2.52,41.13,0.342,74.5,High,Delta,2021,9,September,3,Sunday
2021-09-19,Morocco,37100000,14591.0,138.0,390.0,62.0,292003.0,5.0,63.2,51.96,2.85,39.33,0.372,74.14,High,Delta,2021,9,September,3,Sunday
2021-09-26,Morocco,37100000,14596.0,128.0,388.0,89.0,288611.0,5.06,63.61,52.58,2.85,39.34,0.345,70.86,High,Delta,2021,9,September,3,Sunday
2021-10-03,Morocco,37100000,14173.0,129.0,373.0,106.0,346521.0,4.09,64.38,53.82,2.85,38.2,0.348,73.61,High,Delta,2021,10,October,4,Sunday
2021-10-10,Morocco,37100000,14345.0,133.0,378.0,63.0,326136.0,4.4,64.38,53.82,3.88,38.67,0.358,74.59,High,Delta,2021,10,October,4,Sunday
2021-10-17,Morocco,37100000,15278.0,129.0,401.0,107.0,326066.0,4.69,64.66,54.16,3.88,41.18,0.348,74.09,High,Delta,2021,10,October,4,Sunday
2021-10-24,Morocco,37100000,14501.0,141.0,380.0,68.0,329040.0,4.41,65.58,54.33,4.5,39.09,0.38,68.0,High,Delta,2021,10,October,4,Sunday
2021-10-31,Morocco,37100000,14416.0,111.0,377.0,,266758.0,5.4,65.58,54.81,4.52,38.86,0.299,73.48,High,Delta,2021,10,October,4,Sunday
2021-11-07,Morocco,37100000,14060.0,103.0,366.0,92.0,305568.0,4.6,65.79,55.29,5.05,37.9,0.278,77.12,High,Delta,2021,11,November,4,Sunday
2021-11-14,Morocco,37100000,19489.0,153.0,505.0,127.0,340578.0,5.72,65.8,55.96,5.36,52.53,0.412,81.84,High,Delta,2021,11,November,4,Sunday
2021-11-21,Morocco,37100000,20183.0,56.0,250.0,50.0,381135.0,5.3,65.84,55.96,5.36,54.4,0.151,65.85,Lockdown,Omicron,2021,11,November,4,Sunday
2021-11-28,Morocco,37100000,21698.0,48.0,268.0,55.0,320523.0,6.77,65.99,56.3,5.66,58.49,0.129,65.93,High,Omicron,2021,11,November,4,Sunday
2021-12-05,Morocco,37100000,23687.0,60.0,293.0,62.0,407802.0,5.81,66.76,56.3,6.13,63.85,0.162,69.76,Lockdown,Omicron,2021,12,December,4,Sunday
2021-12-12,Morocco,37100000,23341.0,60.0,286.0,88.0,427529.0,5.46,66.76,57.46,6.44,62.92,0.162,68.43,Lockdown,Omicron,2021,12,December,4,Sunday
2021-12-19,Morocco,37100000,28551.0,78.0,349.0,104.0,351559.0,8.12,66.83,57.46,7.76,76.96,0.21,73.36,Lockdown,Omicron,2021,12,December,4,Sunday
12-26-2021,Morocco,37100000,28625.0,79.0,350.0,84.0,408644.0,,67.05,57.59,7.77,77.16,0.213,68.91,Lockdown,Omicron,2021,12,December,4,Sunday
2022-01-02,Morocco,37100000,26812.0,62.0,328.0,103.0,412184.0,6.5,67.05,57.59,8.46,72.27,0.167,70.67,Lockdown,Omicron,2022,1,January,1,Sunday
2022-01-09,Morocco,37100000,26752.0,62.0,325.0,81.0,423616.0,6.32,67.05,58.23,8.51,72.11,0.167,69.03,High,Omicron,2022,1,January,1,Sunday
2022-01-16,Morocco,37100000,22590.0,59.0,274.0,46.0,305096.0,7.4,67.05,58.51,9.78,60.89,0.159,68.14,Lockdown,Omicron,2022,1,January,1,Sunday
2022-01-23,Morocco,37100000,19630.0,54.0,238.0,55.0,359257.0,5.46,67.65,58.51,10.07,52.91,0.146,60.25,High,Omicron,2022,1,January,1,Sunday
2022-01-30,Morocco,37100000,16704.0,37.0,203.0,61.0,325056.0,5.14,67.65,58.51,11.25,45.02,0.1,62.09,Lockdown,Omicron,2022,1,January,1,Sunday
2022-02-06,Morocco,37100000,16943.0,45.0,205.0,54.0,324863.0,5.22,67.65,58.65,11.39,45.67,0.121,64.54,High,Omicron,2022,2,February,1,Sunday
2022-02-13,Morocco,37100000,12236.0,28.0,148.0,46.0,351861.0,3.48,67.94,58.82,,32.98,0.075,61.62,High,Omicron,2022,2,February,1,Sunday
2022-02-20,Morocco,37100000,8405.0,19.0,102.0,25.0,272288.0,3.09,67.94,58.97,13.39,22.65,0.051,57.1,Moderate,Omicron,2022,2,February,1,Sunday
2022-02-27,Morocco,37100000,7429.0,17.0,90.0,27.0,280486.0,2.65,67.94,59.01,13.77,20.02,0.046,51.07,Moderate,Omicron,2022,2,February,1,Sunday
2022-03-06,Morocco,37100000,6186.0,16.0,75.0,21.0,260161.0,2.38,67.94,59.19,15.17,16.67,0.043,57.2,Low,Omicron,2022,3,March,1,Sunday
2022-03-13,Morocco,37100000,5714.0,15.0,69.0,20.0,264636.0,2.16,67.94,59.19,15.94,15.4,0.04,59.21,Low,Omicron,2022,3,March,1,Sunday
2022-03-20,Morocco,37100000,4436.0,11.0,53.0,17.0,262457.0,1.69,67.94,59.33,16.62,11.96,0.03,52.22,Low,Omicron,2022,3,March,1,Sunday
2022-03-27,Morocco,37100000,3795.0,10.0,46.0,9.0,264859.0,1.43,68.09,59.33,17.07,10.23,0.027,52.84,Low,Omicron,2022,3,March,1,Sunday
2022-04-03,Morocco,37100000,5346.0,13.0,64.0,16.0,241251.0,2.22,68.09,59.33,18.52,14.41,0.035,56.97,Low,Omicron,2022,4,April,2,Sunday
2022-04-10,Morocco,37100000,4669.0,10.0,56.0,11.0,255944.0,1.82,68.09,59.33,19.23,12.58,0.027,56.57,Low,Omicron,2022,4,April,2,Sunday
2022-04-17,Morocco,37100000,4877.0,13.0,59.0,17.0,258028.0,1.89,68.6,59.33,20.16,13.15,0.035,,Low,Omicron,2022,4,April,2,Sunday
2022-04-24,Morocco,37100000,4744.0,10.0,57.0,14.0,219941.0,2.16,68.6,59.42,21.12,12.79,0.027,57.08,Low,Omicron,2022,4,April,2,Sunday
2022-05-01,Morocco,37100000,7177.0,20.0,86.0,15.0,248576.0,2.89,68.6,59.64,22.04,19.34,0.054,52.41,Low,Omicron,2022,5,May,2,Sunday
2022-05-08,Morocco,37100000,4755.0,13.0,57.0,13.0,271474.0,1.75,68.6,59.64,22.74,12.82,0.035,53.35,Low,Omicron,2022,5,May,2,Sunday
2022-05-15,Morocco,37100000,8540.0,22.0,102.0,18.0,267678.0,3.19,68.6,60.07,23.5,23.02,0.059,58.74,Low,Omicron,2022,5,May,2,Sunday
2022-05-22,Morocco,37100000,9252.0,23.0,111.0,25.0,341595.0,2.71,68.6,60.07,24.38,24.94,0.062,57.48,Moderate,Omicron,2022,5,May,2,Sunday
2022-05-29,Morocco,37100000,10446.0,28.0,125.0,20.0,312658.0,3.34,68.6,60.07,,28.16,0.075,59.43,Moderate,Omicron,2022,5,May,2,Sunday
05/06/2022,Morocco,37100000,9763.0,20.0,117.0,37.0,296199.0,3.3,68.6,60.07,26.03,26.31,0.054,57.72,Moderate,Omicron,2022,6,June,2,Sunday
2022-06-12,Morocco,37100000,10236.0,25.0,123.0,31.0,323846.0,3.16,68.6,60.07,27.89,27.59,0.067,57.31,Moderate,Omicron,2022,6,June,2,Sunday
2022-06-19,Morocco,37100000,11111.0,20.0,109.0,35.0,312817.0,3.55,68.6,60.07,28.72,29.95,0.054,56.98,Moderate,Omicron (BA.5),2022,6,June,2,Sunday
2022-06-26,Morocco,37100000,12484.0,25.0,122.0,22.0,307973.0,4.05,68.6,60.07,29.35,33.65,0.067,55.53,Moderate,Omicron (BA.5),2022,6,June,2,Sunday
2022-07-03,Morocco,37100000,13853.0,28.0,136.0,29.0,277031.0,5.0,68.6,60.07,30.59,37.34,0.075,57.35,High,Omicron (BA.5),2022,7,July,3,Sunday
2022-07-10,Morocco,37100000,14003.0,25.0,137.0,42.0,330021.0,4.24,68.6,60.07,31.03,37.74,0.067,59.05,High,Omicron (BA.5),2022,7,July,3,Sunday
2022-07-17,Morocco,37100000,11263.0,20.0,110.0,29.0,328617.0,3.43,68.6,60.14,32.03,30.36,0.054,57.52,High,Omicron (BA.5),2022,7,July,3,Sunday
2022-07-24,Morocco,37100000,10553.0,21.0,103.0,17.0,277186.0,3.81,68.6,60.14,32.09,28.45,0.057,58.65,Moderate,Omicron (BA.5),2022,7,July,3,Sunday
2022-07-31,Morocco,37100000,9869.0,22.0,97.0,29.0,244692.0,4.03,68.6,60.14,32.74,26.6,0.059,56.17,Moderate,Omicron (BA.5),2022,7,July,3,Sunday
2022-08-07,Morocco,37100000,7335.0,15.0,72.0,13.0,247027.0,2.97,68.6,60.2,34.06,19.77,0.04,59.61,Moderate,Omicron (BA.5),2022,8,August,3,Sunday
2022-08-14,Morocco,37100000,5985.0,12.0,59.0,11.0,298167.0,2.01,68.6,60.2,34.93,16.13,0.032,57.74,Low,Omicron (BA.5),2022,8,August,3,Sunday
2022-08-21,Morocco,37100000,6169.0,13.0,60.0,16.0,264265.0,2.33,68.6,60.2,35.74,16.63,0.035,53.46,Low,Omicron (BA.5),2022,8,August,3,Sunday
2022-08-28,Morocco,37100000,5575.0,12.0,55.0,15.0,288942.0,,68.6,60.2,36.02,15.03,0.032,54.92,Low,Omicron (BA.5),2022,8,August,3,Sunday
2022-09-04,Morocco,37100000,2709.0,6.0,27.0,7.0,240521.0,1.13,68.6,60.2,36.73,7.3,0.016,55.83,Low,Omicron (BA.5),2022,9,September,3,Sunday
11/09/2022,Morocco,37100000,4576.0,9.0,45.0,7.0,242233.0,1.89,68.6,60.2,37.45,12.33,0.024,52.24,None,Omicron (BA.5),2022,9,September,3,Sunday
2022-09-18,Morocco,37100000,2907.0,6.0,28.0,5.0,282669.0,1.03,68.6,60.2,37.7,7.84,0.016,50.98,Low,Omicron (BA.5),2022,9,September,3,Sunday
2022-09-25,Morocco,37100000,2768.0,5.0,27.0,,233385.0,1.19,68.6,60.2,38.41,7.46,0.013,56.04,Low,Omicron (BA.5),2022,9,September,3,Sunday
2022-10-02,Morocco,37100000,456.0,1.0,4.0,1.0,221062.0,0.21,68.6,60.2,38.41,1.23,0.003,53.18,None,Omicron (BA.5),2022,10,October,4,Sunday
2022-10-09,Morocco,37100000,820.0,1.0,8.0,,236309.0,0.35,68.6,60.2,38.64,2.21,0.003,54.37,None,Omicron (BA.5),2022,10,October,4,Sunday
2022-10-16,Morocco,37100000,386.0,1.0,4.0,1.0,219878.0,0.18,68.6,60.2,39.39,1.04,0.003,52.24,None,Omicron (BA.5),2022,10,October,4,Sunday
2022-10-23,Morocco,37100000,484.0,1.0,5.0,2.0,239786.0,0.2,68.6,60.2,40.17,1.3,0.003,50.87,None,Omicron (BA.5),2022,10,October,4,Sunday
2022-10-30,Morocco,37100000,422.0,1.0,4.0,1.0,233375.0,0.18,68.6,60.2,,1.14,0.003,48.1,None,Omicron (BA.5),2022,10,October,4,Sunday
11-06-2022,Morocco,37100000,929.0,2.0,9.0,3.0,237498.0,0.39,68.6,60.2,40.83,2.5,0.005,52.09,None,Omicron (BA.5),2022,11,November,4,Sunday
2022-11-13,Morocco,37100000,251.0,0.0,2.0,0.0,213164.0,,68.6,60.34,40.83,0.68,0.0,54.42,None,Omicron (BA.5),2022,11,November,4,Sunday
2022-11-20,Morocco,37100000,111.0,0.0,1.0,0.0,193621.0,0.06,68.6,60.34,41.07,0.3,0.0,54.39,None,Omicron (BA.5),2022,11,November,4,Sunday
2022-11-27,Morocco,37100000,1709.0,3.0,17.0,5.0,218119.0,0.78,68.6,60.34,41.59,4.61,0.008,54.89,None,Omicron (BA.5),2022,11,November,4,Sunday
2022-12-04,Morocco,37100000,111.0,0.0,1.0,0.0,210029.0,0.05,68.6,60.34,41.59,0.3,0.0,53.25,None,Omicron (BA.5),2022,12,December,4,Sunday
2022-12-11,Morocco,37100000,111.0,0.0,1.0,0.0,228549.0,0.05,68.6,60.34,41.86,0.3,0.0,56.8,None,Omicron (BA.5),2022,12,December,4,Sunday
2022-12-18,Morocco,37100000,111.0,0.0,1.0,0.0,208759.0,0.05,68.6,60.34,41.86,0.3,0.0,47.4,None,Omicron (BA.5),2022,12,December,4,Sunday
2022-12-25,Morocco,37100000,111.0,0.0,1.0,0.0,197143.0,0.06,68.6,60.34,42.69,0.3,0.0,51.85,None,Omicron (BA.5),2022,12,December,4,Sunday
2021-01-03,Netherlands,17500000,1478.0,11.0,35.0,5.0,393666.0,0.38,20.27,12.68,0.0,8.45,0.063,63.42,Low,Alpha,2021,1,January,1,Sunday
2021-01-10,Netherlands,17500000,1849.0,12.0,44.0,13.0,414906.0,0.45,22.82,14.54,,10.57,0.069,61.97,Low,Alpha,2021,1,January,1,Sunday
2021-01-17,Netherlands,17500000,2044.0,11.0,48.0,9.0,362294.0,0.56,25.19,15.88,0.35,11.68,0.063,67.06,Low,Alpha,2021,1,January,1,Sunday
2021-01-24,Netherlands,17500000,2753.0,18.0,64.0,14.0,454427.0,0.61,27.65,17.18,0.35,15.73,0.103,69.33,Low,Alpha,2021,1,January,1,Sunday
2021-01-31,Netherlands,17500000,3558.0,22.0,82.0,14.0,466916.0,0.76,29.26,18.03,0.38,20.33,0.126,79.33,Low,Alpha,2021,1,January,1,Sunday
2021-02-07,Netherlands,17500000,3857.0,25.0,88.0,17.0,414530.0,0.93,32.55,20.46,0.39,22.04,0.143,79.48,Moderate,Alpha,2021,2,February,1,Sunday
2021-02-14,Netherlands,17500000,4170.0,25.0,94.0,22.0,482414.0,0.86,35.23,22.62,0.39,23.83,0.143,77.24,Moderate,Alpha,2021,2,February,1,Sunday
2021-02-21,Netherlands,17500000,4429.0,23.0,98.0,19.0,485899.0,0.91,37.95,24.57,0.39,25.31,0.131,83.66,High,Alpha,2021,2,February,1,Sunday
2021-02-28,Netherlands,17500000,4365.0,27.0,95.0,25.0,485435.0,0.9,40.86,26.78,0.39,24.94,0.154,79.33,High,Alpha,2021,2,February,1,Sunday
2021-03-07,Netherlands,17500000,4097.0,19.0,88.0,19.0,503586.0,0.81,44.12,29.08,0.39,23.41,0.109,72.46,High,Alpha,2021,3,March,1,Sunday
2021-03-14,Netherlands,17500000,3398.0,20.0,72.0,20.0,427880.0,0.79,46.95,31.17,0.39,19.42,0.114,72.27,Moderate,Alpha,2021,3,March,1,Sunday
2021-03-21,Netherlands,17500000,2933.0,17.0,61.0,15.0,426623.0,0.69,49.78,33.71,0.39,16.76,0.097,73.68,Moderate,Alpha,2021,3,March,1,Sunday
2021-03-28,Netherlands,17500000,2568.0,15.0,53.0,10.0,320059.0,0.8,52.41,36.11,,14.67,0.086,65.46,Moderate,Alpha,2021,3,March,1,Sunday
2021-04-04,Netherlands,17500000,2304.0,10.0,47.0,14.0,434106.0,0.53,55.79,38.42,0.39,13.16,0.057,65.77,Low,Alpha,2021,4,April,2,Sunday
2021-04-11,Netherlands,17500000,1867.0,9.0,37.0,11.0,418210.0,0.45,57.66,41.69,0.39,10.67,0.051,59.94,Low,Alpha,2021,4,April,2,Sunday
2021-04-18,Netherlands,17500000,597.0,3.0,12.0,2.0,390408.0,0.15,59.86,43.49,0.39,3.41,0.017,,Low,Alpha,2021,4,April,2,Sunday
2021-04-25,Netherlands,17500000,745.0,3.0,14.0,4.0,329539.0,0.23,62.7,45.44,0.49,4.26,0.017,55.25,None,Alpha,2021,4,April,2,Sunday
2021-05-02,Netherlands,17500000,52.0,0.0,1.0,0.0,363394.0,0.01,65.1,49.1,0.62,0.3,0.0,50.88,None,Alpha,2021,5,May,2,Sunday
2021-05-09,Netherlands,17500000,664.0,3.0,12.0,3.0,382880.0,0.17,67.64,50.71,0.64,3.8,0.017,55.27,None,Alpha,2021,5,May,2,Sunday
2021-05-16,Netherlands,17500000,906.0,4.0,16.0,2.0,341814.0,0.27,69.12,53.57,0.64,5.18,0.023,62.2,None,Alpha,2021,5,May,2,Sunday
2021-05-23,Netherlands,17500000,1381.0,8.0,28.0,4.0,405022.0,0.34,71.29,55.34,1.38,7.89,0.046,60.9,None,Delta,2021,5,May,2,Sunday
2021-05-30,Netherlands,17500000,485.0,2.0,10.0,2.0,362105.0,0.13,72.43,57.88,1.38,2.77,0.011,58.26,Low,Delta,2021,5,May,2,Sunday
2021-06-06,Netherlands,17500000,1128.0,6.0,22.0,4.0,316824.0,,74.78,59.75,1.38,6.45,0.034,62.15,None,Delta,2021,6,June,2,Sunday
2021-06-13,Netherlands,17500000,1854.0,10.0,36.0,8.0,404397.0,0.46,75.92,62.02,1.38,10.6,0.057,60.3,None,Delta,2021,6,June,2,Sunday
2021-06-20,Netherlands,17500000,1309.0,6.0,25.0,7.0,348736.0,0.38,77.13,63.49,1.8,7.48,0.034,58.13,Low,Delta,2021,6,June,2,Sunday
2021-06-27,Netherlands,17500000,2779.0,14.0,53.0,11.0,356259.0,0.78,79.04,65.08,1.8,15.88,0.08,69.42,Low,Delta,2021,6,June,2,Sunday
2021-07-04,Netherlands,17500000,3247.0,16.0,60.0,13.0,436558.0,0.74,79.79,66.97,1.8,18.55,0.091,67.75,Moderate,Delta,2021,7,July,3,Sunday
2021-07-11,Netherlands,17500000,3288.0,16.0,61.0,12.0,423013.0,0.78,80.12,68.26,1.8,18.79,0.091,71.35,Moderate,Delta,2021,7,July,3,Sunday
2021-07-18,Netherlands,17500000,4149.0,19.0,76.0,17.0,498997.0,0.83,81.27,69.18,2.22,23.71,0.109,77.7,Moderate,Delta,2021,7,July,3,Sunday
2021-07-25,Netherlands,17500000,3969.0,19.0,71.0,20.0,450172.0,0.88,82.89,70.85,2.22,22.68,0.109,68.57,Moderate,Delta,2021,7,July,3,Sunday
2021-08-01,Netherlands,17500000,5539.0,26.0,98.0,29.0,516627.0,1.07,83.36,73.05,2.79,31.65,0.149,78.36,Moderate,Delta,2021,8,August,3,Sunday
2021-08-08,Netherlands,17500000,5386.0,19.0,95.0,21.0,501817.0,1.07,83.65,73.05,2.81,30.78,0.109,77.97,High,Delta,2021,8,August,3,Sunday
2021-08-15,Netherlands,17500000,5632.0,23.0,98.0,21.0,528792.0,1.07,83.65,74.29,3.45,32.18,0.131,77.93,High,Delta,2021,8,August,3,Sunday
2021-08-22,Netherlands,17500000,5190.0,23.0,90.0,16.0,443062.0,1.17,84.8,75.03,3.8,29.66,0.131,75.64,High,Delta,2021,8,August,3,Sunday
2021-08-29,Netherlands,17500000,5750.0,19.0,98.0,31.0,499888.0,1.15,84.8,76.45,3.88,32.86,0.109,78.02,High,Delta,2021,8,August,3,Sunday
2021-09-05,Netherlands,17500000,6732.0,26.0,115.0,23.0,512896.0,1.31,85.61,76.45,3.88,38.47,0.149,83.65,High,Delta,2021,9,September,3,Sunday
2021-09-12,Netherlands,17500000,5993.0,24.0,102.0,21.0,524743.0,1.14,85.61,77.3,4.9,34.24,0.137,80.7,Lockdown,Delta,2021,9,September,3,Sunday
2021-09-19,Netherlands,17500000,5721.0,20.0,96.0,21.0,501340.0,1.14,85.99,78.06,5.07,32.69,0.114,81.11,High,Delta,2021,9,September,3,Sunday
2021-09-26,Netherlands,17500000,4965.0,18.0,83.0,14.0,447643.0,1.11,85.99,78.32,6.1,28.37,0.103,75.27,High,Delta,2021,9,September,3,Sunday
2021-10-03,Netherlands,17500000,5513.0,22.0,92.0,19.0,472515.0,1.17,86.23,78.62,6.63,31.5,0.126,80.48,High,Delta,2021,10,October,4,Sunday
2021-10-10,Netherlands,17500000,4126.0,13.0,69.0,21.0,507086.0,0.81,86.72,79.27,7.22,23.58,0.074,70.2,High,Delta,2021,10,October,4,Sunday
2021-10-17,Netherlands,17500000,5594.0,18.0,93.0,15.0,421705.0,1.33,86.72,79.56,7.75,31.96,0.103,74.94,Moderate,Delta,2021,10,October,4,Sunday
2021-10-24,Netherlands,17500000,4516.0,18.0,75.0,14.0,484613.0,0.93,87.58,79.89,9.31,25.81,0.103,72.49,High,Delta,2021,10,October,4,Sunday
2021-10-31,Netherlands,17500000,5295.0,21.0,87.0,16.0,527363.0,1.0,87.58,80.57,9.69,30.26,0.12,77.54,High,Delta,2021,10,October,4,Sunday
2021-11-07,Netherlands,17500000,5468.0,20.0,90.0,17.0,506857.0,1.08,87.58,80.68,11.48,31.25,0.114,79.31,High,Delta,2021,11,November,4,Sunday
2021-11-14,Netherlands,17500000,6395.0,22.0,105.0,33.0,589920.0,1.08,87.58,80.97,11.8,36.54,0.126,84.73,High,Delta,2021,11,November,4,Sunday
2021-11-21,Netherlands,17500000,6662.0,6.0,52.0,14.0,555620.0,1.2,87.72,81.11,12.98,38.07,0.034,67.97,Lockdown,Omicron,2021,11,November,4,Sunday
2021-11-28,Netherlands,17500000,7820.0,9.0,61.0,19.0,565122.0,1.38,87.72,81.49,14.04,44.69,0.051,71.48,Lockdown,Omicron,2021,11,November,4,Sunday
2021-12-05,Netherlands,17500000,7630.0,8.0,59.0,17.0,522815.0,1.46,87.72,81.77,15.37,43.6,0.046,72.5,Lockdown,Omicron,2021,12,December,4,Sunday
2021-12-12,Netherlands,17500000,8585.0,10.0,67.0,17.0,587348.0,1.46,87.72,81.77,16.89,49.06,0.057,69.21,High,Omicron,2021,12,December,4,Sunday
2021-12-19,Netherlands,17500000,9438.0,11.0,73.0,18.0,624480.0,1.51,87.72,81.91,18.26,53.93,0.063,72.2,Lockdown,Omicron,2021,12,December,4,Sunday
2021-12-26,Netherlands,17500000,9123.0,9.0,71.0,17.0,583785.0,1.56,87.75,81.91,18.84,52.13,0.051,79.13,Lockdown,Omicron,2021,12,December,4,Sunday
2022-01-02,Netherlands,17500000,10316.0,12.0,80.0,21.0,579394.0,1.78,87.75,81.91,21.12,58.95,0.069,76.69,Lockdown,Omicron,2022,1,January,1,Sunday
2022-01-09,Netherlands,17500000,9750.0,12.0,75.0,20.0,542793.0,1.8,87.86,82.53,22.56,55.72,0.069,74.53,Lockdown,Omicron,2022,1,January,1,Sunday
2022-01-16,Netherlands,17500000,8298.0,10.0,64.0,16.0,569564.0,1.46,87.88,82.53,24.02,47.42,0.057,72.61,High,Omicron,2022,1,January,1,Sunday
2022-01-23,Netherlands,17500000,8967.0,10.0,69.0,16.0,510779.0,1.76,88.04,82.53,26.16,51.24,0.057,68.34,Lockdown,Omicron,2022,1,January,1,Sunday
2022-01-30,Netherlands,17500000,7194.0,7.0,55.0,15.0,511218.0,1.41,88.04,82.53,27.84,41.11,0.04,66.41,High,Omicron,2022,1,January,1,Sunday
2022-02-06,Netherlands,17500000,5939.0,7.0,46.0,8.0,400479.0,1.48,88.04,82.53,29.28,33.94,0.04,63.15,Lockdown,Omicron,2022,2,February,1,Sunday
2022-02-13,Netherlands,17500000,4991.0,6.0,38.0,9.0,502887.0,0.99,88.04,82.53,30.55,28.52,0.034,64.64,High,Omicron,2022,2,February,1,Sunday
2022-02-20,Netherlands,17500000,4129.0,5.0,32.0,8.0,489454.0,0.84,88.04,82.55,32.06,23.6,0.029,61.11,High,Omicron,2022,2,February,1,Sunday
2022-02-27,Netherlands,17500000,2833.0,3.0,22.0,5.0,415508.0,0.68,88.04,82.55,34.34,16.19,0.017,59.66,Moderate,Omicron,2022,2,February,1,Sunday
2022-03-06,Netherlands,17500000,2548.0,3.0,20.0,5.0,464512.0,0.55,88.04,82.55,36.2,14.56,0.017,58.12,Moderate,Omicron,2022,3,March,1,Sunday
2022-03-13,Netherlands,17500000,1597.0,2.0,12.0,3.0,420240.0,0.38,88.11,82.55,36.83,9.13,0.011,52.75,Low,Omicron,2022,3,March,1,Sunday
2022-03-20,Netherlands,17500000,1398.0,1.0,11.0,3.0,388305.0,0.36,88.11,82.85,39.38,7.99,0.006,58.77,Low,Omicron,2022,3,March,1,Sunday
2022-03-27,Netherlands,17500000,1927.0,2.0,15.0,3.0,384782.0,0.5,88.11,82.85,40.54,11.01,0.011,53.19,Low,Omicron,2022,3,March,1,Sunday
2022-04-03,Netherlands,17500000,1472.0,1.0,11.0,2.0,365453.0,0.4,88.28,82.85,41.59,8.41,0.006,54.73,Low,Omicron,2022,4,April,2,Sunday
2022-04-10,Netherlands,17500000,829.0,1.0,6.0,1.0,374639.0,0.22,88.28,82.85,43.73,4.74,0.006,51.96,Low,Omicron,2022,4,April,2,Sunday
2022-04-17,Netherlands,17500000,1465.0,1.0,11.0,2.0,371516.0,0.39,88.28,82.85,45.26,8.37,0.006,54.35,None,Omicron,2022,4,April,2,Sunday
2022-04-24,Netherlands,17500000,1740.0,2.0,13.0,3.0,400032.0,0.43,88.28,82.85,46.21,9.94,0.011,,Low,Omicron,2022,4,April,2,Sunday
2022-05-01,Netherlands,17500000,2353.0,2.0,18.0,5.0,419770.0,0.56,88.28,82.85,47.25,13.44,0.011,61.47,Low,Omicron,2022,5,May,2,Sunday
2022-05-08,Netherlands,17500000,1996.0,2.0,15.0,4.0,383004.0,0.52,88.28,82.85,49.27,11.4,0.011,53.69,Low,Omicron,2022,5,May,2,Sunday
2022-05-15,Netherlands,17500000,2297.0,2.0,18.0,3.0,433268.0,0.53,88.28,82.85,49.67,13.13,0.011,56.99,Low,Omicron,2022,5,May,2,Sunday
2022-05-22,Netherlands,17500000,2809.0,3.0,22.0,7.0,404715.0,0.69,88.28,82.85,51.25,16.05,0.017,55.05,Low,Omicron,2022,5,May,2,Sunday
2022-05-29,Netherlands,17500000,3485.0,4.0,27.0,6.0,431333.0,0.81,88.37,83.4,51.42,19.91,0.023,59.21,Moderate,Omicron,2022,5,May,2,Sunday
2022-06-05,Netherlands,17500000,3457.0,4.0,26.0,7.0,396224.0,0.87,88.37,83.4,52.9,19.75,0.023,60.65,Moderate,Omicron,2022,6,June,2,Sunday
2022-06-12,Netherlands,17500000,3341.0,4.0,25.0,6.0,417442.0,0.8,88.37,83.4,53.73,19.09,0.023,62.12,Moderate,Omicron,2022,6,June,2,Sunday
2022-06-19,Netherlands,17500000,4598.0,4.0,29.0,8.0,540352.0,0.85,88.37,83.4,54.64,26.27,0.023,55.95,Moderate,Omicron (BA.5),2022,6,June,2,Sunday
2022-06-26,Netherlands,17500000,3797.0,3.0,24.0,5.0,407427.0,0.93,88.37,83.4,55.54,21.69,0.017,61.32,High,Omicron (BA.5),2022,6,June,2,Sunday
2022-07-03,Netherlands,17500000,4314.0,3.0,27.0,4.0,468950.0,0.92,88.37,83.4,55.54,24.65,0.017,58.3,Moderate,Omicron (BA.5),2022,7,July,3,Sunday
2022-07-10,Netherlands,17500000,3855.0,3.0,24.0,5.0,424628.0,0.91,88.42,83.4,56.49,22.03,0.017,56.9,High,Omicron (BA.5),2022,7,July,3,Sunday
2022-07-17,Netherlands,17500000,4481.0,3.0,28.0,8.0,376585.0,1.19,88.42,83.4,56.49,25.61,0.017,61.16,Moderate,Omicron (BA.5),2022,7,July,3,Sunday
2022-07-24,Netherlands,17500000,3734.0,3.0,23.0,7.0,456918.0,0.82,88.42,83.4,56.96,21.34,0.017,61.25,High,Omicron (BA.5),2022,7,July,3,Sunday
2022-07-31,Netherlands,17500000,3832.0,3.0,24.0,6.0,420449.0,0.91,88.42,83.4,57.66,21.9,0.017,59.69,Moderate,Omicron (BA.5),2022,7,July,3,Sunday
2022-08-07,Netherlands,17500000,3187.0,3.0,20.0,6.0,433299.0,0.74,88.42,83.4,58.36,18.21,0.017,56.17,Moderate,Omicron (BA.5),2022,8,August,3,Sunday
2022-08-14,Netherlands,17500000,3555.0,3.0,22.0,3.0,466745.0,0.76,88.42,83.4,59.12,20.32,0.017,59.17,Moderate,Omicron (BA.5),2022,8,August,3,Sunday
2022-08-21,Netherlands,17500000,3107.0,3.0,19.0,5.0,428223.0,0.73,88.42,83.4,59.51,17.75,0.017,56.83,Moderate,Omicron (BA.5),2022,8,August,3,Sunday
2022-08-28,Netherlands,17500000,2549.0,2.0,16.0,5.0,415844.0,0.61,88.42,83.4,59.51,14.57,0.011,59.37,Moderate,Omicron (BA.5),2022,8,August,3,Sunday
2022-09-04,Netherlands,17500000,1814.0,2.0,11.0,2.0,358494.0,0.51,88.42,83.4,59.63,10.37,0.011,59.24,Low,Omicron (BA.5),2022,9,September,3,Sunday
2022-09-11,Netherlands,17500000,1534.0,1.0,10.0,2.0,398991.0,0.38,88.42,83.4,60.07,8.77,0.006,58.82,Low,Omicron (BA.5),2022,9,September,3,Sunday
2022-09-18,Netherlands,17500000,1142.0,1.0,7.0,1.0,361435.0,0.32,88.42,83.4,60.25,6.53,0.006,55.46,Low,Omicron (BA.5),2022,9,September,3,Sunday
2022-09-25,Netherlands,17500000,1664.0,1.0,10.0,2.0,320231.0,0.52,88.42,83.4,60.25,9.51,0.006,59.1,Low,Omicron (BA.5),2022,9,September,3,Sunday
2022-10-02,Netherlands,17500000,597.0,1.0,4.0,1.0,375504.0,0.16,88.48,83.4,60.43,3.41,0.006,52.17,Low,Omicron (BA.5),2022,10,October,4,Sunday
2022-10-09,Netherlands,17500000,146.0,0.0,1.0,0.0,370775.0,0.04,88.48,83.4,60.54,0.83,0.0,58.4,None,Omicron (BA.5),2022,10,October,4,Sunday
2022-10-16,Netherlands,17500000,255.0,0.0,2.0,1.0,383568.0,0.07,88.48,83.44,60.66,1.46,0.0,51.64,None,Omicron (BA.5),2022,10,October,4,Sunday
2022-10-23,Netherlands,17500000,113.0,0.0,1.0,,397937.0,0.03,88.48,83.44,60.75,0.64,0.0,48.87,None,Omicron (BA.5),2022,10,October,4,Sunday
2022-10-30,Netherlands,17500000,658.0,1.0,4.0,1.0,375772.0,0.18,88.51,83.44,60.94,3.76,0.006,58.14,None,Omicron (BA.5),2022,10,October,4,Sunday
2022-11-06,Netherlands,17500000,52.0,0.0,0.0,0.0,351299.0,,88.51,83.44,60.96,0.3,0.0,51.91,None,Omicron (BA.5),2022,11,November,4,Sunday
2022-11-13,Netherlands,17500000,52.0,,0.0,0.0,366890.0,0.01,88.51,83.44,60.96,0.3,0.0,53.98,None,Omicron (BA.5),2022,11,November,4,Sunday
2022-11-20,Netherlands,17500000,144.0,0.0,1.0,0.0,315776.0,0.05,88.51,83.44,61.53,0.82,0.0,51.37,None,Omicron (BA.5),2022,11,November,4,Sunday
27 Nov 2022,Netherlands,17500000,487.0,0.0,3.0,1.0,302508.0,0.16,88.51,83.44,61.53,2.78,0.0,60.37,None,Omicron (BA.5),2022,11,November,4,Sunday
2022-12-04,Netherlands,17500000,279.0,0.0,2.0,0.0,330474.0,0.08,88.51,83.44,61.99,1.6,0.0,58.76,None,Omicron (BA.5),2022,12,December,4,Sunday
2022-12-11,Netherlands,17500000,585.0,1.0,4.0,1.0,387824.0,0.15,88.51,83.44,61.99,3.34,0.006,58.59,None,Omicron (BA.5),2022,12,December,4,Sunday
2022-12-18,Netherlands,17500000,134.0,0.0,1.0,0.0,321667.0,0.04,88.51,83.44,61.99,0.76,0.0,54.17,None,Omicron (BA.5),2022,12,December,4,Sunday
2022-12-25,Netherlands,17500000,52.0,0.0,0.0,0.0,349994.0,0.01,88.51,83.44,61.99,0.3,0.0,56.14,None,Omicron (BA.5),2022,12,December,4,Sunday
2021-01-03,New Zealand,5100000,425.0,2.0,13.0,3.0,85032.0,0.5,20.99,14.19,0.17,8.33,0.039,44.26,Low,Alpha,2021,1,January,1,Sunday
2021-01-10,New Zealand,5100000,532.0,2.0,17.0,4.0,87362.0,0.61,23.35,15.29,0.17,10.44,0.039,55.61,Low,Alpha,2021,1,January,1,Sunday
2021-01-17,New Zealand,5100000,701.0,2.0,22.0,,105902.0,0.66,25.46,17.14,0.17,13.74,0.039,59.78,Low,Alpha,2021,1,January,1,Sunday
2021-01-24,New Zealand,5100000,837.0,2.0,26.0,8.0,104722.0,0.8,27.88,18.86,0.17,16.42,0.039,63.91,Moderate,Alpha,2021,1,January,1,Sunday
01-31-2021,New Zealand,5100000,863.0,3.0,26.0,6.0,109057.0,0.79,30.65,20.47,0.17,16.93,0.059,60.99,High,Alpha,2021,1,January,1,Sunday
2021-02-07,New Zealand,5100000,755.0,3.0,23.0,5.0,108677.0,0.69,33.1,21.9,0.17,14.8,0.059,60.47,High,Alpha,2021,2,February,1,Sunday
2021-02-14,New Zealand,5100000,799.0,3.0,24.0,7.0,91474.0,0.87,35.95,24.01,0.17,15.67,0.059,61.97,Moderate,Alpha,2021,2,February,1,Sunday
2021-02-21,New Zealand,5100000,759.0,2.0,22.0,5.0,109165.0,0.7,38.41,26.2,0.17,14.88,0.039,57.33,Moderate,Alpha,2021,2,February,1,Sunday
2021-02-28,New Zealand,5100000,662.0,2.0,19.0,6.0,91468.0,0.72,41.35,28.13,0.62,12.97,0.039,53.77,Moderate,Alpha,2021,2,February,1,Sunday
2021-03-07,New Zealand,5100000,748.0,2.0,21.0,5.0,99248.0,0.75,45.09,30.38,0.62,14.66,0.039,54.12,Moderate,Alpha,2021,3,March,1,Sunday
2021-03-14,New Zealand,5100000,621.0,2.0,17.0,5.0,84763.0,0.73,47.17,32.71,0.62,12.17,0.039,53.83,Moderate,Alpha,2021,3,March,1,Sunday
2021-03-21,New Zealand,5100000,253.0,1.0,7.0,1.0,92452.0,0.27,49.63,36.06,0.62,4.96,0.02,44.69,Moderate,Alpha,2021,3,March,1,Sunday
2021-03-28,New Zealand,5100000,398.0,1.0,11.0,3.0,80081.0,0.5,53.22,37.69,0.62,7.8,0.02,46.07,Low,Alpha,2021,3,March,1,Sunday
2021-04-04,New Zealand,5100000,273.0,1.0,7.0,1.0,80000.0,0.34,55.7,40.6,0.62,5.35,0.02,42.57,Low,Alpha,2021,4,April,2,Sunday
2021-04-11,New Zealand,5100000,166.0,0.0,4.0,1.0,77341.0,0.21,58.71,42.56,0.62,3.26,0.0,39.91,Low,Alpha,2021,4,April,2,Sunday
2021-04-18,New Zealand,5100000,296.0,1.0,8.0,2.0,88323.0,0.34,61.24,45.88,0.62,5.8,0.02,46.22,None,Alpha,2021,4,April,2,Sunday
2021-04-25,New Zealand,5100000,120.0,0.0,3.0,1.0,82438.0,0.15,63.96,47.8,0.62,2.36,0.0,36.07,Low,Alpha,2021,4,April,2,Sunday
2021-05-02,New Zealand,5100000,188.0,1.0,5.0,1.0,91283.0,0.21,66.16,50.45,0.62,3.69,0.02,38.64,None,Alpha,2021,5,May,2,Sunday
2021-05-09,New Zealand,5100000,189.0,0.0,5.0,1.0,85031.0,0.22,68.4,52.36,0.91,3.7,0.0,38.68,None,Alpha,2021,5,May,2,Sunday
2021-05-16,New Zealand,5100000,215.0,0.0,5.0,1.0,93297.0,,70.95,55.66,0.91,4.22,0.0,41.03,None,Alpha,2021,5,May,2,Sunday
2021-05-23,New Zealand,5100000,332.0,1.0,8.0,2.0,93177.0,0.36,71.94,58.08,1.25,6.51,0.02,45.03,None,Alpha,2021,5,May,2,Sunday
2021-05-30,New Zealand,5100000,361.0,1.0,8.0,2.0,84465.0,0.43,74.07,59.59,1.27,7.07,0.02,41.57,Low,Alpha,2021,5,May,2,Sunday
2021-06-06,New Zealand,5100000,495.0,1.0,11.0,2.0,90671.0,0.55,75.93,62.48,1.68,9.71,0.02,49.36,Low,Alpha,2021,6,June,2,Sunday
2021-06-13,New Zealand,5100000,470.0,1.0,12.0,3.0,106426.0,0.44,77.26,63.8,1.99,9.22,0.02,51.69,Low,Delta,2021,6,June,2,Sunday
2021-06-20,New Zealand,5100000,578.0,2.0,14.0,4.0,108144.0,0.53,79.07,66.36,1.99,11.32,0.039,50.96,Low,Delta,2021,6,June,2,Sunday
2021-06-27,New Zealand,5100000,721.0,2.0,18.0,3.0,109965.0,0.66,80.37,67.95,1.99,14.13,0.039,56.52,Moderate,Delta,2021,6,June,2,Sunday
2021-07-04,New Zealand,5100000,827.0,2.0,20.0,3.0,114793.0,0.72,82.04,70.18,2.47,16.21,0.039,53.32,Moderate,Delta,2021,7,July,3,Sunday
2021-07-11,New Zealand,5100000,1065.0,2.0,25.0,5.0,118701.0,0.9,82.81,71.49,2.47,20.89,0.039,58.12,High,Delta,2021,7,July,3,Sunday
2021-07-18,New Zealand,5100000,871.0,2.0,20.0,5.0,110973.0,0.78,83.76,73.22,2.47,17.07,0.039,56.9,High,Delta,2021,7,July,3,Sunday
2021-07-25,New Zealand,5100000,1238.0,,29.0,9.0,120572.0,1.03,84.6,74.72,3.02,24.27,0.059,64.04,High,Delta,2021,7,July,3,Sunday
2021-08-01,New Zealand,5100000,1167.0,3.0,27.0,6.0,133775.0,0.87,85.2,75.57,3.02,22.88,0.059,60.01,High,Delta,2021,8,August,3,Sunday
2021-08-08,New Zealand,5100000,1159.0,2.0,26.0,4.0,113158.0,1.02,86.51,76.85,3.02,22.73,0.039,64.86,High,Delta,2021,8,August,3,Sunday
2021-08-15,New Zealand,5100000,1256.0,3.0,28.0,8.0,123003.0,1.02,87.25,77.63,3.02,24.62,0.059,63.94,High,Delta,2021,8,August,3,Sunday
2021-08-22,New Zealand,5100000,1436.0,3.0,32.0,5.0,109300.0,1.31,87.25,78.88,3.84,28.17,0.059,68.73,High,Delta,2021,8,August,3,Sunday
2021-08-29,New Zealand,5100000,1009.0,2.0,22.0,6.0,99726.0,1.01,88.46,80.47,3.84,19.79,0.039,55.82,Lockdown,Delta,2021,8,August,3,Sunday
2021-09-05,New Zealand,5100000,1240.0,3.0,27.0,6.0,137612.0,0.9,88.46,80.96,4.26,24.31,0.059,66.44,High,Delta,2021,9,September,3,Sunday
2021-09-12,New Zealand,5100000,1136.0,3.0,25.0,8.0,122507.0,0.93,88.61,81.19,5.52,22.26,0.059,59.96,High,Delta,2021,9,September,3,Sunday
2021-09-19,New Zealand,5100000,773.0,1.0,17.0,5.0,103104.0,0.75,89.34,82.68,6.08,15.17,0.02,55.31,High,Delta,2021,9,September,3,Sunday
2021-09-26,New Zealand,5100000,1048.0,2.0,22.0,3.0,114596.0,0.91,89.69,82.93,6.08,20.55,0.039,56.05,Moderate,Delta,2021,9,September,3,Sunday
2021-10-03,New Zealand,5100000,1063.0,2.0,23.0,5.0,101946.0,1.04,89.79,83.63,6.53,20.84,0.039,58.87,High,Delta,2021,10,October,4,Sunday
2021-10-10,New Zealand,5100000,686.0,1.0,15.0,3.0,98528.0,0.7,89.96,84.04,7.5,13.45,0.02,52.27,High,Delta,2021,10,October,4,Sunday
2021-10-17,New Zealand,5100000,917.0,2.0,19.0,4.0,96821.0,0.95,90.64,84.48,7.76,17.99,0.039,59.65,Moderate,Delta,2021,10,October,4,Sunday
2021-10-24,New Zealand,5100000,1081.0,2.0,23.0,5.0,112244.0,0.96,90.64,84.48,8.02,21.2,0.039,57.35,High,Delta,2021,10,October,4,Sunday
2021-10-31,New Zealand,5100000,1604.0,3.0,33.0,8.0,139266.0,1.15,90.64,85.48,8.69,31.44,0.059,68.43,High,Delta,2021,10,October,4,Sunday
2021-11-07,New Zealand,5100000,1349.0,2.0,28.0,8.0,128218.0,1.05,91.33,85.48,10.38,26.45,0.039,64.67,Lockdown,Delta,2021,11,November,4,Sunday
2021-11-14,New Zealand,5100000,1337.0,3.0,28.0,5.0,139020.0,0.96,91.33,86.09,11.63,26.21,0.059,59.65,Lockdown,Delta,2021,11,November,4,Sunday
2021-11-21,New Zealand,5100000,1662.0,3.0,34.0,8.0,137139.0,1.21,91.33,86.09,123.9,32.58,0.059,63.44,Lockdown,Delta,2021,11,November,4,Sunday
2021-11-28,New Zealand,5100000,1827.0,4.0,38.0,11.0,111762.0,1.63,91.5,86.54,13.72,35.83,0.078,70.17,Lockdown,Delta,2021,11,November,4,Sunday
2021-12-05,New Zealand,5100000,1418.0,2.0,29.0,6.0,145670.0,0.97,91.5,86.56,14.91,27.81,0.039,66.55,Lockdown,Delta,2021,12,December,4,Sunday
2021-12-12,New Zealand,5100000,1915.0,1.0,19.0,5.0,132694.0,1.44,91.64,87.02,16.29,37.54,0.02,58.95,Lockdown,Omicron,2021,12,December,4,Sunday
2021-12-19,New Zealand,5100000,2025.0,1.0,20.0,6.0,147752.0,1.37,91.64,87.02,17.23,39.7,0.02,53.3,Lockdown,Omicron,2021,12,December,4,Sunday
2021-12-26,New Zealand,5100000,1696.0,1.0,17.0,5.0,136203.0,1.25,91.64,87.12,18.62,33.26,0.02,49.73,Lockdown,Omicron,2021,12,December,4,Sunday
2022-01-02,New Zealand,5100000,1731.0,1.0,17.0,4.0,138863.0,1.25,91.64,87.29,19.96,33.94,0.02,56.6,Lockdown,Omicron,2022,1,January,1,Sunday
2022-01-09,New Zealand,5100000,1623.0,1.0,16.0,,133217.0,1.22,92.3,87.86,21.39,31.82,0.02,50.41,Lockdown,Omicron,2022,1,January,1,Sunday
2022-01-16,New Zealand,5100000,1365.0,1.0,13.0,2.0,124917.0,1.09,92.3,87.86,22.55,26.77,0.02,48.05,Lockdown,Omicron,2022,1,January,1,Sunday
2022-01-23,New Zealand,5100000,1198.0,1.0,12.0,2.0,106221.0,1.13,92.3,87.86,24.97,23.48,0.02,51.68,Lockdown,Omicron,2022,1,January,1,Sunday
2022-01-30,New Zealand,5100000,1029.0,1.0,10.0,2.0,136711.0,0.75,92.3,87.86,26.15,20.18,0.02,49.37,High,Omicron,2022,1,January,1,Sunday
2022-02-06,New Zealand,5100000,712.0,0.0,7.0,1.0,108242.0,0.66,92.3,87.86,27.81,13.96,0.0,45.63,High,Omicron,2022,2,February,1,Sunday
2022-02-13,New Zealand,5100000,662.0,0.0,6.0,1.0,101658.0,0.65,92.3,88.12,29.49,12.98,0.0,38.07,Moderate,Omicron,2022,2,February,1,Sunday
2022-02-20,New Zealand,5100000,605.0,0.0,6.0,1.0,114005.0,0.53,92.3,88.12,30.98,11.86,0.0,39.2,Moderate,Omicron,2022,2,February,1,Sunday
2022-02-27,New Zealand,5100000,372.0,0.0,4.0,1.0,83867.0,0.44,92.3,88.53,33.09,7.29,0.0,43.25,Moderate,Omicron,2022,2,February,1,Sunday
2022-03-06,New Zealand,5100000,495.0,0.0,5.0,1.0,102415.0,0.48,92.3,88.53,35.01,9.7,0.0,42.19,Low,Omicron,2022,3,March,1,Sunday
2022-03-13,New Zealand,5100000,476.0,0.0,5.0,1.0,90918.0,0.52,92.3,88.53,36.37,9.33,0.0,39.45,Low,Omicron,2022,3,March,1,Sunday
2022-03-20,New Zealand,5100000,312.0,0.0,3.0,1.0,92660.0,0.34,92.3,88.53,38.6,6.11,0.0,38.64,Low,Omicron,2022,3,March,1,Sunday
2022-03-27,New Zealand,5100000,228.0,,2.0,1.0,89973.0,0.25,92.3,88.53,39.86,4.47,0.0,41.33,Low,Omicron,2022,3,March,1,Sunday
2022-04-03,New Zealand,5100000,237.0,0.0,2.0,0.0,70989.0,0.33,92.3,88.53,41.16,4.64,0.0,42.38,None,Omicron,2022,4,April,2,Sunday
2022-04-10,New Zealand,5100000,381.0,0.0,4.0,1.0,81494.0,0.47,92.3,88.53,43.63,7.47,0.0,40.44,Low,Omicron,2022,4,April,2,Sunday
2022-04-17,New Zealand,5100000,467.0,0.0,5.0,1.0,106897.0,0.44,92.3,88.53,44.83,9.16,0.0,39.68,Low,Omicron,2022,4,April,2,Sunday
2022-04-24,New Zealand,5100000,408.0,0.0,4.0,1.0,91048.0,0.45,92.3,88.55,46.53,8.0,0.0,39.76,Low,Omicron,2022,4,April,2,Sunday
2022-05-01,New Zealand,5100000,447.0,0.0,4.0,1.0,109278.0,0.41,92.3,88.55,47.97,8.76,0.0,43.81,Low,Omicron,2022,5,May,2,Sunday
2022-05-08,New Zealand,5100000,636.0,0.0,6.0,2.0,110911.0,0.57,92.3,88.55,48.79,12.47,0.0,45.66,Low,Omicron,2022,5,May,2,Sunday
2022-05-15,New Zealand,5100000,622.0,0.0,6.0,2.0,98154.0,0.63,92.3,88.55,50.21,12.19,0.0,42.83,Moderate,Omicron,2022,5,May,2,Sunday
2022-05-22,New Zealand,5100000,579.0,0.0,6.0,2.0,96089.0,0.6,92.3,88.63,51.91,11.35,0.0,41.02,Moderate,Omicron,2022,5,May,2,Sunday
2022-05-29,New Zealand,5100000,748.0,0.0,7.0,2.0,117777.0,0.64,92.3,88.63,53.32,14.67,0.0,,Moderate,Omicron,2022,5,May,2,Sunday
2022-06-05,New Zealand,5100000,774.0,0.0,7.0,1.0,122542.0,0.63,92.34,88.63,53.88,15.17,0.0,47.35,Moderate,Omicron,2022,6,June,2,Sunday
2022-06-12,New Zealand,5100000,842.0,0.0,8.0,2.0,104673.0,0.8,92.34,88.63,54.69,16.51,0.0,40.61,Moderate,Omicron,2022,6,June,2,Sunday
2022-06-19,New Zealand,5100000,812.0,0.0,8.0,1.0,119221.0,0.68,92.34,88.63,56.34,15.92,0.0,43.66,High,Omicron,2022,6,June,2,Sunday
2022-06-26,New Zealand,5100000,775.0,0.0,7.0,2.0,113597.0,0.68,92.4,88.63,56.53,15.2,0.0,46.18,Moderate,Omicron,2022,6,June,2,Sunday
2022-07-03,New Zealand,5100000,748.0,0.0,7.0,2.0,114054.0,,92.4,88.63,57.65,14.66,0.0,,Moderate,Omicron,2022,7,July,3,Sunday
2022-07-10,New Zealand,5100000,851.0,0.0,7.0,1.0,108292.0,0.79,92.42,88.63,58.18,16.68,0.0,42.07,Moderate,Omicron (BA.5),2022,7,July,3,Sunday
2022-07-17,New Zealand,5100000,649.0,0.0,5.0,1.0,95404.0,0.68,92.42,88.74,59.09,12.73,0.0,41.86,High,Omicron (BA.5),2022,7,July,3,Sunday
2022-07-24,New Zealand,5100000,859.0,0.0,7.0,2.0,98604.0,0.87,92.42,88.74,,16.84,0.0,44.22,Moderate,Omicron (BA.5),2022,7,July,3,Sunday
2022-07-31,New Zealand,5100000,610.0,0.0,5.0,1.0,89136.0,0.68,92.42,88.74,60.15,11.95,0.0,38.58,High,Omicron (BA.5),2022,7,July,3,Sunday
2022-08-07,New Zealand,5100000,407.0,0.0,3.0,0.0,107103.0,0.38,92.42,88.74,60.62,7.99,0.0,39.73,Moderate,Omicron (BA.5),2022,8,August,3,Sunday
2022-08-14,New Zealand,5100000,555.0,0.0,4.0,1.0,97810.0,0.57,92.42,88.74,61.51,10.88,0.0,41.37,Low,Omicron (BA.5),2022,8,August,3,Sunday
2022-08-21,New Zealand,5100000,305.0,0.0,2.0,0.0,81361.0,0.37,92.42,88.74,61.81,5.99,0.0,37.33,Low,Omicron (BA.5),2022,8,August,3,Sunday
2022-08-28,New Zealand,5100000,479.0,0.0,4.0,1.0,102899.0,0.47,92.49,88.76,62.45,9.4,0.0,38.5,Low,Omicron (BA.5),2022,8,August,3,Sunday
2022-09-04,New Zealand,5100000,268.0,0.0,2.0,1.0,84954.0,0.32,92.49,88.76,62.45,5.26,0.0,37.21,Low,Omicron (BA.5),2022,9,September,3,Sunday
2022-09-11,New Zealand,5100000,235.0,0.0,2.0,1.0,82727.0,0.28,92.49,88.76,62.85,4.62,0.0,36.13,Low,Omicron (BA.5),2022,9,September,3,Sunday
2022-09-18,New Zealand,5100000,148.0,0.0,1.0,0.0,98381.0,0.15,92.49,88.76,63.42,2.91,0.0,39.74,Low,Omicron (BA.5),2022,9,September,3,Sunday
25 Sep 2022,New Zealand,5100000,147.0,0.0,1.0,0.0,75404.0,0.19,92.49,88.76,63.78,2.89,0.0,35.15,None,Omicron (BA.5),2022,9,September,3,Sunday
2022-10-02,New Zealand,5100000,62.0,0.0,0.0,0.0,83114.0,0.07,92.49,88.76,63.78,1.21,0.0,37.13,None,Omicron (BA.5),2022,10,October,4,Sunday
2022-10-09,New Zealand,5100000,15.0,0.0,0.0,0.0,76276.0,0.02,92.49,88.76,64.11,0.3,0.0,35.73,None,Omicron (BA.5),2022,10,October,4,Sunday
2022-10-16,New Zealand,5100000,79.0,0.0,1.0,0.0,77213.0,0.1,92.49,88.76,64.11,1.55,0.0,35.84,None,Omicron (BA.5),2022,10,October,4,Sunday
2022-10-23,New Zealand,5100000,137.0,0.0,1.0,0.0,74217.0,0.18,92.49,88.76,64.7,2.7,0.0,41.04,None,Omicron (BA.5),2022,10,October,4,Sunday
2022-10-30,New Zealand,5100000,15.0,0.0,0.0,0.0,80443.0,0.02,92.49,88.76,65.16,0.3,0.0,36.34,None,Omicron (BA.5),2022,10,October,4,Sunday
2022-11-06,New Zealand,5100000,171.0,0.0,1.0,0.0,79220.0,0.22,92.49,88.76,65.16,3.36,0.0,35.94,None,Omicron (BA.5),2022,11,November,4,Sunday
2022-11-13,New Zealand,5100000,70.0,0.0,1.0,0.0,85725.0,0.08,92.49,88.76,65.16,1.37,0.0,35.7,None,Omicron (BA.5),2022,11,November,4,Sunday
2022-11-20,New Zealand,5100000,15.0,0.0,0.0,0.0,79760.0,0.02,92.49,88.76,65.16,0.3,0.0,37.51,None,Omicron (BA.5),2022,11,November,4,Sunday
2022-11-27,New Zealand,5100000,15.0,0.0,0.0,0.0,78059.0,0.02,92.49,88.76,65.16,0.3,0.0,38.73,None,Omicron (BA.5),2022,11,November,4,Sunday
2022-12-04,New Zealand,5100000,192.0,0.0,2.0,0.0,79896.0,0.24,92.49,88.98,65.54,3.77,0.0,41.73,None,Omicron (BA.5),2022,12,December,4,Sunday
2022-12-11,New Zealand,5100000,97.0,0.0,1.0,0.0,92214.0,0.11,92.49,88.98,65.54,1.91,0.0,37.19,None,Omicron (BA.5),2022,12,December,4,Sunday
2022-12-18,New Zealand,5100000,117.0,0.0,1.0,0.0,88302.0,0.13,92.49,88.98,65.54,2.3,0.0,37.04,None,Omicron (BA.5),2022,12,December,4,Sunday
2022-12-25,New Zealand,5100000,15.0,0.0,0.0,0.0,75697.0,0.02,92.49,88.98,65.54,0.3,0.0,36.99,None,Omicron (BA.5),2022,12,December,4,Sunday
2021-01-03,Nigeria,213400000,65948.0,698.0,2301.0,621.0,431944.0,15.27,7.78,6.2,0.24,30.9,0.327,44.24,Low,Alpha,2021,1,January,1,Sunday
2021-01-10,Nigeria,213400000,80837.0,991.0,2821.0,431.0,535242.0,15.1,8.54,6.2,0.24,37.88,0.464,49.74,Low,Alpha,2021,1,January,1,Sunday
2021-01-17,Nigeria,213400000,108976.0,1345.0,3791.0,868.0,500909.0,21.76,9.15,6.76,0.24,51.07,0.63,45.97,Moderate,Alpha,2021,1,January,1,Sunday
2021-01-24,Nigeria,213400000,113695.0,1255.0,3955.0,1062.0,511756.0,22.22,9.15,6.76,0.24,53.28,0.588,48.2,Moderate,Alpha,2021,1,January,1,Sunday
2021-01-31,Nigeria,213400000,120874.0,,4198.0,663.0,557217.0,21.69,9.26,7.06,0.24,56.64,0.674,50.67,Moderate,Alpha,2021,1,January,1,Sunday
2021-02-07,Nigeria,213400000,138208.0,1763.0,4798.0,1452.0,472360.0,29.26,9.85,7.12,0.24,64.76,0.826,51.56,High,Alpha,2021,2,February,1,Sunday
2021-02-14,Nigeria,213400000,120144.0,1494.0,4171.0,882.0,526068.0,22.84,10.55,7.12,0.24,56.3,0.7,51.35,High,Alpha,2021,2,February,1,Sunday
2021-02-21,Nigeria,213400000,119199.0,1315.0,4127.0,735.0,476891.0,,10.55,7.58,0.24,55.86,0.616,47.29,High,Alpha,2021,2,February,1,Sunday
2021-02-28,Nigeria,213400000,105246.0,1167.0,3636.0,685.0,494603.0,21.28,11.27,7.95,0.41,49.32,0.547,47.7,Moderate,Alpha,2021,2,February,1,Sunday
2021-03-07,Nigeria,213400000,85065.0,1070.0,2937.0,610.0,460399.0,18.48,11.3,8.07,0.41,39.86,0.501,49.15,Moderate,Alpha,2021,3,March,1,Sunday
2021-03-14,Nigeria,213400000,61664.0,596.0,2124.0,390.0,432578.0,14.26,12.0,8.49,0.41,28.9,0.279,42.57,Moderate,Alpha,2021,3,March,1,Sunday
2021-03-21,Nigeria,213400000,52553.0,504.0,1806.0,428.0,453281.0,11.59,12.18,8.92,0.41,24.63,0.236,45.11,Low,Alpha,2021,3,March,1,Sunday
2021-03-28,Nigeria,213400000,44983.0,459.0,1545.0,398.0,444165.0,10.13,12.62,8.95,0.41,21.08,0.215,42.58,Low,Alpha,2021,3,March,1,Sunday
2021-04-04,Nigeria,213400000,26667.0,328.0,916.0,205.0,407837.0,6.54,13.69,8.95,0.41,12.5,0.154,42.33,Low,Alpha,2021,4,April,2,Sunday
2021-04-11,Nigeria,213400000,22057.0,219.0,753.0,168.0,421926.0,5.23,13.69,10.08,0.41,10.34,0.103,41.69,None,Alpha,2021,4,April,2,Sunday
2021-04-18,Nigeria,213400000,15243.0,158.0,520.0,147.0,373926.0,4.08,14.28,10.08,0.41,7.14,0.074,39.02,None,Alpha,2021,4,April,2,Sunday
2021-04-25,Nigeria,213400000,15646.0,180.0,534.0,107.0,424255.0,3.69,15.11,10.08,0.41,7.33,0.084,40.37,None,Alpha,2021,4,April,2,Sunday
2021-05-02,Nigeria,213400000,28178.0,283.0,961.0,246.0,410018.0,6.87,15.25,10.19,0.41,13.2,0.133,42.28,None,Alpha,2021,5,May,2,Sunday
2021-05-09,Nigeria,213400000,18818.0,195.0,640.0,193.0,390298.0,4.82,15.25,10.76,0.41,8.82,0.091,40.99,Low,Alpha,2021,5,May,2,Sunday
2021-05-16,Nigeria,213400000,31557.0,344.0,1071.0,201.0,394069.0,8.01,15.6,11.02,0.47,14.79,0.161,46.07,None,Alpha,2021,5,May,2,Sunday
2021-05-23,Nigeria,213400000,41399.0,418.0,1403.0,358.0,423924.0,9.77,16.23,11.3,0.48,19.4,0.196,45.36,Low,Alpha,2021,5,May,2,Sunday
2021-05-30,Nigeria,213400000,46176.0,580.0,1561.0,486.0,503350.0,9.17,16.97,11.66,0.48,21.64,0.272,43.89,Low,Alpha,2021,5,May,2,Sunday
2021-06-06,Nigeria,213400000,50772.0,497.0,1710.0,411.0,440929.0,11.51,17.46,12.36,0.54,23.79,0.233,41.57,Low,Alpha,2021,6,June,2,Sunday
2021-06-13,Nigeria,213400000,76435.0,914.0,2562.0,810.0,429717.0,17.79,17.49,13.15,0.54,35.82,0.428,43.19,Low,Alpha,2021,6,June,2,Sunday
2021-06-20,Nigeria,213400000,88690.0,1236.0,3418.0,693.0,523095.0,16.95,18.08,13.15,0.54,41.56,0.579,51.97,Moderate,Delta,2021,6,June,2,Sunday
2021-06-27,Nigeria,213400000,103086.0,1284.0,3964.0,975.0,484993.0,21.26,18.57,13.57,0.54,48.31,0.602,45.65,Moderate,Delta,2021,6,June,2,Sunday
2021-07-04,Nigeria,213400000,115245.0,1430.0,4431.0,899.0,529927.0,21.75,19.22,13.57,0.85,54.0,0.67,49.43,Moderate,Delta,2021,7,July,3,Sunday
2021-07-11,Nigeria,213400000,121927.0,1703.0,4677.0,705.0,500453.0,24.36,20.34,13.95,0.85,57.14,0.798,50.56,Moderate,Delta,2021,7,July,3,Sunday
2021-07-18,Nigeria,213400000,142536.0,1896.0,5453.0,1742.0,,23.51,20.34,14.4,0.85,66.79,0.888,50.49,High,Delta,2021,7,July,3,Sunday
2021-07-25,Nigeria,213400000,152847.0,1957.0,5847.0,1116.0,535344.0,28.55,20.37,14.42,0.93,71.62,0.917,49.59,High,Delta,2021,7,July,3,Sunday
2021-08-01,Nigeria,213400000,141851.0,2237.0,5413.0,1707.0,610517.0,23.23,20.78,14.83,0.93,66.47,1.048,49.23,High,Delta,2021,8,August,3,Sunday
2021-08-08,Nigeria,213400000,175824.0,2396.0,6680.0,1744.0,539215.0,32.61,21.76,15.56,1.17,82.39,1.123,52.46,High,Delta,2021,8,August,3,Sunday
2021-08-15,Nigeria,213400000,164462.0,2549.0,6233.0,1893.0,561926.0,29.27,22.0,15.97,1.17,77.07,1.194,51.12,High,Delta,2021,8,August,3,Sunday
2021-08-22,Nigeria,213400000,179775.0,2219.0,6812.0,2142.0,659661.0,27.25,22.18,16.01,1.17,84.24,1.04,57.42,High,Delta,2021,8,August,3,Sunday
2021-08-29,Nigeria,213400000,173697.0,2158.0,6582.0,1623.0,594037.0,29.24,22.78,16.01,1.17,81.39,1.011,53.6,High,Delta,2021,8,August,3,Sunday
2021-09-05,Nigeria,213400000,161933.0,2276.0,6115.0,1956.0,676496.0,23.94,23.07,16.57,1.17,75.88,1.067,51.34,High,Delta,2021,9,September,3,Sunday
2021-09-12,Nigeria,213400000,161356.0,2052.0,6093.0,1709.0,559485.0,28.84,23.81,16.57,1.17,75.61,0.962,52.87,High,Delta,2021,9,September,3,Sunday
2021-09-19,Nigeria,213400000,141309.0,1736.0,5311.0,1270.0,559759.0,25.24,24.94,17.35,1.44,66.22,0.813,52.65,High,Delta,2021,9,September,3,Sunday
2021-09-26,Nigeria,213400000,142782.0,1696.0,5354.0,1399.0,634049.0,22.52,24.94,17.72,1.44,66.91,0.795,50.2,High,Delta,2021,9,September,3,Sunday
2021-10-03,Nigeria,213400000,142765.0,1683.0,5348.0,979.0,483540.0,29.52,24.94,17.89,1.44,66.9,0.789,53.31,High,Delta,2021,10,October,4,Sunday
2021-10-10,Nigeria,213400000,122761.0,1777.0,4586.0,697.0,457871.0,26.81,25.11,18.36,1.44,57.53,0.833,46.29,High,Delta,2021,10,October,4,Sunday
2021-10-17,Nigeria,213400000,152061.0,1906.0,5667.0,1097.0,525284.0,28.95,25.28,18.72,1.44,71.26,0.893,54.65,High,Delta,2021,10,October,4,Sunday
2021-10-24,Nigeria,213400000,153709.0,2352.0,5720.0,1281.0,599530.0,25.64,26.27,18.98,1.44,72.03,1.102,51.81,High,Delta,2021,10,October,4,Sunday
2021-10-31,Nigeria,213400000,182154.0,2205.0,6778.0,1279.0,519232.0,35.08,26.61,18.98,1.44,85.36,1.033,53.91,High,Delta,2021,10,October,4,Sunday
2021-11-07,Nigeria,213400000,167932.0,2140.0,6232.0,1479.0,607123.0,27.66,26.61,19.42,1.44,78.69,1.003,51.16,High,Delta,2021,11,November,4,Sunday
2021-11-14,Nigeria,213400000,193088.0,2466.0,7144.0,1871.0,634354.0,30.44,27.45,19.91,1.44,90.48,1.156,51.73,High,Delta,2021,11,November,4,Sunday
2021-11-21,Nigeria,213400000,203694.0,2688.0,7507.0,1963.0,721122.0,28.25,27.45,20.55,1.44,95.45,1.26,51.39,Lockdown,Delta,2021,11,November,4,Sunday
28 Nov 2021,Nigeria,213400000,260474.0,3819.0,9599.0,2898.0,744551.0,34.98,27.96,20.55,1.44,122.06,1.79,58.0,High,Delta,2021,11,November,4,Sunday
2021-12-05,Nigeria,213400000,236122.0,3421.0,8689.0,2731.0,677945.0,34.83,28.12,20.79,1.44,110.65,1.603,59.48,High,Delta,2021,12,December,4,Sunday
2021-12-12,Nigeria,213400000,252994.0,,9289.0,2800.0,752144.0,33.64,28.28,21.15,1.44,118.55,1.327,56.86,Lockdown,Delta,2021,12,December,4,Sunday
2021-12-19,Nigeria,213400000,275207.0,1081.0,4832.0,1234.0,734581.0,37.46,28.33,21.15,1.54,128.96,0.507,46.11,Lockdown,Omicron,2021,12,December,4,Sunday
2021-12-26,Nigeria,213400000,250879.0,1107.0,4389.0,812.0,651046.0,38.53,28.85,21.75,1.54,117.56,0.519,46.78,Lockdown,Omicron,2021,12,December,4,Sunday
2022-01-02,Nigeria,213400000,231748.0,790.0,4048.0,1256.0,593816.0,39.03,29.41,22.01,1.54,108.6,0.37,47.38,High,Omicron,2022,1,January,1,Sunday
2022-01-09,Nigeria,213400000,243163.0,982.0,4239.0,762.0,636570.0,38.2,29.41,22.3,1.54,113.95,0.46,47.88,High,Omicron,2022,1,January,1,Sunday
2022-01-16,Nigeria,213400000,214795.0,797.0,3745.0,658.0,631921.0,33.99,29.8,22.3,1.64,100.65,0.373,47.39,High,Omicron,2022,1,January,1,Sunday
2022-01-23,Nigeria,213400000,185266.0,716.0,3215.0,656.0,608003.0,30.47,29.8,23.06,1.64,86.82,0.336,49.19,High,Omicron,2022,1,January,1,Sunday
2022-01-30,Nigeria,213400000,156259.0,606.0,2711.0,671.0,469209.0,33.3,30.37,23.06,1.64,73.22,0.284,48.68,Lockdown,Omicron,2022,1,January,1,Sunday
2022-02-06,Nigeria,213400000,116612.0,446.0,2019.0,,510625.0,22.84,30.45,23.42,1.64,54.64,0.209,49.13,High,Omicron,2022,2,February,1,Sunday
2022-02-13,Nigeria,213400000,88297.0,390.0,1529.0,233.0,487934.0,18.1,30.45,23.42,1.64,41.38,0.183,39.03,Moderate,Omicron,2022,2,February,1,Sunday
2022-02-20,Nigeria,213400000,65642.0,262.0,1135.0,320.0,480639.0,13.66,30.71,23.59,1.64,30.76,0.123,40.14,Moderate,Omicron,2022,2,February,1,Sunday
2022-02-27,Nigeria,213400000,72570.0,321.0,1255.0,226.0,529504.0,13.71,31.25,23.59,1.64,34.01,0.15,44.27,Low,Omicron,2022,2,February,1,Sunday
06 Mar 2022,Nigeria,213400000,52332.0,220.0,904.0,181.0,451598.0,11.59,31.25,23.82,1.86,24.52,0.103,40.66,Low,Omicron,2022,3,March,1,Sunday
2022-03-13,Nigeria,213400000,45064.0,169.0,776.0,159.0,404770.0,11.13,31.25,24.18,1.86,21.12,0.079,43.68,Low,Omicron,2022,3,March,1,Sunday
2022-03-20,Nigeria,213400000,35722.0,140.0,615.0,127.0,363757.0,9.82,31.49,24.18,1.88,16.74,0.066,41.71,Low,Omicron,2022,3,March,1,Sunday
2022-03-27,Nigeria,213400000,40337.0,153.0,695.0,194.0,454727.0,8.87,32.32,24.18,1.88,18.9,0.072,45.31,Low,Omicron,2022,3,March,1,Sunday
2022-04-03,Nigeria,213400000,38430.0,166.0,662.0,104.0,399005.0,9.63,32.32,24.18,2.03,18.01,0.078,43.9,Low,Omicron,2022,4,April,2,Sunday
2022-04-10,Nigeria,213400000,46057.0,164.0,793.0,145.0,468042.0,9.84,32.32,24.36,2.54,21.58,0.077,44.22,Low,Omicron,2022,4,April,2,Sunday
2022-04-17,Nigeria,213400000,49385.0,219.0,850.0,131.0,490924.0,10.06,32.32,24.36,2.54,23.14,0.103,40.65,Low,Omicron,2022,4,April,2,Sunday
2022-04-24,Nigeria,213400000,61771.0,248.0,1061.0,300.0,399644.0,15.46,32.32,24.65,2.54,28.95,0.116,41.88,Low,Omicron,2022,4,April,2,Sunday
2022-05-01,Nigeria,213400000,79431.0,318.0,1355.0,430.0,497622.0,15.96,32.46,25.73,2.59,37.22,0.149,41.97,Low,Omicron,2022,5,May,2,Sunday
2022-05-08,Nigeria,213400000,74659.0,291.0,1274.0,334.0,519659.0,14.37,32.46,25.73,2.59,34.99,0.136,38.8,Moderate,Omicron,2022,5,May,2,Sunday
2022-05-15,Nigeria,213400000,89366.0,352.0,1524.0,381.0,527852.0,16.93,32.55,25.73,3.21,41.88,0.165,46.77,Low,Omicron,2022,5,May,2,Sunday
2022-05-22,Nigeria,213400000,93460.0,380.0,1594.0,485.0,410174.0,22.79,32.55,25.73,3.45,43.8,0.178,45.1,Moderate,Omicron,2022,5,May,2,Sunday
2022-05-29,Nigeria,213400000,100125.0,406.0,1708.0,330.0,466392.0,21.47,32.87,25.73,3.45,46.92,0.19,42.61,Moderate,Omicron,2022,5,May,2,Sunday
2022-06-05,Nigeria,213400000,104120.0,369.0,1776.0,286.0,453482.0,22.96,33.26,25.73,3.83,48.79,0.173,46.87,Moderate,Omicron,2022,6,June,2,Sunday
2022-06-12,Nigeria,213400000,116246.0,461.0,1983.0,469.0,541077.0,21.48,33.26,25.73,3.83,54.47,0.216,42.47,Moderate,Omicron,2022,6,June,2,Sunday
2022-06-19,Nigeria,213400000,117652.0,436.0,2006.0,390.0,538190.0,21.86,33.51,25.78,3.83,55.13,0.204,39.5,Moderate,Omicron,2022,6,June,2,Sunday
2022-06-26,Nigeria,213400000,119307.0,481.0,2035.0,461.0,410033.0,29.1,33.51,25.78,3.83,55.91,0.225,46.67,Moderate,Omicron,2022,6,June,2,Sunday
2022-07-03,Nigeria,213400000,119735.0,470.0,2042.0,465.0,510790.0,23.44,33.51,25.78,3.83,56.11,0.22,40.97,Moderate,Omicron,2022,7,July,3,Sunday
2022-07-10,Nigeria,213400000,110419.0,385.0,1880.0,384.0,545384.0,20.25,33.51,26.05,4.39,51.74,0.18,43.34,High,Omicron,2022,7,July,3,Sunday
2022-07-17,Nigeria,213400000,86239.0,285.0,1201.0,279.0,490162.0,17.59,33.51,26.12,4.39,40.41,0.134,42.93,Moderate,Omicron (BA.5),2022,7,July,3,Sunday
2022-07-24,Nigeria,213400000,88739.0,270.0,1236.0,265.0,493037.0,18.0,33.51,26.12,4.39,41.58,0.127,43.45,Moderate,Omicron (BA.5),2022,7,July,3,Sunday
2022-07-31,Nigeria,213400000,82334.0,258.0,1146.0,194.0,465872.0,17.67,33.59,26.12,4.39,38.58,0.121,44.42,Moderate,Omicron (BA.5),2022,7,July,3,Sunday
2022-08-07,Nigeria,213400000,75112.0,244.0,1045.0,311.0,431543.0,17.41,33.78,26.31,4.61,35.2,0.114,43.54,Moderate,Omicron (BA.5),2022,8,August,3,Sunday
2022-08-14,Nigeria,213400000,55850.0,179.0,775.0,209.0,448468.0,12.45,34.31,26.68,4.73,26.17,0.084,42.9,Low,Omicron (BA.5),2022,8,August,3,Sunday
2022-08-21,Nigeria,213400000,53782.0,178.0,746.0,117.0,448537.0,11.99,34.31,26.68,4.73,25.2,0.083,39.49,Low,Omicron (BA.5),2022,8,August,3,Sunday
2022-08-28,Nigeria,213400000,44390.0,124.0,614.0,104.0,457199.0,9.71,34.31,27.04,4.73,20.8,0.058,41.93,Low,Omicron (BA.5),2022,8,August,3,Sunday
2022-09-04,Nigeria,213400000,26342.0,71.0,365.0,61.0,437870.0,6.02,34.31,27.04,4.73,12.34,0.033,36.91,Low,Omicron (BA.5),2022,9,September,3,Sunday
2022-09-11,Nigeria,213400000,28117.0,90.0,389.0,62.0,419686.0,6.7,34.31,27.04,5.61,13.18,0.042,44.63,None,Omicron (BA.5),2022,9,September,3,Sunday
2022-09-18,Nigeria,213400000,27308.0,77.0,378.0,60.0,452311.0,6.04,34.32,27.04,5.61,12.8,0.036,37.19,Low,Omicron (BA.5),2022,9,September,3,Sunday
2022-09-25,Nigeria,213400000,17439.0,47.0,241.0,43.0,392274.0,4.45,34.32,27.04,5.61,8.17,0.022,39.55,None,Omicron (BA.5),2022,9,September,3,Sunday
2022-10-02,Nigeria,213400000,3931.0,11.0,54.0,16.0,343790.0,1.14,34.33,27.04,6.19,1.84,0.005,36.73,None,Omicron (BA.5),2022,10,October,4,Sunday
2022-10-09,Nigeria,213400000,10934.0,31.0,151.0,44.0,411983.0,2.65,34.33,27.49,6.4,5.12,0.015,38.4,None,Omicron (BA.5),2022,10,October,4,Sunday
2022-10-16,Nigeria,213400000,2389.0,8.0,33.0,9.0,390811.0,0.61,34.47,27.49,6.4,1.12,0.004,40.01,None,Omicron (BA.5),2022,10,October,4,Sunday
2022-10-23,Nigeria,213400000,7215.0,20.0,100.0,25.0,408116.0,1.77,34.47,27.52,6.4,3.38,0.009,38.8,None,Omicron (BA.5),2022,10,October,4,Sunday
2022-10-30,Nigeria,213400000,640.0,2.0,9.0,2.0,345933.0,0.19,34.81,27.52,6.4,0.3,0.001,42.79,None,Omicron (BA.5),2022,10,October,4,Sunday
2022-11-06,Nigeria,213400000,1774.0,6.0,24.0,7.0,441510.0,0.4,34.81,27.52,6.52,0.83,0.003,40.53,None,Omicron (BA.5),2022,11,November,4,Sunday
2022-11-13,Nigeria,213400000,640.0,2.0,9.0,3.0,406740.0,0.16,34.81,27.54,6.52,0.3,0.001,38.77,None,Omicron (BA.5),2022,11,November,4,Sunday
2022-11-20,Nigeria,213400000,756.0,2.0,10.0,3.0,376129.0,0.2,34.81,27.54,6.57,0.35,0.001,39.6,None,Omicron (BA.5),2022,11,November,4,Sunday
2022-11-27,Nigeria,213400000,640.0,2.0,9.0,2.0,356063.0,0.18,34.81,27.54,6.71,0.3,0.001,42.98,None,Omicron (BA.5),2022,11,November,4,Sunday
2022-12-04,Nigeria,213400000,640.0,2.0,9.0,3.0,418029.0,0.15,34.81,27.54,7.77,0.3,0.001,42.2,None,Omicron (BA.5),2022,12,December,4,Sunday
2022-12-11,Nigeria,213400000,640.0,2.0,9.0,2.0,350942.0,,34.81,27.85,7.77,0.3,0.001,37.08,None,Omicron (BA.5),2022,12,December,4,Sunday
2022-12-18,Nigeria,213400000,2215.0,6.0,30.0,6.0,456654.0,0.49,34.81,27.85,,1.04,0.003,38.27,None,Omicron (BA.5),2022,12,December,4,Sunday
2022-12-25,Nigeria,213400000,819.0,2.0,11.0,2.0,366182.0,0.22,34.88,27.99,8.46,0.38,0.001,41.12,None,Omicron (BA.5),2022,12,December,4,Sunday
2021-01-03,Norway,5400000,260.0,2.0,9.0,3.0,108645.0,0.24,20.98,13.23,0.0,4.82,0.037,48.08,None,Alpha,2021,1,January,1,Sunday
2021-01-10,Norway,5400000,352.0,2.0,12.0,3.0,101618.0,0.35,23.0,14.31,0.18,6.52,0.037,54.56,None,Alpha,2021,1,January,1,Sunday
2021-01-17,Norway,5400000,500.0,3.0,17.0,4.0,107627.0,0.46,25.55,15.76,0.18,9.27,0.056,60.25,Low,Alpha,2021,1,January,1,Sunday
2021-01-24,Norway,5400000,813.0,4.0,28.0,4.0,128528.0,0.63,28.14,17.86,0.25,15.05,0.074,70.51,Low,Alpha,2021,1,January,1,Sunday
2021-01-31,Norway,5400000,930.0,4.0,31.0,7.0,136316.0,0.68,30.79,19.97,0.29,17.22,0.074,65.19,Moderate,Alpha,2021,1,January,1,Sunday
2021-02-07,Norway,5400000,831.0,4.0,28.0,4.0,131558.0,,33.88,22.09,0.39,15.39,0.074,68.4,Moderate,Alpha,2021,2,February,1,Sunday
2021-02-14,Norway,5400000,984.0,5.0,33.0,7.0,122583.0,0.8,36.85,22.95,0.39,18.21,0.093,69.36,Moderate,Alpha,2021,2,February,1,Sunday
2021-02-21,Norway,5400000,1132.0,6.0,37.0,10.0,132833.0,0.85,39.41,26.66,0.39,20.96,0.111,81.45,Moderate,Alpha,2021,2,February,1,Sunday
2021-02-28,Norway,5400000,886.0,5.0,28.0,5.0,114500.0,0.77,43.17,28.4,0.41,16.41,0.093,70.31,High,Alpha,2021,2,February,1,Sunday
2021-03-07,Norway,5400000,906.0,4.0,29.0,8.0,112882.0,0.8,45.39,31.01,0.41,16.77,0.074,71.91,Moderate,Alpha,2021,3,March,1,Sunday
2021-03-14,Norway,5400000,955.0,5.0,30.0,8.0,129479.0,0.74,48.97,32.76,0.6,17.68,0.093,70.48,Moderate,Alpha,2021,3,March,1,Sunday
2021-03-21,Norway,5400000,657.0,2.0,20.0,4.0,131761.0,0.5,52.44,35.83,0.6,12.18,0.037,61.32,Moderate,Alpha,2021,3,March,1,Sunday
2021-03-28,Norway,5400000,599.0,3.0,18.0,4.0,117854.0,0.51,55.27,38.83,0.6,11.09,0.056,57.73,Moderate,Alpha,2021,3,March,1,Sunday
2021-04-04,Norway,5400000,356.0,2.0,10.0,3.0,125554.0,0.28,57.88,40.95,0.6,6.6,0.037,50.76,Low,Alpha,2021,4,April,2,Sunday
2021-04-11,Norway,5400000,329.0,1.0,10.0,2.0,106601.0,0.31,61.36,43.17,0.6,6.08,0.019,50.25,Low,Alpha,2021,4,April,2,Sunday
2021-04-18,Norway,5400000,113.0,0.0,3.0,1.0,101170.0,0.11,63.3,46.86,0.6,2.09,0.0,48.12,Low,Alpha,2021,4,April,2,Sunday
2021-04-25,Norway,5400000,208.0,1.0,6.0,1.0,95789.0,0.22,65.34,49.44,0.75,3.85,0.019,52.91,None,Alpha,2021,4,April,2,Sunday
2021-05-02,Norway,5400000,165.0,1.0,4.0,1.0,99777.0,0.17,68.43,52.53,0.75,3.05,0.019,46.5,None,Alpha,2021,5,May,2,Sunday
2021-05-09,Norway,5400000,16.0,0.0,0.0,0.0,88430.0,0.02,69.95,54.63,1.17,0.3,0.0,42.34,None,Alpha,2021,5,May,2,Sunday
2021-05-16,Norway,5400000,166.0,1.0,4.0,1.0,89987.0,0.18,72.26,57.15,1.36,3.08,0.019,43.68,None,Alpha,2021,5,May,2,Sunday
2021-05-23,Norway,5400000,203.0,1.0,6.0,1.0,94150.0,0.22,74.56,59.78,1.36,3.77,0.019,49.62,None,Delta,2021,5,May,2,Sunday
05-30-2021,Norway,5400000,300.0,1.0,9.0,3.0,107797.0,0.28,75.94,62.16,1.36,5.55,0.019,54.52,None,Delta,2021,5,May,2,Sunday
2021-06-06,Norway,5400000,373.0,1.0,11.0,2.0,103026.0,0.36,77.8,63.8,1.44,6.91,0.019,56.26,Low,Delta,2021,6,June,2,Sunday
2021-06-13,Norway,5400000,330.0,1.0,9.0,2.0,103750.0,0.32,78.68,66.33,1.52,6.11,0.019,54.89,Low,Delta,2021,6,June,2,Sunday
2021-06-20,Norway,5400000,623.0,3.0,17.0,5.0,121578.0,0.51,80.54,67.79,1.52,11.54,0.056,58.97,Low,Delta,2021,6,June,2,Sunday
2021-06-27,Norway,5400000,692.0,2.0,19.0,3.0,105126.0,0.66,80.91,69.72,1.76,12.82,0.037,59.78,Low,Delta,2021,6,June,2,Sunday
2021-07-04,Norway,5400000,644.0,2.0,17.0,4.0,119161.0,0.54,82.83,71.55,1.76,11.92,0.037,61.13,Moderate,Delta,2021,7,July,3,Sunday
2021-07-11,Norway,5400000,648.0,2.0,17.0,5.0,126563.0,0.51,83.19,73.11,2.1,11.99,0.037,55.15,Moderate,Delta,2021,7,July,3,Sunday
2021-07-18,Norway,5400000,940.0,3.0,24.0,7.0,,0.68,84.6,74.34,2.1,17.41,0.056,62.5,Moderate,Delta,2021,7,July,3,Sunday
2021-07-25,Norway,5400000,854.0,3.0,22.0,5.0,130496.0,0.65,84.6,75.18,2.78,15.81,0.056,66.26,Moderate,Delta,2021,7,July,3,Sunday
2021-08-01,Norway,5400000,1251.0,4.0,32.0,5.0,137827.0,0.91,86.06,76.09,2.78,23.18,0.074,67.4,Moderate,Delta,2021,8,August,3,Sunday
2021-08-08,Norway,5400000,1425.0,5.0,36.0,11.0,136933.0,1.04,86.06,77.64,3.32,26.39,0.093,73.25,High,Delta,2021,8,August,3,Sunday
2021-08-15,Norway,5400000,1403.0,5.0,35.0,10.0,142440.0,0.98,86.06,78.93,3.74,25.98,0.093,74.1,Lockdown,Delta,2021,8,August,3,Sunday
2021-08-22,Norway,5400000,1309.0,4.0,32.0,6.0,,0.82,86.97,79.62,4.08,24.24,0.074,70.3,High,Delta,2021,8,August,3,Sunday
2021-08-29,Norway,5400000,1526.0,4.0,37.0,,150649.0,1.01,87.71,80.32,4.33,28.25,0.074,77.02,High,Delta,2021,8,August,3,Sunday
2021-09-05,Norway,5400000,1444.0,4.0,35.0,8.0,143496.0,1.01,87.91,80.93,4.97,26.74,0.074,76.34,High,Delta,2021,9,September,3,Sunday
2021-09-12,Norway,5400000,1143.0,4.0,28.0,5.0,140904.0,0.81,88.32,81.64,5.94,21.16,0.074,68.05,Lockdown,Delta,2021,9,September,3,Sunday
2021-09-19,Norway,5400000,1255.0,4.0,30.0,9.0,139060.0,0.9,88.47,81.8,6.08,23.23,0.074,71.94,High,Delta,2021,9,September,3,Sunday
2021-09-26,Norway,5400000,1285.0,4.0,31.0,10.0,142021.0,0.9,88.47,82.82,6.89,23.79,0.074,66.96,High,Delta,2021,9,September,3,Sunday
2021-10-03,Norway,5400000,1310.0,4.0,31.0,6.0,137566.0,0.95,88.88,83.27,7.46,24.26,0.074,68.89,High,Delta,2021,10,October,4,Sunday
2021-10-10,Norway,5400000,1012.0,3.0,24.0,7.0,126199.0,0.8,88.88,83.3,8.74,18.75,0.056,69.62,High,Delta,2021,10,October,4,Sunday
2021-10-17,Norway,5400000,1263.0,4.0,30.0,9.0,149833.0,0.84,88.88,83.88,9.33,23.38,0.074,73.33,Moderate,Delta,2021,10,October,4,Sunday
2021-10-24,Norway,5400000,1210.0,4.0,28.0,8.0,115669.0,1.05,89.15,83.88,10.04,22.41,0.074,63.66,High,Delta,2021,10,October,4,Sunday
2021-10-31,Norway,5400000,1082.0,3.0,25.0,8.0,137927.0,0.78,89.2,84.38,11.3,20.05,0.056,64.38,High,Delta,2021,10,October,4,Sunday
2021-11-07,Norway,5400000,1198.0,4.0,28.0,6.0,131424.0,0.91,89.74,84.53,12.34,22.18,0.074,67.19,High,Delta,2021,11,November,4,Sunday
2021-11-14,Norway,5400000,1393.0,4.0,32.0,10.0,121272.0,1.15,89.74,85.16,14.02,25.8,0.074,71.13,High,Delta,2021,11,November,4,Sunday
2021-11-21,Norway,5400000,1656.0,1.0,18.0,3.0,139904.0,1.18,89.74,85.16,14.87,30.67,0.019,61.92,High,Omicron,2021,11,November,4,Sunday
2021-11-28,Norway,5400000,1605.0,2.0,18.0,4.0,149597.0,1.07,89.74,85.4,15.83,29.71,0.037,63.34,Lockdown,Omicron,2021,11,November,4,Sunday
2021-12-05,Norway,5400000,2038.0,2.0,23.0,6.0,165623.0,1.23,90.17,85.4,17.83,37.73,0.037,62.89,Lockdown,Omicron,2021,12,December,4,Sunday
2021-12-12,Norway,5400000,2247.0,2.0,25.0,4.0,181330.0,1.24,90.17,85.4,19.74,41.62,0.037,67.22,High,Omicron,2021,12,December,4,Sunday
2021-12-19,Norway,5400000,2043.0,2.0,23.0,6.0,175112.0,1.17,90.17,85.47,21.15,37.84,0.037,64.41,High,Omicron,2021,12,December,4,Sunday
2021-12-26,Norway,5400000,2153.0,2.0,24.0,6.0,147277.0,1.46,90.17,85.69,22.11,39.86,0.037,63.55,Lockdown,Omicron,2021,12,December,4,Sunday
2022-01-02,Norway,5400000,2460.0,2.0,27.0,6.0,183582.0,1.34,90.17,85.77,24.08,45.56,0.037,61.79,Lockdown,Omicron,2022,1,January,1,Sunday
2022-01-09,Norway,5400000,2243.0,2.0,25.0,6.0,181020.0,1.24,90.17,85.86,25.92,41.54,0.037,66.96,High,Omicron,2022,1,January,1,Sunday
2022-01-16,Norway,5400000,2192.0,2.0,24.0,4.0,172340.0,1.27,90.2,85.86,27.73,40.59,0.037,65.12,Lockdown,Omicron,2022,1,January,1,Sunday
2022-01-23,Norway,5400000,1909.0,2.0,21.0,4.0,166475.0,1.15,90.2,85.86,29.69,35.35,0.037,62.15,Lockdown,Omicron,2022,1,January,1,Sunday
2022-01-30,Norway,5400000,1413.0,1.0,16.0,3.0,121513.0,1.16,90.2,85.86,,26.17,0.019,54.67,Lockdown,Omicron,2022,1,January,1,Sunday
2022-02-06,Norway,5400000,1354.0,1.0,15.0,5.0,130553.0,1.04,90.2,85.86,33.02,25.08,0.019,61.21,High,Omicron,2022,2,February,1,Sunday
2022-02-13,Norway,5400000,1371.0,1.0,15.0,4.0,157910.0,0.87,90.39,86.05,35.43,25.4,0.019,56.69,High,Omicron,2022,2,February,1,Sunday
2022-02-20,Norway,5400000,1243.0,1.0,14.0,3.0,135043.0,0.92,90.39,86.05,36.65,23.02,0.019,52.64,High,Omicron,2022,2,February,1,Sunday
2022-02-27,Norway,5400000,910.0,1.0,10.0,3.0,149789.0,0.61,90.39,86.48,38.55,16.86,0.019,49.0,High,Omicron,2022,2,February,1,Sunday
2022-03-06,Norway,5400000,618.0,1.0,7.0,2.0,105521.0,0.59,90.39,86.48,40.22,11.44,0.019,51.51,Moderate,Omicron,2022,3,March,1,Sunday
2022-03-13,Norway,5400000,521.0,0.0,6.0,1.0,128652.0,0.4,90.39,86.48,42.46,9.64,0.0,50.78,Low,Omicron,2022,3,March,1,Sunday
2022-03-20,Norway,5400000,522.0,0.0,6.0,1.0,108789.0,0.48,90.39,86.87,43.97,9.66,0.0,47.85,Low,Omicron,2022,3,March,1,Sunday
2022-03-27,Norway,5400000,521.0,0.0,6.0,1.0,122231.0,0.43,90.62,86.87,45.8,9.64,0.0,50.17,Low,Omicron,2022,3,March,1,Sunday
2022-04-03,Norway,5400000,291.0,0.0,3.0,1.0,104261.0,0.28,90.62,86.87,46.82,5.39,0.0,48.25,Low,Omicron,2022,4,April,2,Sunday
2022-04-10,Norway,5400000,283.0,0.0,3.0,1.0,107498.0,0.26,90.62,86.87,48.12,5.24,0.0,46.93,Low,Omicron,2022,4,April,2,Sunday
2022-04-17,Norway,5400000,256.0,0.0,3.0,1.0,110668.0,0.23,90.62,86.87,49.72,4.74,0.0,44.82,Low,Omicron,2022,4,April,2,Sunday
2022-04-24,Norway,5400000,454.0,0.0,5.0,1.0,106660.0,0.43,90.62,86.87,51.08,8.42,0.0,50.6,None,Omicron,2022,4,April,2,Sunday
2022-05-01,Norway,5400000,633.0,1.0,7.0,2.0,125618.0,0.5,90.62,86.87,52.4,11.73,0.019,51.92,Low,Omicron,2022,5,May,2,Sunday
2022-05-08,Norway,5400000,302.0,0.0,3.0,1.0,104862.0,0.29,90.62,86.87,52.95,5.59,0.0,48.0,Moderate,Omicron,2022,5,May,2,Sunday
2022-05-15,Norway,5400000,584.0,0.0,6.0,2.0,118083.0,0.49,90.62,86.87,54.63,10.81,0.0,,Low,Omicron,2022,5,May,2,Sunday
2022-05-22,Norway,5400000,499.0,0.0,5.0,1.0,89574.0,0.56,90.77,86.87,55.18,9.23,0.0,44.87,Low,Omicron,2022,5,May,2,Sunday
2022-05-29,Norway,5400000,795.0,1.0,9.0,1.0,120041.0,0.66,90.77,86.87,56.14,14.72,0.019,51.63,Low,Omicron,2022,5,May,2,Sunday
2022-06-05,Norway,5400000,698.0,1.0,8.0,2.0,132312.0,0.53,90.77,86.87,57.5,12.92,0.019,52.96,Moderate,Omicron,2022,6,June,2,Sunday
2022-06-12,Norway,5400000,802.0,1.0,9.0,2.0,130482.0,0.61,90.77,86.87,57.5,14.86,0.019,54.04,Moderate,Omicron,2022,6,June,2,Sunday
2022-06-19,Norway,5400000,1117.0,1.0,10.0,2.0,143474.0,0.78,90.77,86.87,58.66,20.68,0.019,53.71,Moderate,Omicron (BA.5),2022,6,June,2,Sunday
2022-06-26,Norway,5400000,1051.0,1.0,9.0,2.0,132357.0,0.79,90.77,86.87,59.28,19.46,0.019,50.32,High,Omicron (BA.5),2022,6,June,2,Sunday
2022-07-03,Norway,5400000,1068.0,,10.0,2.0,150126.0,0.71,90.77,86.87,59.5,19.78,0.019,50.24,High,Omicron (BA.5),2022,7,July,3,Sunday
2022-07-10,Norway,5400000,1028.0,1.0,9.0,2.0,134055.0,0.77,90.77,86.87,60.12,19.03,0.019,51.4,High,Omicron (BA.5),2022,7,July,3,Sunday
2022-07-17,Norway,5400000,1006.0,1.0,9.0,2.0,123436.0,0.81,90.77,86.87,61.09,18.63,0.019,51.42,High,Omicron (BA.5),2022,7,July,3,Sunday
2022-07-24,Norway,5400000,817.0,1.0,7.0,2.0,132602.0,0.62,90.77,87.1,61.73,15.14,0.019,52.59,Moderate,Omicron (BA.5),2022,7,July,3,Sunday
2022-07-31,Norway,5400000,818.0,1.0,7.0,2.0,133280.0,0.61,90.77,87.1,61.83,15.14,0.019,48.62,Moderate,Omicron (BA.5),2022,7,July,3,Sunday
2022-08-07,Norway,5400000,736.0,1.0,7.0,1.0,127544.0,0.58,90.77,87.1,,13.63,0.019,48.83,Moderate,Omicron (BA.5),2022,8,August,3,Sunday
2022-08-14,Norway,5400000,817.0,1.0,7.0,2.0,120084.0,0.68,90.77,87.1,62.42,15.12,0.019,54.96,Moderate,Omicron (BA.5),2022,8,August,3,Sunday
2022-08-21,Norway,5400000,577.0,0.0,5.0,1.0,118804.0,0.49,90.77,87.1,62.42,10.68,0.0,52.08,Moderate,Omicron (BA.5),2022,8,August,3,Sunday
2022-08-28,Norway,5400000,531.0,0.0,5.0,1.0,127467.0,0.42,90.77,87.1,62.67,9.83,0.0,45.99,Low,Omicron (BA.5),2022,8,August,3,Sunday
2022-09-04,Norway,5400000,439.0,,4.0,1.0,115923.0,0.38,90.77,87.1,63.15,8.13,0.0,51.06,Low,Omicron (BA.5),2022,9,September,3,Sunday
2022-09-11,Norway,5400000,544.0,0.0,5.0,1.0,101493.0,0.54,90.77,87.1,63.15,10.07,0.0,,Low,Omicron (BA.5),2022,9,September,3,Sunday
2022-09-18,Norway,5400000,279.0,0.0,2.0,1.0,101027.0,0.28,90.77,87.1,63.15,5.16,0.0,44.68,Low,Omicron (BA.5),2022,9,September,3,Sunday
2022-09-25,Norway,5400000,197.0,0.0,2.0,0.0,98083.0,0.2,90.77,87.1,63.21,3.65,0.0,44.97,Low,Omicron (BA.5),2022,9,September,3,Sunday
2022-10-02,Norway,5400000,400.0,0.0,4.0,1.0,103724.0,0.39,90.77,87.1,63.7,7.42,0.0,47.19,None,Omicron (BA.5),2022,10,October,4,Sunday
2022-10-09,Norway,5400000,276.0,0.0,2.0,1.0,88333.0,0.31,90.77,87.1,63.79,5.11,0.0,47.32,Low,Omicron (BA.5),2022,10,October,4,Sunday
2022-10-16,Norway,5400000,229.0,0.0,2.0,0.0,120571.0,,90.77,87.1,63.79,4.24,0.0,46.03,Low,Omicron (BA.5),2022,10,October,4,Sunday
2022-10-23,Norway,5400000,22.0,0.0,0.0,0.0,91054.0,0.02,90.77,87.1,63.99,0.4,0.0,45.68,None,Omicron (BA.5),2022,10,October,4,Sunday
2022-10-30,Norway,5400000,16.0,0.0,0.0,0.0,91448.0,0.02,90.77,87.1,63.99,0.3,0.0,43.14,None,Omicron (BA.5),2022,10,October,4,Sunday
2022-11-06,Norway,5400000,16.0,0.0,0.0,0.0,82552.0,0.02,90.77,87.1,63.99,0.3,0.0,45.08,None,Omicron (BA.5),2022,11,November,4,Sunday
2022-11-13,Norway,5400000,130.0,0.0,1.0,0.0,108500.0,0.12,90.77,87.1,63.99,2.4,0.0,45.15,None,Omicron (BA.5),2022,11,November,4,Sunday
2022-11-20,Norway,5400000,24.0,0.0,0.0,0.0,97277.0,0.02,90.77,87.1,64.21,0.44,0.0,40.67,None,Omicron (BA.5),2022,11,November,4,Sunday
2022-11-27,Norway,5400000,16.0,0.0,0.0,0.0,94990.0,0.02,90.77,87.1,64.21,0.3,0.0,45.35,None,Omicron (BA.5),2022,11,November,4,Sunday
2022-12-04,Norway,5400000,137.0,0.0,1.0,0.0,99288.0,0.14,90.77,87.1,64.57,2.54,0.0,45.2,None,Omicron (BA.5),2022,12,December,4,Sunday
2022-12-11,Norway,5400000,16.0,0.0,0.0,0.0,102329.0,0.02,90.77,87.1,64.57,0.3,0.0,42.36,None,Omicron (BA.5),2022,12,December,4,Sunday
2022-12-18,Norway,5400000,16.0,0.0,0.0,0.0,93980.0,0.02,90.77,87.1,64.57,0.3,0.0,43.08,None,Omicron (BA.5),2022,12,December,4,Sunday
2022-12-25,Norway,5400000,16.0,0.0,0.0,0.0,82183.0,0.02,90.77,87.1,65.02,0.3,0.0,43.14,None,Omicron (BA.5),2022,12,December,4,Sunday
2021-01-03,Pakistan,231400000,23598.0,271.0,1415.0,404.0,664929.0,3.55,12.81,8.73,0.28,10.2,0.117,35.21,Low,Alpha,2021,1,January,1,Sunday
2021-01-10,Pakistan,231400000,35508.0,415.0,2117.0,446.0,661887.0,5.36,13.6,9.78,0.28,15.34,0.179,40.25,Low,Alpha,2021,1,January,1,Sunday
2021-01-17,Pakistan,231400000,53873.0,603.0,3198.0,523.0,672222.0,8.01,14.09,10.51,0.28,23.28,0.261,43.82,Low,Alpha,2021,1,January,1,Sunday
2021-01-24,Pakistan,231400000,66598.0,817.0,3953.0,1248.0,634950.0,10.49,14.82,10.51,0.89,28.78,0.353,46.08,Moderate,Alpha,2021,1,January,1,Sunday
2021-01-31,Pakistan,231400000,72698.0,754.0,4306.0,1007.0,828303.0,8.78,15.03,10.89,0.89,31.42,0.326,47.6,Moderate,Alpha,2021,1,January,1,Sunday
2021-02-07,Pakistan,231400000,80477.0,816.0,4742.0,999.0,710314.0,11.33,16.67,11.79,0.89,34.78,0.353,49.59,Moderate,Alpha,2021,2,February,1,Sunday
2021-02-14,Pakistan,231400000,82746.0,1003.0,4863.0,1372.0,718470.0,11.52,16.87,12.21,0.89,35.76,0.433,46.92,Moderate,Alpha,2021,2,February,1,Sunday
2021-02-21,Pakistan,231400000,95748.0,1048.0,5615.0,1482.0,772643.0,12.39,17.42,12.59,0.89,41.38,0.453,52.9,Moderate,Alpha,2021,2,February,1,Sunday
2021-02-28,Pakistan,231400000,89490.0,1109.0,5237.0,823.0,759589.0,11.78,18.44,12.95,0.89,38.67,0.479,54.0,High,Alpha,2021,2,February,1,Sunday
2021-03-07,Pakistan,231400000,74678.0,941.0,4342.0,1359.0,756271.0,9.87,19.27,14.01,0.89,32.27,0.407,51.78,High,Alpha,2021,3,March,1,Sunday
2021-03-14,Pakistan,231400000,73597.0,880.0,4262.0,1042.0,747094.0,9.85,20.01,14.71,0.89,31.8,0.38,47.58,Moderate,Alpha,2021,3,March,1,Sunday
2021-03-21,Pakistan,231400000,50837.0,671.0,2934.0,534.0,638603.0,7.96,21.34,15.28,0.89,21.97,0.29,46.74,Moderate,Alpha,2021,3,March,1,Sunday
2021-03-28,Pakistan,231400000,44959.0,537.0,2587.0,395.0,657662.0,6.84,22.26,15.76,0.92,19.43,0.232,41.82,Low,Alpha,2021,3,March,1,Sunday
2021-04-04,Pakistan,231400000,52180.0,645.0,2997.0,731.0,701733.0,7.44,22.26,16.08,0.92,22.55,0.279,43.82,Low,Alpha,2021,4,April,2,Sunday
2021-04-11,Pakistan,231400000,32224.0,381.0,1839.0,462.0,594466.0,5.42,23.57,17.14,0.92,13.93,0.165,42.42,Low,Alpha,2021,4,April,2,Sunday
2021-04-18,Pakistan,231400000,18846.0,232.0,1071.0,179.0,666844.0,2.83,24.49,17.78,0.92,8.14,0.1,38.44,Low,Alpha,2021,4,April,2,Sunday
2021-04-25,Pakistan,231400000,22329.0,243.0,1268.0,308.0,604512.0,3.69,25.47,17.98,0.92,9.65,0.105,36.67,None,Alpha,2021,4,April,2,Sunday
2021-05-02,Pakistan,231400000,12395.0,135.0,699.0,156.0,657766.0,1.88,26.94,18.96,0.95,5.36,0.058,40.31,Low,Alpha,2021,5,May,2,Sunday
2021-05-09,Pakistan,231400000,14709.0,155.0,826.0,185.0,522857.0,2.81,27.09,19.85,0.95,6.36,0.067,36.51,None,Alpha,2021,5,May,2,Sunday
05-16-2021,Pakistan,231400000,10579.0,119.0,592.0,187.0,609440.0,1.74,28.71,20.41,0.95,4.57,0.051,36.63,None,Alpha,2021,5,May,2,Sunday
2021-05-23,Pakistan,231400000,18544.0,255.0,1192.0,239.0,554470.0,3.34,29.1,20.54,0.95,8.01,0.11,42.26,None,Delta,2021,5,May,2,Sunday
2021-05-30,Pakistan,231400000,18857.0,306.0,1204.0,362.0,567360.0,3.32,30.52,21.64,0.95,8.15,0.132,40.99,None,Delta,2021,5,May,2,Sunday
2021-06-06,Pakistan,231400000,23314.0,338.0,1482.0,309.0,651695.0,3.58,30.85,22.33,0.95,10.08,0.146,40.87,None,Delta,2021,6,June,2,Sunday
2021-06-13,Pakistan,231400000,37476.0,496.0,2366.0,427.0,627813.0,5.97,31.71,23.41,0.95,16.2,0.214,39.23,Low,Delta,2021,6,June,2,Sunday
2021-06-20,Pakistan,231400000,38558.0,532.0,2414.0,425.0,775318.0,4.97,32.71,24.73,0.95,16.66,0.23,40.13,Low,Delta,2021,6,June,2,Sunday
2021-06-27,Pakistan,231400000,54406.0,812.0,3406.0,1056.0,705590.0,7.71,33.97,24.73,0.95,23.51,0.351,46.82,Low,Delta,2021,6,June,2,Sunday
2021-07-04,Pakistan,231400000,60258.0,903.0,3766.0,580.0,652208.0,9.24,34.49,25.0,0.95,26.04,0.39,48.41,Moderate,Delta,2021,7,July,3,Sunday
2021-07-11,Pakistan,231400000,63670.0,902.0,3953.0,740.0,727351.0,8.75,35.35,26.01,0.95,27.52,0.39,47.99,Moderate,Delta,2021,7,July,3,Sunday
2021-07-18,Pakistan,231400000,84908.0,976.0,5246.0,1091.0,731841.0,11.6,36.3,26.76,0.95,36.69,0.422,49.8,Moderate,Delta,2021,7,July,3,Sunday
2021-07-25,Pakistan,231400000,95284.0,1417.0,5853.0,1531.0,820500.0,11.61,36.66,27.67,0.95,41.18,0.612,51.43,High,Delta,2021,7,July,3,Sunday
2021-08-01,Pakistan,231400000,110839.0,1654.0,6772.0,1448.0,785159.0,14.12,37.81,28.5,0.95,47.9,0.715,55.81,High,Delta,2021,8,August,3,Sunday
2021-08-08,Pakistan,231400000,101732.0,1492.0,6186.0,949.0,809267.0,12.57,38.3,29.22,0.97,43.96,0.645,50.5,High,Delta,2021,8,August,3,Sunday
2021-08-15,Pakistan,231400000,103483.0,1430.0,6276.0,1493.0,800205.0,12.93,39.68,29.63,0.97,44.72,0.618,54.11,High,Delta,2021,8,August,3,Sunday
2021-08-22,Pakistan,231400000,126107.0,1416.0,7623.0,2290.0,843756.0,14.95,40.09,30.12,1.07,54.5,0.612,54.19,High,Delta,2021,8,August,3,Sunday
2021-08-29,Pakistan,231400000,130620.0,1919.0,7840.0,2358.0,919356.0,14.21,40.89,31.21,1.07,56.45,0.829,55.64,High,Delta,2021,8,August,3,Sunday
2021-09-05,Pakistan,231400000,124782.0,1405.0,7485.0,2385.0,714989.0,17.45,40.89,31.29,1.55,53.92,0.607,57.72,Lockdown,Delta,2021,9,September,3,Sunday
2021-09-12,Pakistan,231400000,119329.0,1371.0,7123.0,1483.0,829700.0,14.38,42.24,32.03,1.55,51.57,0.592,57.71,High,Delta,2021,9,September,3,Sunday
2021-09-19,Pakistan,231400000,105446.0,1399.0,6273.0,1072.0,747676.0,14.1,42.62,32.54,1.62,45.57,0.605,54.73,High,Delta,2021,9,September,3,Sunday
2021-09-26,Pakistan,231400000,95302.0,1203.0,5668.0,917.0,686327.0,13.89,42.86,32.56,1.62,41.18,0.52,49.39,High,Delta,2021,9,September,3,Sunday
2021-10-03,Pakistan,231400000,100461.0,1359.0,5911.0,1758.0,728575.0,13.79,43.92,34.16,1.62,43.41,0.587,48.18,High,Delta,2021,10,October,4,Sunday
2021-10-10,Pakistan,231400000,81221.0,1058.0,4767.0,,701142.0,11.58,44.01,34.54,1.69,35.1,0.457,49.62,High,Delta,2021,10,October,4,Sunday
2021-10-17,Pakistan,231400000,90215.0,962.0,5295.0,1359.0,743641.0,12.13,45.2,34.54,1.69,38.99,0.416,46.38,Moderate,Delta,2021,10,October,4,Sunday
2021-10-24,Pakistan,231400000,102424.0,1322.0,5964.0,1398.0,806516.0,12.7,45.97,35.71,1.69,44.26,0.571,55.36,High,Delta,2021,10,October,4,Sunday
31/10/2021,Pakistan,231400000,96307.0,1318.0,5603.0,1276.0,805064.0,11.96,45.97,35.83,1.72,41.62,0.57,49.29,High,Delta,2021,10,October,4,Sunday
2021-11-07,Pakistan,231400000,113809.0,1541.0,6581.0,1540.0,784348.0,14.51,46.52,36.71,2.09,49.18,0.666,60.32,High,Delta,2021,11,November,4,Sunday
2021-11-14,Pakistan,231400000,108084.0,1185.0,6241.0,1322.0,899196.0,12.02,46.95,36.92,2.09,46.71,0.512,51.38,High,Delta,2021,11,November,4,Sunday
2021-11-21,Pakistan,231400000,128527.0,461.0,3549.0,819.0,818859.0,15.7,46.95,36.95,2.28,55.54,0.199,47.38,High,Omicron,2021,11,November,4,Sunday
2021-11-28,Pakistan,231400000,139847.0,462.0,3838.0,713.0,733974.0,,48.13,37.81,2.28,60.44,0.2,45.2,High,Omicron,2021,11,November,4,Sunday
2021-12-05,Pakistan,231400000,149671.0,599.0,4104.0,698.0,866829.0,17.27,48.44,37.96,2.28,64.68,0.259,47.36,High,Omicron,2021,12,December,4,Sunday
2021-12-12,Pakistan,231400000,180105.0,693.0,4927.0,916.0,963354.0,18.7,49.25,38.28,2.35,77.83,0.299,50.55,High,Omicron,2021,12,December,4,Sunday
2021-12-19,Pakistan,231400000,206128.0,752.0,5599.0,1764.0,751568.0,27.43,49.25,39.3,2.56,89.08,0.325,54.13,High,Omicron,2021,12,December,4,Sunday
2021-12-26,Pakistan,231400000,194781.0,670.0,5282.0,1682.0,1088563.0,17.89,49.25,39.54,3.17,84.18,0.29,53.64,Lockdown,Omicron,2021,12,December,4,Sunday
2022-01-02,Pakistan,231400000,184249.0,727.0,4972.0,1381.0,961356.0,19.17,49.82,40.24,3.17,79.62,0.314,52.04,Lockdown,Omicron,2022,1,January,1,Sunday
2022-01-09,Pakistan,231400000,177807.0,702.0,4798.0,1403.0,866570.0,20.52,50.36,40.24,3.17,76.84,0.303,52.33,High,Omicron,2022,1,January,1,Sunday
2022-01-16,Pakistan,231400000,167056.0,605.0,4508.0,756.0,858968.0,19.45,50.36,40.24,3.17,72.19,0.261,47.38,High,Omicron,2022,1,January,1,Sunday
23 Jan 2022,Pakistan,231400000,154899.0,495.0,4157.0,710.0,958174.0,16.17,50.81,40.99,3.17,66.94,0.214,49.55,Lockdown,Omicron,2022,1,January,1,Sunday
2022-01-30,Pakistan,231400000,147715.0,526.0,3965.0,657.0,949735.0,15.55,50.81,40.99,3.17,63.84,0.227,46.54,High,Omicron,2022,1,January,1,Sunday
2022-02-06,Pakistan,231400000,136575.0,548.0,3657.0,588.0,817260.0,16.71,51.5,41.31,3.26,59.02,0.237,49.0,Lockdown,Omicron,2022,2,February,1,Sunday
2022-02-13,Pakistan,231400000,100800.0,369.0,2689.0,745.0,,14.46,51.54,41.84,3.83,43.56,0.159,44.1,Lockdown,Omicron,2022,2,February,1,Sunday
2022-02-20,Pakistan,231400000,84454.0,324.0,2252.0,359.0,752777.0,11.22,51.54,41.91,4.36,36.5,0.14,44.14,High,Omicron,2022,2,February,1,Sunday
2022-02-27,Pakistan,231400000,66660.0,223.0,1776.0,553.0,722758.0,9.22,51.84,42.05,4.48,28.81,0.096,41.98,High,Omicron,2022,2,February,1,Sunday
2022-03-06,Pakistan,231400000,51130.0,173.0,1362.0,356.0,700463.0,7.3,51.84,42.05,4.48,22.1,0.075,41.99,Moderate,Omicron,2022,3,March,1,Sunday
2022-03-13,Pakistan,231400000,40007.0,125.0,1059.0,190.0,616118.0,6.49,51.93,42.96,4.48,17.29,0.054,37.22,Low,Omicron,2022,3,March,1,Sunday
2022-03-20,Pakistan,231400000,34207.0,115.0,905.0,262.0,625987.0,5.46,52.49,42.96,4.54,14.78,0.05,34.88,Low,Omicron,2022,3,March,1,Sunday
2022-03-27,Pakistan,231400000,27525.0,87.0,727.0,211.0,618153.0,4.45,52.49,43.29,4.54,11.89,0.038,40.78,Low,Omicron,2022,3,March,1,Sunday
2022-04-03,Pakistan,231400000,21772.0,77.0,574.0,141.0,650978.0,3.34,52.98,43.45,5.25,9.41,0.033,41.24,Low,Omicron,2022,4,April,2,Sunday
2022-04-10,Pakistan,231400000,26774.0,90.0,704.0,116.0,680926.0,3.93,52.98,43.82,5.8,11.57,0.039,37.95,None,Omicron,2022,4,April,2,Sunday
2022-04-17,Pakistan,231400000,27560.0,106.0,725.0,158.0,696279.0,3.96,52.98,43.82,5.8,11.91,0.046,40.33,Low,Omicron,2022,4,April,2,Sunday
2022-04-24,Pakistan,231400000,30739.0,104.0,808.0,197.0,689435.0,4.46,53.35,43.82,5.8,13.28,0.045,34.46,Low,Omicron,2022,4,April,2,Sunday
2022-05-01,Pakistan,231400000,35660.0,114.0,938.0,259.0,727610.0,4.9,53.35,43.82,6.12,15.41,0.049,37.35,Low,Omicron,2022,5,May,2,Sunday
2022-05-08,Pakistan,231400000,39516.0,121.0,1038.0,208.0,696285.0,5.68,53.35,43.99,6.56,17.08,0.052,39.39,Low,Omicron,2022,5,May,2,Sunday
2022-05-15,Pakistan,231400000,52815.0,,1383.0,413.0,642165.0,8.22,53.4,44.4,7.19,22.82,0.073,35.81,Low,Omicron,2022,5,May,2,Sunday
2022-05-22,Pakistan,231400000,56104.0,206.0,1469.0,283.0,764910.0,7.33,53.45,44.4,7.22,24.25,0.089,36.57,Low,Omicron,2022,5,May,2,Sunday
2022-05-29,Pakistan,231400000,67679.0,243.0,1769.0,566.0,629429.0,10.75,53.91,44.66,7.79,29.25,0.105,41.63,Moderate,Omicron,2022,5,May,2,Sunday
2022-06-05,Pakistan,231400000,63540.0,226.0,1655.0,281.0,830055.0,7.65,53.91,45.13,7.91,27.46,0.098,39.4,Moderate,Omicron,2022,6,June,2,Sunday
2022-06-12,Pakistan,231400000,70964.0,270.0,1849.0,539.0,658929.0,10.77,53.91,45.13,,30.67,0.117,40.59,Moderate,Omicron,2022,6,June,2,Sunday
2022-06-19,Pakistan,231400000,75727.0,193.0,1614.0,278.0,776892.0,9.75,53.91,45.13,8.34,32.73,0.083,39.78,Moderate,Omicron (BA.5),2022,6,June,2,Sunday
2022-06-26,Pakistan,231400000,85089.0,232.0,1814.0,506.0,832641.0,10.22,53.91,45.13,8.78,36.77,0.1,38.15,Moderate,Omicron (BA.5),2022,6,June,2,Sunday
2022-07-03,Pakistan,231400000,81040.0,201.0,1727.0,512.0,764402.0,10.6,54.4,45.13,8.98,35.02,0.087,40.57,High,Omicron (BA.5),2022,7,July,3,Sunday
2022-07-10,Pakistan,231400000,70457.0,177.0,1497.0,304.0,596508.0,11.81,54.4,45.61,9.92,30.45,0.076,40.43,Moderate,Omicron (BA.5),2022,7,July,3,Sunday
2022-07-17,Pakistan,231400000,84193.0,222.0,1788.0,299.0,687939.0,12.24,54.4,45.61,10.05,36.38,0.096,39.83,Moderate,Omicron (BA.5),2022,7,July,3,Sunday
2022-07-24,Pakistan,231400000,78019.0,227.0,1657.0,530.0,751380.0,10.38,54.61,45.61,10.05,33.72,0.098,39.66,Moderate,Omicron (BA.5),2022,7,July,3,Sunday
2022-07-31,Pakistan,231400000,61859.0,186.0,1314.0,414.0,729549.0,8.48,54.61,45.61,11.09,26.73,0.08,39.45,Moderate,Omicron (BA.5),2022,7,July,3,Sunday
2022-08-07,Pakistan,231400000,68537.0,177.0,1456.0,406.0,699094.0,9.8,54.61,45.61,11.66,29.62,0.076,42.4,Moderate,Omicron (BA.5),2022,8,August,3,Sunday
2022-08-14,Pakistan,231400000,48089.0,127.0,1019.0,220.0,667274.0,7.21,54.61,45.9,11.66,20.78,0.055,38.89,Moderate,Omicron (BA.5),2022,8,August,3,Sunday
2022-08-21,Pakistan,231400000,54220.0,165.0,1146.0,,597528.0,9.07,54.76,46.22,12.37,23.43,0.071,34.67,Low,Omicron (BA.5),2022,8,August,3,Sunday
2022-08-28,Pakistan,231400000,33928.0,100.0,717.0,159.0,721181.0,4.7,54.76,46.22,12.6,14.66,0.043,35.3,Moderate,Omicron (BA.5),2022,8,August,3,Sunday
2022-09-04,Pakistan,231400000,34061.0,98.0,720.0,196.0,612730.0,5.56,54.76,46.22,12.6,14.72,0.042,40.62,Low,Omicron (BA.5),2022,9,September,3,Sunday
2022-09-11,Pakistan,231400000,25154.0,66.0,532.0,94.0,650444.0,3.87,54.76,46.22,14.15,10.87,0.029,36.05,Low,Omicron (BA.5),2022,9,September,3,Sunday
2022-09-18,Pakistan,231400000,13889.0,36.0,294.0,45.0,652405.0,2.13,55.0,46.27,14.15,6.0,0.016,36.87,Low,Omicron (BA.5),2022,9,September,3,Sunday
2022-09-25,Pakistan,231400000,26095.0,76.0,552.0,168.0,557218.0,4.68,55.0,46.27,14.55,11.28,0.033,42.63,None,Omicron (BA.5),2022,9,September,3,Sunday
2022-10-02,Pakistan,231400000,9383.0,22.0,198.0,53.0,582330.0,1.61,55.0,46.27,14.78,4.05,0.01,38.4,Low,Omicron (BA.5),2022,10,October,4,Sunday
2022-10-09,Pakistan,231400000,9221.0,25.0,195.0,52.0,588875.0,1.57,55.0,46.27,15.35,3.98,0.011,31.44,None,Omicron (BA.5),2022,10,October,4,Sunday
2022-10-16,Pakistan,231400000,7755.0,18.0,164.0,51.0,560948.0,1.38,55.0,46.27,15.96,3.35,0.008,40.34,None,Omicron (BA.5),2022,10,October,4,Sunday
2022-10-23,Pakistan,231400000,3588.0,10.0,76.0,18.0,605215.0,0.59,55.0,46.27,16.08,1.55,0.004,36.86,None,Omicron (BA.5),2022,10,October,4,Sunday
2022-10-30,Pakistan,231400000,6869.0,19.0,145.0,30.0,540314.0,1.27,55.0,46.27,17.38,2.97,0.008,37.6,None,Omicron (BA.5),2022,10,October,4,Sunday
2022-11-06,Pakistan,231400000,694.0,2.0,15.0,5.0,559368.0,0.12,55.0,46.27,17.61,0.3,0.001,37.07,None,Omicron (BA.5),2022,11,November,4,Sunday
2022-11-13,Pakistan,231400000,3745.0,10.0,79.0,25.0,547040.0,0.68,55.0,46.69,17.99,1.62,0.004,38.77,None,Omicron (BA.5),2022,11,November,4,Sunday
2022-11-20,Pakistan,231400000,2836.0,7.0,60.0,9.0,666232.0,0.43,55.0,46.69,18.28,1.23,0.003,36.24,None,Omicron (BA.5),2022,11,November,4,Sunday
2022-11-27,Pakistan,231400000,694.0,2.0,15.0,3.0,527389.0,0.13,55.36,46.69,18.57,0.3,0.001,32.61,None,Omicron (BA.5),2022,11,November,4,Sunday
2022-12-04,Pakistan,231400000,1712.0,5.0,36.0,8.0,592529.0,0.29,55.36,46.69,19.59,0.74,0.002,37.18,None,Omicron (BA.5),2022,12,December,4,Sunday
2022-12-11,Pakistan,231400000,694.0,2.0,15.0,3.0,636965.0,,55.36,46.69,19.94,0.3,0.001,32.86,None,Omicron (BA.5),2022,12,December,4,Sunday
2022-12-18,Pakistan,231400000,694.0,2.0,15.0,3.0,516002.0,0.13,55.36,46.69,20.11,0.3,0.001,40.85,None,Omicron (BA.5),2022,12,December,4,Sunday
2022-12-25,Pakistan,231400000,1490.0,,31.0,5.0,562966.0,0.26,55.36,46.69,20.37,0.64,0.002,35.45,None,Omicron (BA.5),2022,12,December,4,Sunday
2021-01-03,Peru,33700000,6413.0,128.0,342.0,73.0,264427.0,2.43,19.08,12.29,0.27,19.03,0.38,50.87,Low,Alpha,2021,1,January,1,Sunday
2021-01-10,Peru,33700000,6279.0,97.0,332.0,77.0,238064.0,2.64,20.39,13.64,0.27,18.63,0.288,54.44,Low,Alpha,2021,1,January,1,Sunday
2021-01-17,Peru,33700000,9843.0,173.0,517.0,107.0,244806.0,4.02,22.05,14.93,0.27,29.21,0.513,56.67,Low,Alpha,2021,1,January,1,Sunday
2021-01-24,Peru,33700000,13162.0,214.0,685.0,202.0,257186.0,5.12,23.44,16.24,0.27,39.06,0.635,57.65,Low,Alpha,2021,1,January,1,Sunday
2021-01-31,Peru,33700000,15541.0,,805.0,163.0,258090.0,6.02,25.2,17.2,0.49,46.12,0.884,56.67,Moderate,Alpha,2021,1,January,1,Sunday
2021-02-07,Peru,33700000,16348.0,308.0,842.0,160.0,310275.0,5.27,26.74,18.07,0.49,48.51,0.914,61.47,Moderate,Alpha,2021,2,February,1,Sunday
2021-02-14,Peru,33700000,17988.0,332.0,919.0,171.0,269804.0,6.67,28.46,19.44,0.49,53.38,0.985,61.35,Moderate,Alpha,2021,2,February,1,Sunday
2021-02-21,Peru,33700000,18600.0,303.0,943.0,206.0,279705.0,6.65,30.15,20.61,0.49,55.19,0.899,64.54,High,Alpha,2021,2,February,1,Sunday
2021-02-28,Peru,33700000,17481.0,328.0,877.0,224.0,236071.0,7.4,32.2,22.39,0.49,51.87,0.973,60.9,High,Alpha,2021,2,February,1,Sunday
2021-03-07,Peru,33700000,17362.0,319.0,864.0,252.0,257648.0,6.74,34.08,23.68,0.59,51.52,0.947,,Moderate,Alpha,2021,3,March,1,Sunday
2021-03-14,Peru,33700000,13655.0,231.0,672.0,206.0,245370.0,5.57,36.65,25.33,0.77,40.52,0.685,55.18,Moderate,Alpha,2021,3,March,1,Sunday
2021-03-21,Peru,33700000,11490.0,191.0,563.0,92.0,257692.0,4.46,38.35,26.09,0.77,34.1,0.567,55.68,Moderate,Alpha,2021,3,March,1,Sunday
2021-03-28,Peru,33700000,8749.0,131.0,423.0,67.0,222399.0,3.93,39.98,27.98,0.77,25.96,0.389,54.59,Moderate,Alpha,2021,3,March,1,Sunday
2021-04-04,Peru,33700000,7253.0,120.0,346.0,73.0,232028.0,3.13,41.86,30.3,0.77,21.52,0.356,50.07,Low,Alpha,2021,4,April,2,Sunday
2021-04-11,Peru,33700000,5695.0,98.0,269.0,77.0,214012.0,2.66,44.13,31.45,0.77,16.9,0.291,49.75,Low,Alpha,2021,4,April,2,Sunday
2021-04-18,Peru,33700000,4109.0,59.0,193.0,59.0,199347.0,2.06,46.48,32.77,0.77,12.19,0.175,52.31,Low,Alpha,2021,4,April,2,Sunday
2021-04-25,Peru,33700000,3164.0,44.0,147.0,26.0,195209.0,1.62,48.06,34.17,1.28,9.39,0.131,52.3,None,Alpha,2021,4,April,2,Sunday
2021-05-02,Peru,33700000,3020.0,41.0,138.0,,211277.0,1.43,49.2,36.42,1.28,8.96,0.122,50.06,None,Alpha,2021,5,May,2,Sunday
2021-05-09,Peru,33700000,2709.0,44.0,122.0,37.0,214764.0,1.26,51.84,38.17,1.28,8.04,0.131,48.38,None,Alpha,2021,5,May,2,Sunday
2021-05-16,Peru,33700000,3301.0,47.0,148.0,37.0,212030.0,1.56,53.7,38.99,1.28,9.79,0.139,47.99,None,Alpha,2021,5,May,2,Sunday
2021-05-23,Peru,33700000,3633.0,58.0,161.0,35.0,202257.0,1.8,55.81,40.63,1.28,10.78,0.172,51.12,None,Alpha,2021,5,May,2,Sunday
2021-05-30,Peru,33700000,4421.0,62.0,194.0,37.0,217414.0,2.03,56.78,42.62,1.28,13.12,0.184,49.55,None,Alpha,2021,5,May,2,Sunday
2021-06-06,Peru,33700000,5975.0,75.0,259.0,44.0,220201.0,2.71,58.54,44.22,1.28,17.73,0.223,53.77,Low,Alpha,2021,6,June,2,Sunday
2021-06-13,Peru,33700000,5830.0,79.0,249.0,42.0,206668.0,2.82,60.21,45.8,1.28,17.3,0.234,53.73,Low,Alpha,2021,6,June,2,Sunday
2021-06-20,Peru,33700000,10585.0,158.0,513.0,136.0,246054.0,4.3,61.35,47.73,1.3,31.41,0.469,56.9,Low,Delta,2021,6,June,2,Sunday
2021-06-27,Peru,33700000,9926.0,162.0,479.0,131.0,276818.0,3.59,62.76,48.36,1.3,29.45,0.481,54.05,Moderate,Delta,2021,6,June,2,Sunday
2021-07-04,Peru,33700000,13178.0,210.0,628.0,133.0,251725.0,5.24,64.5,50.1,1.3,39.1,0.623,56.82,Low,Delta,2021,7,July,3,Sunday
2021-07-11,Peru,33700000,15323.0,250.0,721.0,182.0,232552.0,6.59,65.21,51.7,1.3,45.47,0.742,55.38,Moderate,Delta,2021,7,July,3,Sunday
2021-07-18,Peru,33700000,16828.0,255.0,784.0,138.0,300980.0,5.59,66.5,53.04,1.95,49.94,0.757,60.45,Moderate,Delta,2021,7,July,3,Sunday
2021-07-25,Peru,33700000,20816.0,318.0,963.0,148.0,313936.0,6.63,68.29,53.93,1.95,61.77,0.944,63.48,Moderate,Delta,2021,7,July,3,Sunday
2021-08-01,Peru,33700000,22242.0,377.0,1019.0,170.0,324278.0,6.86,69.27,55.19,2.49,66.0,1.119,61.22,High,Delta,2021,8,August,3,Sunday
2021-08-08,Peru,33700000,22146.0,300.0,1004.0,169.0,289571.0,7.65,70.5,56.42,2.49,65.72,0.89,70.31,High,Delta,2021,8,August,3,Sunday
2021-08-15,Peru,33700000,23162.0,382.0,1036.0,329.0,276139.0,8.39,71.21,58.21,2.49,68.73,1.134,66.35,High,Delta,2021,8,August,3,Sunday
2021-08-22,Peru,33700000,24211.0,357.0,1080.0,205.0,277446.0,8.73,71.95,58.48,2.49,71.84,1.059,63.62,High,Delta,2021,8,August,3,Sunday
2021-08-29,Peru,33700000,23274.0,347.0,1028.0,,321990.0,7.23,73.15,59.7,2.53,69.06,1.03,,High,Delta,2021,8,August,3,Sunday
2021-09-05,Peru,33700000,25207.0,313.0,1101.0,314.0,341661.0,7.38,73.39,61.0,2.88,74.8,0.929,,High,Delta,2021,9,September,3,Sunday
2021-09-12,Peru,33700000,23771.0,298.0,1036.0,220.0,275167.0,8.64,74.12,61.36,3.02,70.54,0.884,67.03,Lockdown,Delta,2021,9,September,3,Sunday
2021-09-19,Peru,33700000,21094.0,311.0,909.0,168.0,228625.0,9.23,74.85,62.63,3.67,62.59,0.923,62.97,High,Delta,2021,9,September,3,Sunday
2021-09-26,Peru,33700000,22583.0,348.0,972.0,182.0,291879.0,7.74,75.61,62.8,3.67,67.01,1.033,62.69,High,Delta,2021,9,September,3,Sunday
2021-10-03,Peru,33700000,20382.0,276.0,867.0,151.0,263004.0,7.75,76.01,64.19,3.67,60.48,0.819,61.18,High,Delta,2021,10,October,4,Sunday
2021-10-10,Peru,33700000,20742.0,249.0,877.0,143.0,268829.0,7.72,76.09,64.86,3.67,61.55,0.739,65.79,High,Delta,2021,10,October,4,Sunday
2021-10-17,Peru,33700000,18568.0,267.0,781.0,207.0,271015.0,,76.93,65.57,3.95,55.1,0.792,62.72,High,Delta,2021,10,October,4,Sunday
2021-10-24,Peru,33700000,18703.0,277.0,784.0,176.0,285892.0,6.54,77.43,65.88,4.83,55.5,0.822,60.28,High,Delta,2021,10,October,4,Sunday
2021-10-31,Peru,33700000,20793.0,284.0,865.0,152.0,267339.0,,77.87,66.79,5.3,61.7,0.843,56.86,High,Delta,2021,10,October,4,Sunday
2021-11-07,Peru,33700000,23321.0,272.0,966.0,275.0,298455.0,7.81,78.06,67.26,5.44,69.2,0.807,64.5,High,Delta,2021,11,November,4,Sunday
2021-11-14,Peru,33700000,23106.0,286.0,950.0,146.0,291410.0,7.93,78.68,68.16,,68.56,0.849,60.35,High,Delta,2021,11,November,4,Sunday
2021-11-21,Peru,33700000,26294.0,377.0,1078.0,241.0,250464.0,10.5,78.68,68.43,5.44,78.02,1.119,67.03,High,Delta,2021,11,November,4,Sunday
2021-11-28,Peru,33700000,29820.0,342.0,1223.0,210.0,335171.0,8.9,79.24,68.43,6.37,88.49,1.015,66.42,Lockdown,Delta,2021,11,November,4,Sunday
2021-12-05,Peru,33700000,33470.0,379.0,1368.0,212.0,323618.0,10.34,79.91,68.83,6.78,99.32,1.125,69.19,High,Delta,2021,12,December,4,Sunday
2021-12-12,Peru,33700000,33985.0,450.0,1383.0,337.0,303631.0,11.19,79.91,69.27,7.33,100.84,1.335,69.38,High,Delta,2021,12,December,4,Sunday
2021-12-19,Peru,33700000,34251.0,132.0,663.0,117.0,319166.0,10.73,79.91,69.86,8.23,101.64,0.392,61.03,High,Omicron,2021,12,December,4,Sunday
2021-12-26,Peru,33700000,38156.0,132.0,738.0,119.0,360181.0,10.59,79.94,70.07,8.77,113.22,0.392,55.37,Lockdown,Omicron,2021,12,December,4,Sunday
2022-01-02,Peru,33700000,42235.0,165.0,814.0,188.0,372071.0,11.35,80.12,70.37,9.04,125.33,0.49,62.95,Lockdown,Omicron,2022,1,January,1,Sunday
2022-01-09,Peru,33700000,36548.0,153.0,697.0,205.0,365951.0,9.99,80.12,71.54,9.15,108.45,0.454,59.93,High,Omicron,2022,1,January,1,Sunday
2022-01-16,Peru,33700000,34985.0,144.0,667.0,155.0,353710.0,9.89,81.1,71.54,9.89,103.81,0.427,58.37,Lockdown,Omicron,2022,1,January,1,Sunday
2022-01-23,Peru,33700000,31923.0,101.0,609.0,100.0,298668.0,10.69,81.1,71.59,10.97,94.73,0.3,56.43,High,Omicron,2022,1,January,1,Sunday
2022-01-30,Peru,33700000,32171.0,133.0,613.0,124.0,252425.0,12.74,81.1,71.59,11.79,95.46,0.395,58.83,Lockdown,Omicron,2022,1,January,1,Sunday
2022-02-06,Peru,33700000,25304.0,,482.0,109.0,306083.0,8.27,81.1,71.59,12.06,75.09,0.288,54.24,Lockdown,Omicron,2022,2,February,1,Sunday
2022-02-13,Peru,33700000,20182.0,69.0,384.0,76.0,296988.0,6.8,81.1,71.82,13.41,59.89,0.205,52.52,Lockdown,Omicron,2022,2,February,1,Sunday
2022-02-20,Peru,33700000,15926.0,51.0,302.0,63.0,261434.0,6.09,81.1,72.27,13.51,47.26,0.151,52.38,High,Omicron,2022,2,February,1,Sunday
2022-02-27,Peru,33700000,12553.0,52.0,238.0,56.0,265614.0,4.73,81.47,72.28,14.09,37.25,0.154,55.41,Moderate,Omicron,2022,2,February,1,Sunday
2022-03-06,Peru,33700000,9255.0,29.0,175.0,54.0,219963.0,4.21,81.47,72.31,15.51,27.46,0.086,46.23,Moderate,Omicron,2022,3,March,1,Sunday
2022-03-13,Peru,33700000,8938.0,30.0,169.0,48.0,231273.0,3.86,81.47,72.37,17.1,26.52,0.089,51.16,Low,Omicron,2022,3,March,1,Sunday
2022-03-20,Peru,33700000,6033.0,,114.0,21.0,209605.0,2.88,81.49,72.37,,17.9,0.068,48.6,Low,Omicron,2022,3,March,1,Sunday
2022-03-27,Peru,33700000,6322.0,25.0,119.0,34.0,240109.0,2.63,81.71,72.86,18.13,18.76,0.074,48.49,Low,Omicron,2022,3,March,1,Sunday
2022-04-03,Peru,33700000,6384.0,22.0,120.0,26.0,211089.0,3.02,81.71,72.86,19.16,18.95,0.065,45.24,Low,Omicron,2022,4,April,2,Sunday
04-10-2022,Peru,33700000,4551.0,18.0,86.0,25.0,256670.0,1.77,81.74,72.86,20.87,13.51,0.053,44.08,Low,Omicron,2022,4,April,2,Sunday
2022-04-17,Peru,33700000,4270.0,17.0,80.0,20.0,210430.0,2.03,81.87,72.99,21.55,12.67,0.05,49.22,Low,Omicron,2022,4,April,2,Sunday
2022-04-24,Peru,33700000,5761.0,23.0,108.0,29.0,239564.0,2.4,81.87,72.99,23.16,17.1,0.068,45.68,None,Omicron,2022,4,April,2,Sunday
2022-05-01,Peru,33700000,7750.0,30.0,145.0,31.0,223998.0,3.46,82.29,73.4,24.05,23.0,0.089,52.03,Low,Omicron,2022,5,May,2,Sunday
2022-05-08,Peru,33700000,7917.0,24.0,148.0,40.0,258801.0,3.06,82.29,73.4,25.19,23.49,0.071,47.01,Low,Omicron,2022,5,May,2,Sunday
2022-05-15,Peru,33700000,9519.0,38.0,179.0,44.0,265145.0,3.59,82.29,73.4,25.77,28.25,0.113,51.46,Low,Omicron,2022,5,May,2,Sunday
2022-05-22,Peru,33700000,12808.0,47.0,240.0,61.0,246739.0,5.19,82.29,73.4,27.25,38.01,0.139,49.7,Low,Omicron,2022,5,May,2,Sunday
2022-05-29,Peru,33700000,14377.0,51.0,270.0,66.0,265261.0,5.42,82.29,73.4,28.83,42.66,0.151,50.1,Moderate,Omicron,2022,5,May,2,Sunday
2022-06-05,Peru,33700000,15147.0,46.0,283.0,45.0,289397.0,5.23,82.29,73.99,29.38,44.95,0.136,49.6,Moderate,Omicron,2022,6,June,2,Sunday
2022-06-12,Peru,33700000,15836.0,58.0,295.0,68.0,271840.0,5.83,82.29,73.99,30.42,46.99,0.172,53.19,Moderate,Omicron,2022,6,June,2,Sunday
2022-06-19,Peru,33700000,16044.0,51.0,2990.0,47.0,246601.0,6.51,82.36,73.99,31.39,47.61,0.151,53.96,Moderate,Omicron,2022,6,June,2,Sunday
2022-06-26,Peru,33700000,17802.0,64.0,332.0,59.0,274752.0,6.48,82.36,73.99,32.12,52.82,0.19,51.95,Moderate,Omicron,2022,6,June,2,Sunday
2022-07-03,Peru,33700000,19125.0,62.0,357.0,82.0,261831.0,7.3,82.36,73.99,33.34,56.75,0.184,54.65,Moderate,Omicron,2022,7,July,3,Sunday
2022-07-10,Peru,33700000,17921.0,67.0,334.0,73.0,277003.0,6.47,82.36,73.99,34.45,53.18,0.199,52.8,High,Omicron,2022,7,July,3,Sunday
2022-07-17,Peru,33700000,16089.0,40.0,245.0,39.0,249604.0,6.45,82.53,74.01,35.24,47.74,0.119,47.89,High,Omicron (BA.5),2022,7,July,3,Sunday
2022-07-24,Peru,33700000,16647.0,49.0,254.0,44.0,276625.0,6.02,82.53,74.01,36.27,49.4,0.145,52.33,Moderate,Omicron (BA.5),2022,7,July,3,Sunday
2022-07-31,Peru,33700000,14876.0,44.0,227.0,52.0,224120.0,6.64,82.53,74.01,36.98,44.14,0.131,50.17,Moderate,Omicron (BA.5),2022,7,July,3,Sunday
2022-08-07,Peru,33700000,11755.0,32.0,179.0,56.0,226739.0,5.18,82.53,74.01,38.43,34.88,0.095,43.55,Moderate,Omicron (BA.5),2022,8,August,3,Sunday
2022-08-14,Peru,33700000,13050.0,42.0,199.0,46.0,238130.0,5.48,82.53,74.07,39.78,38.73,0.125,49.45,Moderate,Omicron (BA.5),2022,8,August,3,Sunday
2022-08-21,Peru,33700000,10251.0,29.0,156.0,44.0,239983.0,4.27,82.53,74.07,40.37,30.42,0.086,45.45,Moderate,Omicron (BA.5),2022,8,August,3,Sunday
2022-08-28,Peru,33700000,8896.0,27.0,136.0,31.0,208937.0,4.26,82.53,74.07,41.22,26.4,0.08,46.26,Low,Omicron (BA.5),2022,8,August,3,Sunday
2022-09-04,Peru,33700000,7444.0,21.0,114.0,21.0,215509.0,3.45,82.53,74.07,42.37,22.09,0.062,48.33,Low,Omicron (BA.5),2022,9,September,3,Sunday
2022-09-11,Peru,33700000,5707.0,18.0,87.0,13.0,238972.0,2.39,82.53,74.07,43.43,16.93,0.053,48.3,Low,Omicron (BA.5),2022,9,September,3,Sunday
2022-09-18,Peru,33700000,3941.0,13.0,60.0,13.0,233562.0,1.69,82.53,74.07,44.36,11.69,0.039,45.93,Low,Omicron (BA.5),2022,9,September,3,Sunday
2022-09-25,Peru,33700000,4347.0,12.0,66.0,20.0,175044.0,2.48,82.53,74.07,44.44,12.9,0.036,49.44,None,Omicron (BA.5),2022,9,September,3,Sunday
10-02-2022,Peru,33700000,3951.0,13.0,60.0,12.0,207733.0,1.9,82.53,74.07,45.0,11.73,0.039,47.73,Low,Omicron (BA.5),2022,10,October,4,Sunday
2022-10-09,Peru,33700000,2423.0,6.0,37.0,8.0,233473.0,1.04,82.53,74.07,45.61,7.19,0.018,46.56,None,Omicron (BA.5),2022,10,October,4,Sunday
2022-10-16,Peru,33700000,1660.0,5.0,25.0,7.0,215273.0,0.77,82.53,74.07,46.53,4.93,0.015,47.52,None,Omicron (BA.5),2022,10,October,4,Sunday
2022-10-23,Peru,33700000,155.0,0.0,2.0,1.0,209428.0,0.07,82.53,74.07,46.9,0.46,0.0,50.02,None,Omicron (BA.5),2022,10,October,4,Sunday
2022-10-30,Peru,33700000,2276.0,6.0,35.0,9.0,220814.0,1.03,82.53,74.07,47.45,6.75,0.018,42.21,None,Omicron (BA.5),2022,10,October,4,Sunday
2022-11-06,Peru,33700000,232.0,1.0,4.0,1.0,187543.0,0.12,82.53,74.07,48.0,0.69,0.003,50.3,None,Omicron (BA.5),2022,11,November,4,Sunday
2022-11-13,Peru,33700000,101.0,0.0,2.0,1.0,206072.0,0.05,82.53,74.07,48.23,0.3,0.0,45.47,None,Omicron (BA.5),2022,11,November,4,Sunday
2022-11-20,Peru,33700000,353.0,1.0,5.0,1.0,,0.17,82.53,74.17,48.28,1.05,0.003,45.12,None,Omicron (BA.5),2022,11,November,4,Sunday
2022-11-27,Peru,33700000,868.0,3.0,13.0,3.0,207426.0,0.42,82.53,74.17,49.22,2.58,0.009,46.2,None,Omicron (BA.5),2022,11,November,4,Sunday
2022-12-04,Peru,33700000,957.0,3.0,15.0,4.0,199531.0,0.48,82.53,74.17,50.27,2.84,0.009,45.02,None,Omicron (BA.5),2022,12,December,4,Sunday
2022-12-11,Peru,33700000,101.0,,2.0,1.0,201824.0,0.05,82.53,74.17,50.64,0.3,0.0,44.41,None,Omicron (BA.5),2022,12,December,4,Sunday
2022-12-18,Peru,33700000,101.0,0.0,2.0,1.0,184124.0,194.23,82.53,74.17,50.86,0.3,0.0,49.13,None,Omicron (BA.5),2022,12,December,4,Sunday
2022-12-25,Peru,33700000,101.0,0.0,2.0,0.0,212558.0,0.05,82.53,74.17,50.86,0.3,0.0,47.41,None,Omicron (BA.5),2022,12,December,4,Sunday
2021-01-03,Philippines,111000000,11132.0,122.0,265.0,54.0,525198.0,2.12,16.08,12.12,0.12,10.03,0.11,64.92,Low,Alpha,2021,1,January,1,Sunday
10 Jan 2021,Philippines,111000000,14058.0,149.0,334.0,107.0,462479.0,3.04,16.27,12.12,0.83,12.67,0.134,61.16,Low,Alpha,2021,1,January,1,Sunday
2021-01-17,Philippines,111000000,18486.0,192.0,437.0,125.0,,3.7,17.35,13.17,0.83,16.65,0.173,64.97,Low,Alpha,2021,1,January,1,Sunday
2021-01-24,Philippines,111000000,23364.0,263.0,551.0,154.0,510038.0,4.58,18.97,13.54,0.83,21.05,0.237,73.43,Moderate,Alpha,2021,1,January,1,Sunday
2021-01-31,Philippines,111000000,29894.0,307.0,704.0,191.0,538479.0,5.55,19.44,13.66,0.83,26.93,0.277,70.28,Moderate,Alpha,2021,1,January,1,Sunday
2021-02-07,Philippines,111000000,24566.0,253.0,572.0,91.0,582394.0,4.22,20.6,15.47,0.83,22.13,0.228,67.91,Moderate,Alpha,2021,2,February,1,Sunday
2021-02-14,Philippines,111000000,28630.0,346.0,667.0,133.0,481718.0,5.94,22.42,15.47,0.83,25.79,0.312,71.5,Moderate,Alpha,2021,2,February,1,Sunday
2021-02-21,Philippines,111000000,31888.0,380.0,739.0,211.0,514431.0,6.2,23.2,16.32,0.83,28.73,0.342,68.67,Moderate,Alpha,2021,2,February,1,Sunday
2021-02-28,Philippines,111000000,27324.0,352.0,631.0,191.0,554394.0,4.93,24.38,16.89,0.89,24.62,0.317,65.74,Moderate,Alpha,2021,2,February,1,Sunday
2021-03-07,Philippines,111000000,29295.0,371.0,672.0,141.0,542668.0,5.4,26.12,18.12,0.89,26.39,0.334,69.84,Moderate,Alpha,2021,3,March,1,Sunday
2021-03-14,Philippines,111000000,29393.0,364.0,670.0,130.0,520126.0,5.65,26.64,19.06,0.89,26.48,0.328,69.88,Moderate,Alpha,2021,3,March,1,Sunday
2021-03-21,Philippines,111000000,18320.0,214.0,415.0,79.0,479513.0,3.82,27.86,20.26,0.89,16.5,0.193,65.09,Moderate,Alpha,2021,3,March,1,Sunday
2021-03-28,Philippines,111000000,17946.0,182.0,403.0,98.0,515686.0,3.48,30.03,21.7,0.89,16.17,0.164,62.02,Low,Alpha,2021,3,March,1,Sunday
2021-04-04,Philippines,111000000,8777.0,86.0,197.0,39.0,456235.0,1.92,30.92,21.79,0.89,7.91,0.077,60.51,Low,Alpha,2021,4,April,2,Sunday
2021-04-11,Philippines,111000000,9925.0,122.0,222.0,34.0,419023.0,2.37,32.37,22.12,0.89,8.94,0.11,54.65,Low,Alpha,2021,4,April,2,Sunday
2021-04-18,Philippines,111000000,10846.0,131.0,240.0,52.0,457056.0,2.37,33.4,24.15,0.93,9.77,0.118,60.3,Low,Alpha,2021,4,April,2,Sunday
2021-04-25,Philippines,111000000,8684.0,92.0,191.0,47.0,437022.0,1.99,34.78,24.82,0.93,7.82,0.083,60.18,Low,Alpha,2021,4,April,2,Sunday
2021-05-02,Philippines,111000000,7333.0,77.0,159.0,41.0,448960.0,1.63,35.93,26.56,0.93,6.61,0.069,59.32,None,Alpha,2021,5,May,2,Sunday
2021-05-09,Philippines,111000000,4851.0,43.0,105.0,22.0,410656.0,1.18,37.55,27.05,0.93,4.37,0.039,56.77,None,Alpha,2021,5,May,2,Sunday
2021-05-16,Philippines,111000000,7880.0,72.0,170.0,35.0,393081.0,,39.01,27.89,0.93,7.1,0.065,57.12,None,Alpha,2021,5,May,2,Sunday
2021-05-23,Philippines,111000000,7143.0,74.0,153.0,30.0,455049.0,1.57,40.11,28.87,0.93,6.44,0.067,57.87,None,Alpha,2021,5,May,2,Sunday
2021-05-30,Philippines,111000000,7359.0,67.0,156.0,40.0,451792.0,1.63,41.65,30.42,0.93,6.63,0.06,61.51,None,Alpha,2021,5,May,2,Sunday
2021-06-06,Philippines,111000000,9818.0,126.0,238.0,47.0,494145.0,1.99,42.78,31.2,0.93,8.85,0.114,58.93,None,Delta,2021,6,June,2,Sunday
2021-06-13,Philippines,111000000,13989.0,194.0,336.0,103.0,413980.0,3.38,43.5,32.78,0.96,12.6,0.175,65.27,Low,Delta,2021,6,June,2,Sunday
2021-06-20,Philippines,111000000,12435.0,172.0,297.0,59.0,453124.0,2.74,44.97,33.32,0.96,11.2,0.155,64.72,Low,Delta,2021,6,June,2,Sunday
2021-06-27,Philippines,111000000,17025.0,236.0,403.0,115.0,467615.0,3.64,46.05,34.84,1.01,15.34,0.213,60.13,Low,Delta,2021,6,June,2,Sunday
2021-07-04,Philippines,111000000,21555.0,247.0,510.0,104.0,481081.0,4.48,47.55,35.03,1.01,19.42,0.223,66.76,Low,Delta,2021,7,July,3,Sunday
2021-07-11,Philippines,111000000,20501.0,248.0,482.0,124.0,431412.0,4.75,48.57,35.93,1.11,18.47,0.223,,Moderate,Delta,2021,7,July,3,Sunday
2021-07-18,Philippines,111000000,23514.0,296.0,546.0,147.0,462529.0,5.08,49.54,37.69,1.11,21.18,0.267,64.21,Moderate,Delta,2021,7,July,3,Sunday
2021-07-25,Philippines,111000000,32147.0,397.0,743.0,133.0,556391.0,5.78,50.83,38.27,1.11,28.96,0.358,74.76,Moderate,Delta,2021,7,July,3,Sunday
2021-08-01,Philippines,111000000,37580.0,515.0,863.0,185.0,546359.0,6.88,50.96,39.29,1.53,33.86,0.464,76.9,High,Delta,2021,8,August,3,Sunday
2021-08-08,Philippines,111000000,39163.0,432.0,895.0,154.0,538157.0,7.28,52.3,39.99,1.53,35.28,0.389,77.16,High,Delta,2021,8,August,3,Sunday
2021-08-15,Philippines,111000000,39278.0,,892.0,211.0,642774.0,6.11,53.24,40.88,1.53,35.39,0.361,73.71,High,Delta,2021,8,August,3,Sunday
2021-08-22,Philippines,111000000,43333.0,483.0,974.0,297.0,708061.0,6.12,54.34,42.27,1.53,39.04,0.435,78.96,High,Delta,2021,8,August,3,Sunday
2021-08-29,Philippines,111000000,51177.0,590.0,1145.0,288.0,627598.0,8.15,55.27,42.93,1.76,46.11,0.532,79.33,High,Delta,2021,8,August,3,Sunday
2021-09-05,Philippines,111000000,42129.0,,939.0,253.0,518773.0,8.12,55.9,43.45,1.8,37.95,0.418,77.77,Lockdown,Delta,2021,9,September,3,Sunday
2021-09-12,Philippines,111000000,45969.0,488.0,1015.0,201.0,626199.0,7.34,56.26,44.8,1.97,41.41,0.44,77.78,High,Delta,2021,9,September,3,Sunday
2021-09-19,Philippines,111000000,38490.0,396.0,844.0,194.0,477589.0,8.06,57.49,45.69,1.97,34.68,0.357,77.88,Lockdown,Delta,2021,9,September,3,Sunday
2021-09-26,Philippines,111000000,37191.0,403.0,813.0,224.0,506075.0,7.35,58.09,46.05,2.03,33.51,0.363,73.58,High,Delta,2021,9,September,3,Sunday
2021-10-03,Philippines,111000000,42941.0,496.0,932.0,161.0,612929.0,7.01,58.26,47.1,2.3,38.69,0.447,77.98,High,Delta,2021,10,October,4,Sunday
2021-10-10,Philippines,111000000,34831.0,340.0,756.0,129.0,495087.0,7.04,59.22,47.18,2.78,31.38,0.306,73.68,High,Delta,2021,10,October,4,Sunday
2021-10-17,Philippines,111000000,36612.0,438.0,787.0,148.0,551370.0,6.64,59.99,48.31,2.78,32.98,0.395,73.67,High,Delta,2021,10,October,4,Sunday
2021-10-24,Philippines,111000000,33735.0,377.0,723.0,138.0,486279.0,6.94,60.92,48.81,2.78,30.39,0.34,72.55,High,Delta,2021,10,October,4,Sunday
2021-10-31,Philippines,111000000,40283.0,379.0,861.0,270.0,583921.0,6.9,60.92,49.12,2.86,36.29,0.341,76.43,High,Delta,2021,10,October,4,Sunday
2021-11-07,Philippines,111000000,38468.0,346.0,814.0,144.0,624618.0,6.16,61.65,50.55,2.91,34.66,0.312,72.28,High,Delta,2021,11,November,4,Sunday
2021-11-14,Philippines,111000000,45598.0,414.0,964.0,162.0,575602.0,7.92,61.65,50.55,2.91,41.08,0.373,79.19,High,Delta,2021,11,November,4,Sunday
2021-11-21,Philippines,111000000,47971.0,440.0,1012.0,175.0,615025.0,7.8,61.9,50.82,2.91,43.22,0.396,81.52,High,Delta,2021,11,November,4,Sunday
2021-11-28,Philippines,111000000,43100.0,466.0,905.0,167.0,555241.0,7.76,62.31,51.49,3.52,38.83,0.42,77.73,Lockdown,Delta,2021,11,November,4,Sunday
2021-12-05,Philippines,111000000,55662.0,,558.0,119.0,611852.0,9.1,63.23,51.69,3.76,50.15,0.181,67.37,High,Omicron,2021,12,December,4,Sunday
2021-12-12,Philippines,111000000,63323.0,179.0,633.0,116.0,639657.0,,63.43,52.04,3.9,57.05,0.161,70.53,Lockdown,Omicron,2021,12,December,4,Sunday
2021-12-19,Philippines,111000000,70116.0,206.0,698.0,115.0,760880.0,9.22,63.62,52.67,4.5,63.17,0.186,70.77,Lockdown,Omicron,2021,12,December,4,Sunday
2021-12-26,Philippines,111000000,69897.0,243.0,693.0,120.0,634045.0,11.02,64.16,53.09,4.5,62.97,0.219,71.26,High,Omicron,2021,12,December,4,Sunday
2022-01-02,Philippines,111000000,73824.0,231.0,731.0,208.0,713151.0,10.35,64.31,53.33,4.5,66.51,0.208,69.52,High,Omicron,2022,1,January,1,Sunday
2022-01-09,Philippines,111000000,61762.0,186.0,607.0,145.0,700423.0,8.82,64.6,54.3,4.79,55.64,0.168,72.9,Lockdown,Omicron,2022,1,January,1,Sunday
2022-01-16,Philippines,111000000,58490.0,179.0,575.0,159.0,711718.0,8.22,64.72,54.3,5.15,52.69,0.161,73.51,Lockdown,Omicron,2022,1,January,1,Sunday
2022-01-23,Philippines,111000000,53135.0,144.0,522.0,94.0,661810.0,8.03,64.73,54.3,5.63,47.87,0.13,65.62,High,Omicron,2022,1,January,1,Sunday
2022-01-30,Philippines,111000000,48878.0,138.0,479.0,97.0,616471.0,7.93,65.76,54.51,5.74,44.03,0.124,68.29,High,Omicron,2022,1,January,1,Sunday
2022-02-06,Philippines,111000000,47027.0,164.0,460.0,146.0,583885.0,8.05,65.87,54.75,5.74,42.37,0.148,69.5,Lockdown,Omicron,2022,2,February,1,Sunday
2022-02-13,Philippines,111000000,36443.0,115.0,354.0,58.0,605733.0,6.02,66.11,55.71,5.91,32.83,0.104,60.87,High,Omicron,2022,2,February,1,Sunday
2022-02-20,Philippines,111000000,32370.0,92.0,315.0,71.0,507758.0,6.38,66.11,55.72,7.1,29.16,0.083,56.92,High,Omicron,2022,2,February,1,Sunday
2022-02-27,Philippines,111000000,27177.0,93.0,263.0,53.0,486588.0,5.59,66.11,56.08,,24.48,0.084,64.83,High,Omicron,2022,2,February,1,Sunday
2022-03-06,Philippines,111000000,20074.0,58.0,194.0,29.0,543184.0,3.7,66.11,56.39,7.26,18.09,0.052,59.33,Moderate,Omicron,2022,3,March,1,Sunday
2022-03-13,Philippines,111000000,11603.0,31.0,112.0,27.0,464962.0,2.5,66.58,56.39,8.48,10.45,0.028,56.05,Moderate,Omicron,2022,3,March,1,Sunday
2022-03-20,Philippines,111000000,12265.0,42.0,118.0,29.0,469321.0,2.61,66.58,56.92,9.21,11.05,0.038,57.61,Low,Omicron,2022,3,March,1,Sunday
2022-03-27,Philippines,111000000,13468.0,42.0,130.0,27.0,482392.0,2.79,66.58,56.92,9.21,12.13,0.038,56.87,Low,Omicron,2022,3,March,1,Sunday
03/04/2022,Philippines,111000000,12060.0,39.0,116.0,27.0,450553.0,2.68,66.72,56.92,9.77,10.86,0.035,64.85,Low,Omicron,2022,4,April,2,Sunday
2022-04-10,Philippines,111000000,10094.0,26.0,97.0,21.0,393935.0,2.56,66.72,57.09,10.27,9.09,0.023,55.66,Low,Omicron,2022,4,April,2,Sunday
2022-04-17,Philippines,111000000,8838.0,25.0,85.0,19.0,448296.0,1.97,66.72,57.16,10.27,7.96,0.023,57.51,Low,Omicron,2022,4,April,2,Sunday
2022-04-24,Philippines,111000000,13131.0,44.0,126.0,37.0,458159.0,2.87,66.93,57.3,11.51,11.83,0.04,60.92,Low,Omicron,2022,4,April,2,Sunday
2022-05-01,Philippines,111000000,16423.0,43.0,157.0,43.0,441126.0,3.72,66.93,57.69,12.17,14.8,0.039,61.67,Low,Omicron,2022,5,May,2,Sunday
2022-05-08,Philippines,111000000,16423.0,54.0,157.0,31.0,432408.0,3.8,67.05,57.69,12.93,14.8,0.049,61.19,Low,Omicron,2022,5,May,2,Sunday
2022-05-15,Philippines,111000000,16444.0,52.0,157.0,30.0,472011.0,3.48,67.05,57.71,12.93,14.81,0.047,57.39,Low,Omicron,2022,5,May,2,Sunday
2022-05-22,Philippines,111000000,18480.0,52.0,176.0,48.0,430497.0,4.29,67.05,58.13,13.23,16.65,0.047,58.53,Low,Omicron,2022,5,May,2,Sunday
2022-05-29,Philippines,111000000,31910.0,104.0,304.0,57.0,537300.0,5.94,67.23,58.13,14.59,28.75,0.094,56.61,Moderate,Omicron,2022,5,May,2,Sunday
2022-06-05,Philippines,111000000,23142.0,,221.0,67.0,493339.0,4.69,67.23,58.13,14.97,20.85,0.068,59.83,High,Omicron,2022,6,June,2,Sunday
2022-06-12,Philippines,111000000,23759.0,77.0,226.0,66.0,501937.0,4.73,67.23,58.13,15.73,21.4,0.069,60.22,Moderate,Omicron,2022,6,June,2,Sunday
2022-06-19,Philippines,111000000,28656.0,81.0,271.0,52.0,545895.0,5.25,67.42,59.19,15.94,25.82,0.073,63.09,Moderate,Omicron,2022,6,June,2,Sunday
2022-06-26,Philippines,111000000,29618.0,88.0,280.0,80.0,559728.0,5.29,67.66,59.19,16.89,26.68,0.079,65.95,Moderate,Omicron,2022,6,June,2,Sunday
2022-07-03,Philippines,111000000,34028.0,74.0,263.0,48.0,521609.0,6.52,67.66,59.19,17.17,30.66,0.067,62.82,Moderate,Omicron (BA.5),2022,7,July,3,Sunday
2022-07-10,Philippines,111000000,33311.0,69.0,258.0,40.0,588114.0,5.66,67.66,59.19,18.18,30.01,0.062,63.6,High,Omicron (BA.5),2022,7,July,3,Sunday
2022-07-17,Philippines,111000000,25080.0,65.0,194.0,61.0,503731.0,4.98,67.66,59.19,18.78,22.59,0.059,59.31,High,Omicron (BA.5),2022,7,July,3,Sunday
2022-07-24,Philippines,111000000,27933.0,74.0,216.0,60.0,599318.0,4.66,67.66,59.19,20.29,25.16,0.067,,Moderate,Omicron (BA.5),2022,7,July,3,Sunday
2022-07-31,Philippines,111000000,24923.0,50.0,193.0,45.0,488041.0,5.11,67.98,59.19,20.47,22.45,0.045,59.36,Moderate,Omicron (BA.5),2022,7,July,3,Sunday
2022-08-07,Philippines,111000000,24484.0,60.0,189.0,55.0,444294.0,5.51,67.98,59.19,20.47,22.06,0.054,62.08,Moderate,Omicron (BA.5),2022,8,August,3,Sunday
2022-08-14,Philippines,111000000,21676.0,57.0,168.0,27.0,530545.0,4.09,67.98,59.19,,19.53,0.051,60.73,Moderate,Omicron (BA.5),2022,8,August,3,Sunday
2022-08-21,Philippines,111000000,18126.0,43.0,140.0,39.0,497750.0,3.64,67.98,59.19,22.57,16.33,0.039,59.02,Moderate,Omicron (BA.5),2022,8,August,3,Sunday
2022-08-28,Philippines,111000000,17188.0,34.0,133.0,42.0,522996.0,3.29,67.98,59.19,23.04,15.48,0.031,54.01,Low,Omicron (BA.5),2022,8,August,3,Sunday
2022-09-04,Philippines,111000000,9493.0,19.0,73.0,21.0,453379.0,2.09,68.02,59.19,23.57,8.55,0.017,59.13,Low,Omicron (BA.5),2022,9,September,3,Sunday
2022-09-11,Philippines,111000000,9268.0,21.0,72.0,16.0,524034.0,1.77,68.08,59.19,24.81,8.35,0.019,57.32,Low,Omicron (BA.5),2022,9,September,3,Sunday
2022-09-18,Philippines,111000000,5871.0,15.0,45.0,9.0,419644.0,1.4,68.08,59.3,25.04,5.29,0.014,57.47,Low,Omicron (BA.5),2022,9,September,3,Sunday
2022-09-25,Philippines,111000000,7024.0,15.0,54.0,16.0,467381.0,1.5,68.08,59.3,26.2,6.33,0.014,56.71,None,Omicron (BA.5),2022,9,September,3,Sunday
2022-10-02,Philippines,111000000,5505.0,12.0,43.0,9.0,406589.0,1.35,68.08,59.3,26.41,4.96,0.011,56.88,None,Omicron (BA.5),2022,10,October,4,Sunday
2022-10-09,Philippines,111000000,2154.0,5.0,17.0,5.0,425420.0,0.51,68.09,59.3,,1.94,0.005,58.28,None,Omicron (BA.5),2022,10,October,4,Sunday
2022-10-16,Philippines,111000000,4068.0,10.0,31.0,6.0,440622.0,0.92,68.09,59.3,28.37,3.67,0.009,54.18,None,Omicron (BA.5),2022,10,October,4,Sunday
2022-10-23,Philippines,111000000,4839.0,13.0,37.0,6.0,449497.0,1.08,68.09,59.63,28.9,4.36,0.012,56.68,None,Omicron (BA.5),2022,10,October,4,Sunday
2022-10-30,Philippines,111000000,333.0,1.0,3.0,1.0,426013.0,0.08,68.09,59.63,29.41,0.3,0.001,52.74,None,Omicron (BA.5),2022,10,October,4,Sunday
2022-11-06,Philippines,111000000,390.0,1.0,3.0,1.0,297432.0,0.13,68.09,59.63,30.03,0.35,0.001,56.13,None,Omicron (BA.5),2022,11,November,4,Sunday
2022-11-13,Philippines,111000000,1912.0,5.0,15.0,3.0,405982.0,0.47,68.2,59.63,30.69,1.72,0.005,55.61,None,Omicron (BA.5),2022,11,November,4,Sunday
2022-11-20,Philippines,111000000,522.0,1.0,4.0,1.0,383462.0,0.14,68.55,59.63,31.03,0.47,0.001,53.13,None,Omicron (BA.5),2022,11,November,4,Sunday
2022-11-27,Philippines,111000000,333.0,1.0,3.0,1.0,388976.0,0.09,68.55,59.63,31.41,0.3,0.001,54.92,None,Omicron (BA.5),2022,11,November,4,Sunday
2022-12-04,Philippines,111000000,333.0,1.0,3.0,0.0,392008.0,0.08,68.55,59.63,32.61,0.3,0.001,53.26,None,Omicron (BA.5),2022,12,December,4,Sunday
2022-12-11,Philippines,111000000,333.0,1.0,3.0,1.0,432467.0,0.08,68.55,59.63,33.45,0.3,0.001,53.74,None,Omicron (BA.5),2022,12,December,4,Sunday
2022-12-18,Philippines,111000000,333.0,1.0,3.0,1.0,407602.0,0.08,68.55,59.64,33.72,0.3,0.001,55.57,None,Omicron (BA.5),2022,12,December,4,Sunday
2022-12-25,Philippines,111000000,333.0,1.0,3.0,1.0,384817.0,0.09,68.55,59.64,34.14,0.3,0.001,55.35,None,Omicron (BA.5),2022,12,December,4,Sunday
2021-01-03,Poland,37800000,2652.0,32.0,152.0,36.0,435403.0,0.61,13.23,9.53,0.0,7.02,0.085,48.76,None,Alpha,2021,1,January,1,Sunday
2021-01-10,Poland,37800000,3022.0,30.0,174.0,45.0,377141.0,0.8,14.81,9.6,0.0,8.0,0.079,50.35,None,Alpha,2021,1,January,1,Sunday
2021-01-17,Poland,37800000,4453.0,46.0,255.0,56.0,472816.0,0.94,16.35,10.34,0.67,11.78,0.122,51.97,None,Alpha,2021,1,January,1,Sunday
2021-01-24,Poland,37800000,5966.0,60.0,339.0,58.0,513311.0,1.16,17.01,11.65,0.67,15.78,0.159,49.82,Low,Alpha,2021,1,January,1,Sunday
2021-01-31,Poland,37800000,7762.0,80.0,437.0,96.0,527529.0,1.47,19.09,12.99,0.67,20.53,0.212,54.15,Low,Alpha,2021,1,January,1,Sunday
2021-02-07,Poland,37800000,9025.0,97.0,506.0,100.0,538737.0,1.68,19.87,13.65,0.67,23.88,0.257,58.11,Low,Alpha,2021,2,February,1,Sunday
2021-02-14,Poland,37800000,12312.0,144.0,687.0,182.0,532038.0,2.31,21.48,14.61,0.67,32.57,0.381,60.85,Moderate,Alpha,2021,2,February,1,Sunday
2021-02-21,Poland,37800000,14074.0,156.0,780.0,206.0,558778.0,2.52,22.73,15.72,0.67,37.23,0.413,67.35,Moderate,Alpha,2021,2,February,1,Sunday
2021-02-28,Poland,37800000,15110.0,142.0,834.0,258.0,616608.0,2.45,23.96,16.4,0.67,39.97,0.376,69.03,Moderate,Alpha,2021,2,February,1,Sunday
2021-03-07,Poland,37800000,16313.0,154.0,893.0,146.0,615189.0,2.65,25.93,17.79,0.67,43.16,0.407,64.35,High,Alpha,2021,3,March,1,Sunday
2021-03-14,Poland,37800000,14182.0,162.0,772.0,177.0,619265.0,2.29,27.13,18.56,0.67,37.52,0.429,64.5,High,Alpha,2021,3,March,1,Sunday
2021-03-21,Poland,37800000,14539.0,137.0,786.0,171.0,527121.0,2.76,28.58,19.8,0.67,38.46,0.362,68.63,Moderate,Alpha,2021,3,March,1,Sunday
2021-03-28,Poland,37800000,12012.0,111.0,644.0,154.0,502373.0,2.39,29.65,21.03,0.67,31.78,0.294,61.04,Moderate,Alpha,2021,3,March,1,Sunday
2021-04-04,Poland,37800000,11207.0,95.0,597.0,102.0,509071.0,2.2,32.28,22.13,0.67,29.65,0.251,59.27,Moderate,Alpha,2021,4,April,2,Sunday
2021-04-11,Poland,37800000,8059.0,86.0,426.0,99.0,453737.0,1.78,33.41,23.51,0.67,21.32,0.228,58.46,Moderate,Alpha,2021,4,April,2,Sunday
2021-04-18,Poland,37800000,5663.0,59.0,297.0,78.0,416939.0,1.36,35.24,24.7,0.67,14.98,0.156,52.63,Low,Alpha,2021,4,April,2,Sunday
2021-04-25,Poland,37800000,4766.0,44.0,248.0,50.0,474175.0,1.01,36.57,25.82,0.67,12.61,0.116,55.36,Low,Alpha,2021,4,April,2,Sunday
2021-05-02,Poland,37800000,3795.0,31.0,196.0,51.0,461424.0,0.82,38.16,27.25,0.67,10.04,0.082,49.49,Low,Alpha,2021,5,May,2,Sunday
2021-05-09,Poland,37800000,2682.0,27.0,137.0,27.0,444286.0,0.6,39.06,28.6,0.67,7.1,0.071,48.42,None,Alpha,2021,5,May,2,Sunday
2021-05-16,Poland,37800000,3269.0,27.0,166.0,35.0,454207.0,0.72,40.18,29.48,0.68,8.65,0.071,52.25,None,Alpha,2021,5,May,2,Sunday
2021-05-23,Poland,37800000,1968.0,18.0,99.0,30.0,378228.0,0.52,42.14,31.18,0.68,5.21,0.048,48.97,None,Alpha,2021,5,May,2,Sunday
2021-05-30,Poland,37800000,2137.0,28.0,123.0,19.0,413599.0,0.52,43.21,32.13,0.92,5.65,0.074,49.55,None,Delta,2021,5,May,2,Sunday
2021-06-06,Poland,37800000,1858.0,20.0,106.0,21.0,417237.0,0.45,44.24,33.54,0.92,4.92,0.053,44.11,None,Delta,2021,6,June,2,Sunday
2021-06-13,Poland,37800000,3910.0,44.0,221.0,68.0,450011.0,0.87,45.75,34.46,0.92,10.34,0.116,50.67,None,Delta,2021,6,June,2,Sunday
2021-06-20,Poland,37800000,5180.0,62.0,290.0,51.0,407409.0,1.27,46.71,36.11,0.92,13.7,0.164,55.32,Low,Delta,2021,6,June,2,Sunday
2021-06-27,Poland,37800000,6903.0,82.0,383.0,83.0,443374.0,1.56,47.84,37.2,0.92,18.26,0.217,53.36,Low,Delta,2021,6,June,2,Sunday
2021-07-04,Poland,37800000,8319.0,92.0,460.0,105.0,,1.75,48.31,37.67,0.92,22.01,0.243,58.85,Low,Delta,2021,7,July,3,Sunday
2021-07-11,Poland,37800000,8223.0,89.0,450.0,117.0,534130.0,1.54,49.82,39.17,1.3,21.75,0.235,57.54,Low,Delta,2021,7,July,3,Sunday
2021-07-18,Poland,37800000,11026.0,,598.0,152.0,532052.0,2.07,50.38,40.44,1.3,29.17,0.31,59.81,Low,Delta,2021,7,July,3,Sunday
2021-07-25,Poland,37800000,11781.0,127.0,638.0,164.0,572086.0,2.06,51.5,40.67,1.36,31.17,0.336,64.63,Moderate,Delta,2021,7,July,3,Sunday
2021-08-01,Poland,37800000,15595.0,160.0,839.0,260.0,562351.0,2.77,52.21,41.6,1.36,41.26,0.423,65.05,Moderate,Delta,2021,8,August,3,Sunday
2021-08-08,Poland,37800000,13841.0,136.0,737.0,160.0,550007.0,2.52,52.81,42.93,1.48,36.62,0.36,62.86,High,Delta,2021,8,August,3,Sunday
2021-08-15,Poland,37800000,17479.0,174.0,930.0,217.0,610656.0,2.86,53.21,43.13,2.01,46.24,0.46,67.49,Moderate,Delta,2021,8,August,3,Sunday
2021-08-22,Poland,37800000,16084.0,167.0,850.0,267.0,564806.0,2.85,54.04,44.06,2.01,42.55,0.442,66.36,High,Delta,2021,8,August,3,Sunday
2021-08-29,Poland,37800000,20777.0,208.0,1093.0,188.0,589946.0,3.52,54.7,44.71,2.01,54.97,0.55,73.72,High,Delta,2021,8,August,3,Sunday
2021-09-05,Poland,37800000,19420.0,204.0,1012.0,315.0,534726.0,3.63,55.05,45.92,2.01,51.37,0.54,66.24,High,Delta,2021,9,September,3,Sunday
2021-09-12,Poland,37800000,23166.0,246.0,1206.0,375.0,614560.0,3.77,55.39,46.12,2.23,61.28,0.651,76.59,High,Delta,2021,9,September,3,Sunday
2021-09-19,Poland,37800000,21617.0,251.0,1119.0,349.0,671696.0,3.22,55.96,46.84,2.84,57.19,0.664,72.57,Lockdown,Delta,2021,9,September,3,Sunday
2021-09-26,Poland,37800000,20158.0,210.0,1041.0,168.0,676624.0,2.98,55.98,47.26,2.84,53.33,0.556,71.98,Lockdown,Delta,2021,9,September,3,Sunday
2021-10-03,Poland,37800000,21734.0,231.0,1113.0,276.0,591757.0,3.67,56.94,48.34,2.84,57.5,0.611,78.24,High,Delta,2021,10,October,4,Sunday
2021-10-10,Poland,37800000,17022.0,149.0,872.0,255.0,501737.0,3.39,56.94,48.34,2.84,45.03,0.394,65.39,High,Delta,2021,10,October,4,Sunday
2021-10-17,Poland,37800000,16516.0,177.0,845.0,172.0,620149.0,2.66,57.12,48.5,3.2,43.69,0.468,62.98,High,Delta,2021,10,October,4,Sunday
2021-10-24,Poland,37800000,16770.0,166.0,855.0,214.0,583169.0,2.88,57.25,48.91,3.67,44.37,0.439,66.76,High,Delta,2021,10,October,4,Sunday
2021-10-31,Poland,37800000,15829.0,171.0,801.0,155.0,508854.0,3.11,57.43,49.93,3.67,41.88,0.452,65.9,High,Delta,2021,10,October,4,Sunday
2021-11-07,Poland,37800000,14715.0,163.0,742.0,128.0,419813.0,3.51,57.93,50.31,,38.93,0.431,65.83,High,Delta,2021,11,November,4,Sunday
2021-11-14,Poland,37800000,17051.0,151.0,857.0,253.0,537907.0,3.17,57.93,50.78,4.6,45.11,0.399,64.97,High,Delta,2021,11,November,4,Sunday
21/11/2021,Poland,37800000,19227.0,210.0,966.0,306.0,582696.0,3.3,58.87,50.78,4.91,50.87,0.556,66.77,High,Delta,2021,11,November,4,Sunday
2021-11-28,Poland,37800000,19870.0,62.0,477.0,77.0,555329.0,3.58,58.87,50.91,5.35,52.56,0.164,53.66,High,Omicron,2021,11,November,4,Sunday
2021-12-05,Poland,37800000,19878.0,62.0,474.0,81.0,645631.0,3.08,58.87,51.97,5.35,52.59,0.164,54.01,High,Omicron,2021,12,December,4,Sunday
2021-12-12,Poland,37800000,23327.0,68.0,556.0,139.0,605023.0,3.86,58.87,51.97,6.16,61.71,0.18,58.29,High,Omicron,2021,12,December,4,Sunday
2021-12-19,Poland,37800000,24998.0,70.0,596.0,98.0,664850.0,3.76,58.87,51.97,6.34,66.13,0.185,59.97,High,Omicron,2021,12,December,4,Sunday
2021-12-26,Poland,37800000,32430.0,104.0,773.0,199.0,880854.0,3.68,59.23,51.97,,85.79,0.275,69.53,Lockdown,Omicron,2021,12,December,4,Sunday
2022-01-02,Poland,37800000,31886.0,80.0,758.0,206.0,741632.0,4.3,59.23,52.23,7.22,84.36,0.212,59.79,Lockdown,Omicron,2022,1,January,1,Sunday
2022-01-09,Poland,37800000,28541.0,84.0,678.0,149.0,693995.0,4.11,59.56,52.39,7.96,75.5,0.222,63.0,Lockdown,Omicron,2022,1,January,1,Sunday
2022-01-16,Poland,37800000,31362.0,80.0,745.0,208.0,723934.0,4.33,59.56,52.39,8.64,82.97,0.212,61.9,Lockdown,Omicron,2022,1,January,1,Sunday
2022-01-23,Poland,37800000,33226.0,90.0,789.0,134.0,788497.0,4.21,59.56,52.39,9.6,87.9,0.238,65.3,High,Omicron,2022,1,January,1,Sunday
2022-01-30,Poland,37800000,30317.0,94.0,719.0,145.0,749992.0,4.04,59.56,52.57,9.84,80.2,0.249,61.73,Lockdown,Omicron,2022,1,January,1,Sunday
2022-02-06,Poland,37800000,26652.0,83.0,632.0,182.0,626445.0,4.25,59.56,52.57,10.52,70.51,0.22,63.68,High,Omicron,2022,2,February,1,Sunday
2022-02-13,Poland,37800000,24289.0,79.0,576.0,95.0,635330.0,3.82,59.8,52.57,11.25,64.26,0.209,62.37,Lockdown,Omicron,2022,2,February,1,Sunday
2022-02-20,Poland,37800000,20476.0,63.0,482.0,96.0,584904.0,3.5,59.8,53.52,12.21,54.17,0.167,57.33,High,Omicron,2022,2,February,1,Sunday
2022-02-27,Poland,37800000,16181.0,49.0,381.0,,560936.0,2.88,60.16,53.52,12.44,42.81,0.13,58.87,High,Omicron,2022,2,February,1,Sunday
2022-03-06,Poland,37800000,11835.0,39.0,279.0,54.0,606783.0,1.95,60.16,53.52,12.88,31.31,0.103,54.8,High,Omicron,2022,3,March,1,Sunday
2022-03-13,Poland,37800000,10502.0,31.0,247.0,57.0,541244.0,1.94,60.16,53.52,13.6,27.78,0.082,55.64,Moderate,Omicron,2022,3,March,1,Sunday
2022-03-20,Poland,37800000,7797.0,23.0,184.0,54.0,484955.0,1.61,60.16,53.52,15.06,20.63,0.061,50.59,Moderate,Omicron,2022,3,March,1,Sunday
2022-03-27,Poland,37800000,8579.0,27.0,202.0,40.0,545476.0,1.57,60.16,53.52,15.74,22.7,0.071,53.49,Low,Omicron,2022,3,March,1,Sunday
2022-04-03,Poland,37800000,7179.0,22.0,169.0,38.0,489015.0,1.47,60.16,53.52,16.42,18.99,0.058,48.43,Low,Omicron,2022,4,April,2,Sunday
2022-04-10,Poland,37800000,5252.0,16.0,123.0,19.0,401470.0,1.31,60.16,53.81,17.16,13.89,0.042,47.1,Low,Omicron,2022,4,April,2,Sunday
2022-04-17,Poland,37800000,5181.0,15.0,122.0,33.0,522699.0,0.99,60.16,53.81,18.24,13.71,0.04,54.7,Low,Omicron,2022,4,April,2,Sunday
2022-04-24,Poland,37800000,3837.0,11.0,90.0,19.0,441927.0,0.87,60.16,53.81,19.1,10.15,0.029,45.8,Low,Omicron,2022,4,April,2,Sunday
2022-05-01,Poland,37800000,3725.0,11.0,87.0,26.0,365819.0,1.02,60.16,53.81,20.04,9.86,0.029,47.35,Low,Omicron,2022,5,May,2,Sunday
2022-05-08,Poland,37800000,4885.0,15.0,115.0,19.0,399613.0,1.22,60.16,53.96,20.42,12.92,0.04,44.35,None,Omicron,2022,5,May,2,Sunday
2022-05-15,Poland,37800000,5102.0,15.0,120.0,34.0,502023.0,1.02,60.54,53.96,21.09,13.5,0.04,47.09,Low,Omicron,2022,5,May,2,Sunday
2022-05-22,Poland,37800000,6875.0,18.0,161.0,46.0,418006.0,157.36,60.54,53.96,22.19,18.19,0.048,47.67,Low,Omicron,2022,5,May,2,Sunday
2022-05-29,Poland,37800000,9096.0,24.0,213.0,60.0,555495.0,1.64,60.54,54.03,22.91,24.06,0.063,49.69,Low,Omicron,2022,5,May,2,Sunday
2022-06-05,Poland,37800000,10013.0,29.0,235.0,65.0,514071.0,1.95,60.54,54.03,23.73,26.49,0.077,52.63,Moderate,Omicron,2022,6,June,2,Sunday
2022-06-12,Poland,37800000,10238.0,27.0,240.0,46.0,542374.0,1.89,60.54,54.03,25.44,27.09,0.071,53.35,Moderate,Omicron,2022,6,June,2,Sunday
2022-06-19,Poland,37800000,10356.0,29.0,243.0,54.0,503712.0,2.06,60.54,54.03,25.44,27.4,0.077,49.55,Moderate,Omicron,2022,6,June,2,Sunday
2022-06-26,Poland,37800000,14624.0,30.0,281.0,61.0,581336.0,2.52,60.54,54.03,26.7,38.69,0.079,50.97,Moderate,Omicron (BA.5),2022,6,June,2,Sunday
2022-07-03,Poland,37800000,13508.0,28.0,259.0,49.0,560388.0,2.41,60.54,54.17,27.6,35.73,0.074,55.14,High,Omicron (BA.5),2022,7,July,3,Sunday
2022-07-10,Poland,37800000,14201.0,36.0,272.0,64.0,551942.0,2.57,60.54,54.17,28.37,37.57,0.095,57.0,Moderate,Omicron (BA.5),2022,7,July,3,Sunday
2022-07-17,Poland,37800000,13706.0,32.0,263.0,71.0,501816.0,2.73,60.54,54.17,28.88,36.26,0.085,55.67,Moderate,Omicron (BA.5),2022,7,July,3,Sunday
2022-07-24,Poland,37800000,14977.0,37.0,287.0,66.0,577699.0,2.59,60.54,54.17,29.88,39.62,0.098,48.97,Moderate,Omicron (BA.5),2022,7,July,3,Sunday
2022-07-31,Poland,37800000,13966.0,27.0,268.0,85.0,471107.0,2.96,60.54,54.17,30.69,36.95,0.071,55.62,High,Omicron (BA.5),2022,7,July,3,Sunday
2022-08-07,Poland,37800000,13145.0,28.0,252.0,68.0,583279.0,2.25,60.54,54.17,30.71,34.77,0.074,56.91,Moderate,Omicron (BA.5),2022,8,August,3,Sunday
2022-08-14,Poland,37800000,11872.0,23.0,227.0,51.0,538144.0,2.21,60.74,54.17,31.54,31.41,0.061,47.45,Moderate,Omicron (BA.5),2022,8,August,3,Sunday
2022-08-21,Poland,37800000,10760.0,21.0,206.0,45.0,537666.0,2.0,60.74,54.52,32.38,28.47,0.056,53.91,Moderate,Omicron (BA.5),2022,8,August,3,Sunday
2022-08-28,Poland,37800000,9710.0,19.0,186.0,,401380.0,2.42,60.74,54.52,32.38,25.69,0.05,51.3,Moderate,Omicron (BA.5),2022,8,August,3,Sunday
2022-09-04,Poland,37800000,6174.0,14.0,118.0,26.0,428993.0,1.44,60.74,54.52,33.01,16.33,0.037,48.34,Moderate,Omicron (BA.5),2022,9,September,3,Sunday
2022-09-11,Poland,37800000,8149.0,,156.0,29.0,471784.0,1.73,60.74,54.52,33.4,21.56,0.042,50.31,Low,Omicron (BA.5),2022,9,September,3,Sunday
2022-09-18,Poland,37800000,5724.0,14.0,109.0,26.0,492008.0,1.16,60.74,54.52,34.2,15.14,0.037,50.06,Low,Omicron (BA.5),2022,9,September,3,Sunday
2022-09-25,Poland,37800000,5124.0,12.0,98.0,,425960.0,1.2,60.74,54.52,34.2,13.56,0.032,51.59,Low,Omicron (BA.5),2022,9,September,3,Sunday
2022-10-02,Poland,37800000,5131.0,11.0,98.0,21.0,554702.0,0.93,60.74,54.52,35.36,13.57,0.029,,Low,Omicron (BA.5),2022,10,October,4,Sunday
2022-10-09,Poland,37800000,4036.0,10.0,77.0,15.0,440095.0,0.92,60.74,54.52,35.48,10.68,0.026,44.44,Low,Omicron (BA.5),2022,10,October,4,Sunday
2022-10-16,Poland,37800000,1300.0,3.0,25.0,5.0,387285.0,0.34,60.74,54.52,35.87,3.44,0.008,45.38,Low,Omicron (BA.5),2022,10,October,4,Sunday
2022-10-23,Poland,37800000,1960.0,4.0,37.0,8.0,421908.0,0.46,60.74,54.52,35.87,5.19,0.011,47.52,None,Omicron (BA.5),2022,10,October,4,Sunday
2022-10-30,Poland,37800000,2450.0,6.0,47.0,9.0,400362.0,0.61,60.74,54.52,,6.48,0.016,51.44,None,Omicron (BA.5),2022,10,October,4,Sunday
2022-11-06,Poland,37800000,342.0,1.0,7.0,2.0,372734.0,0.09,60.74,54.52,37.12,0.91,0.003,39.77,None,Omicron (BA.5),2022,11,November,4,Sunday
2022-11-13,Poland,37800000,462.0,1.0,9.0,2.0,446373.0,0.1,60.74,54.52,37.12,1.22,0.003,45.1,None,Omicron (BA.5),2022,11,November,4,Sunday
2022-11-20,Poland,37800000,202.0,1.0,4.0,1.0,427160.0,0.05,60.74,54.52,37.12,0.54,0.003,42.7,None,Omicron (BA.5),2022,11,November,4,Sunday
2022-11-27,Poland,37800000,762.0,2.0,15.0,5.0,433222.0,0.18,60.74,54.52,37.54,2.02,0.005,43.35,None,Omicron (BA.5),2022,11,November,4,Sunday
2022-12-04,Poland,37800000,113.0,0.0,2.0,1.0,451217.0,0.03,60.74,54.52,37.9,0.3,0.0,48.93,None,Omicron (BA.5),2022,12,December,4,Sunday
2022-12-11,Poland,37800000,638.0,2.0,12.0,2.0,430925.0,0.15,60.74,54.52,38.07,1.69,0.005,45.37,None,Omicron (BA.5),2022,12,December,4,Sunday
2022-12-18,Poland,37800000,113.0,0.0,2.0,1.0,374441.0,0.03,60.74,54.52,38.07,0.3,0.0,40.63,None,Omicron (BA.5),2022,12,December,4,Sunday
2022-12-25,Poland,37800000,113.0,0.0,2.0,1.0,432611.0,0.03,60.74,54.52,38.64,0.3,0.0,46.07,None,Omicron (BA.5),2022,12,December,4,Sunday
2021-01-03,Portugal,10300000,1469.0,11.0,80.0,18.0,191661.0,0.77,21.85,13.51,0.12,14.26,0.107,57.69,Low,Alpha,2021,1,January,1,Sunday
2021-01-10,Portugal,10300000,1834.0,15.0,99.0,31.0,213265.0,0.86,24.36,15.62,0.12,17.81,0.146,63.1,Low,Alpha,2021,1,January,1,Sunday
2021-01-17,Portugal,10300000,2271.0,14.0,121.0,27.0,216663.0,1.05,27.13,16.85,0.12,22.05,0.136,67.46,Low,Alpha,2021,1,January,1,Sunday
2021-01-24,Portugal,10300000,3289.0,23.0,174.0,50.0,226187.0,1.45,29.5,18.13,0.19,31.93,0.223,66.8,Low,Alpha,2021,1,January,1,Sunday
2021-01-31,Portugal,10300000,3537.0,23.0,184.0,32.0,235994.0,1.5,32.77,20.91,0.25,34.34,0.223,66.86,Moderate,Alpha,2021,1,January,1,Sunday
2021-02-07,Portugal,10300000,3802.0,23.0,195.0,34.0,254774.0,1.49,36.18,23.28,0.29,36.92,0.223,68.42,Moderate,Alpha,2021,2,February,1,Sunday
2021-02-14,Portugal,10300000,4270.0,31.0,217.0,43.0,232614.0,1.84,39.08,24.57,0.29,41.45,0.301,71.37,Moderate,Alpha,2021,2,February,1,Sunday
2021-02-21,Portugal,10300000,4745.0,34.0,236.0,43.0,246650.0,1.92,42.74,27.76,0.33,46.07,0.33,73.89,Moderate,Alpha,2021,2,February,1,Sunday
2021-02-28,Portugal,10300000,4242.0,25.0,208.0,66.0,265790.0,1.6,45.9,30.43,0.33,41.18,0.243,70.53,High,Alpha,2021,2,February,1,Sunday
2021-03-07,Portugal,10300000,3771.0,22.0,182.0,52.0,248641.0,1.52,49.37,32.83,0.53,36.61,0.214,67.3,Moderate,Alpha,2021,3,March,1,Sunday
2021-03-14,Portugal,10300000,3516.0,18.0,167.0,35.0,260126.0,1.35,52.96,34.99,0.53,34.13,0.175,71.92,Moderate,Alpha,2021,3,March,1,Sunday
2021-03-21,Portugal,10300000,2670.0,16.0,124.0,30.0,249520.0,1.07,55.85,38.54,0.69,25.92,0.155,62.76,Moderate,Alpha,2021,3,March,1,Sunday
2021-03-28,Portugal,10300000,2535.0,12.0,115.0,28.0,197724.0,1.28,58.69,41.41,0.84,24.61,0.117,60.93,Moderate,Alpha,2021,3,March,1,Sunday
2021-04-04,Portugal,10300000,1810.0,10.0,80.0,20.0,216321.0,0.84,62.14,45.05,0.84,17.58,0.097,61.48,Low,Alpha,2021,4,April,2,Sunday
2021-04-11,Portugal,10300000,1184.0,5.0,51.0,9.0,194201.0,0.61,64.93,47.57,0.84,11.49,0.049,58.98,Low,Alpha,2021,4,April,2,Sunday
2021-04-18,Portugal,10300000,1478.0,8.0,63.0,13.0,186839.0,0.79,67.34,50.46,0.84,14.34,0.078,61.45,Low,Alpha,2021,4,April,2,Sunday
2021-04-25,Portugal,10300000,855.0,5.0,36.0,6.0,185222.0,0.46,70.56,53.36,0.84,8.3,0.049,60.37,Low,Alpha,2021,4,April,2,Sunday
2021-05-02,Portugal,10300000,388.0,2.0,16.0,5.0,186384.0,0.21,73.09,56.51,0.84,3.77,0.019,54.66,None,Alpha,2021,5,May,2,Sunday
2021-05-09,Portugal,10300000,1011.0,5.0,40.0,9.0,195241.0,0.52,75.59,59.22,0.85,9.82,0.049,55.18,None,Alpha,2021,5,May,2,Sunday
2021-05-16,Portugal,10300000,999.0,5.0,39.0,11.0,190070.0,0.53,77.01,61.65,1.51,9.7,0.049,51.06,None,Alpha,2021,5,May,2,Sunday
2021-05-23,Portugal,10300000,697.0,3.0,26.0,8.0,195216.0,0.36,79.26,64.53,1.51,6.77,0.029,52.33,None,Alpha,2021,5,May,2,Sunday
2021-05-30,Portugal,10300000,1037.0,5.0,39.0,8.0,239529.0,0.43,81.28,66.71,1.63,10.07,0.049,56.33,None,Alpha,2021,5,May,2,Sunday
2021-06-06,Portugal,10300000,1107.0,4.0,41.0,7.0,173537.0,0.64,82.3,68.37,1.63,10.75,0.039,53.04,None,Alpha,2021,6,June,2,Sunday
2021-06-13,Portugal,10300000,1021.0,4.0,36.0,7.0,218288.0,0.47,84.01,71.48,1.63,9.91,0.039,51.59,None,Alpha,2021,6,June,2,Sunday
2021-06-20,Portugal,10300000,2227.0,11.0,90.0,24.0,217126.0,1.03,85.56,73.43,1.98,21.62,0.107,60.45,None,Delta,2021,6,June,2,Sunday
2021-06-27,Portugal,10300000,2627.0,11.0,104.0,24.0,215371.0,1.22,85.62,75.14,2.43,25.5,0.107,63.45,Low,Delta,2021,6,June,2,Sunday
2021-07-04,Portugal,10300000,2906.0,11.0,114.0,,190529.0,1.53,87.24,76.63,2.43,28.22,0.107,61.77,Moderate,Delta,2021,7,July,3,Sunday
11/07/2021,Portugal,10300000,3411.0,14.0,131.0,21.0,248789.0,1.37,88.36,78.27,2.65,33.12,0.136,66.12,Moderate,Delta,2021,7,July,3,Sunday
2021-07-18,Portugal,10300000,4510.0,20.0,171.0,46.0,221440.0,2.04,88.67,79.93,2.65,43.79,0.194,,Moderate,Delta,2021,7,July,3,Sunday
2021-07-25,Portugal,10300000,4440.0,20.0,167.0,46.0,265794.0,1.67,89.85,80.76,2.73,43.11,0.194,69.91,High,Delta,2021,7,July,3,Sunday
2021-08-01,Portugal,10300000,5624.0,22.0,208.0,35.0,303420.0,1.85,90.22,82.34,2.84,54.61,0.214,76.06,Moderate,Delta,2021,8,August,3,Sunday
2021-08-08,Portugal,10300000,5380.0,20.0,198.0,56.0,235827.0,2.28,91.07,82.67,3.48,52.23,0.194,76.29,High,Delta,2021,8,August,3,Sunday
2021-08-15,Portugal,10300000,5231.0,18.0,190.0,40.0,285018.0,1.84,91.16,84.08,4.24,50.78,0.175,70.88,High,Delta,2021,8,August,3,Sunday
2021-08-22,Portugal,10300000,6022.0,26.0,217.0,35.0,272596.0,2.21,91.94,84.86,4.62,58.47,0.252,70.27,High,Delta,2021,8,August,3,Sunday
2021-08-29,Portugal,10300000,6023.0,20.0,215.0,44.0,,2.66,91.94,85.89,5.61,58.47,0.194,71.4,Lockdown,Delta,2021,8,August,3,Sunday
2021-09-05,Portugal,10300000,5840.0,24.0,208.0,57.0,243449.0,2.4,91.94,85.97,6.3,56.7,0.233,74.56,High,Delta,2021,9,September,3,Sunday
2021-09-12,Portugal,10300000,5774.0,19.0,205.0,54.0,272298.0,2.12,92.09,86.58,6.3,56.06,0.184,68.13,High,Delta,2021,9,September,3,Sunday
2021-09-19,Portugal,10300000,5902.0,18.0,208.0,48.0,278987.0,2.12,92.81,86.92,6.87,57.3,0.175,74.25,High,Delta,2021,9,September,3,Sunday
2021-09-26,Portugal,10300000,4964.0,16.0,174.0,34.0,224341.0,2.21,93.01,87.63,8.22,48.19,0.155,67.22,High,Delta,2021,9,September,3,Sunday
2021-10-03,Portugal,10300000,5506.0,19.0,192.0,42.0,265290.0,2.08,93.01,88.28,9.12,53.46,0.184,69.79,High,Delta,2021,10,October,4,Sunday
2021-10-10,Portugal,10300000,4881.0,16.0,170.0,37.0,272471.0,1.79,93.57,88.28,9.83,47.39,0.155,65.28,High,Delta,2021,10,October,4,Sunday
2021-10-17,Portugal,10300000,4975.0,19.0,172.0,37.0,277508.0,1.79,93.57,88.74,10.95,48.3,0.184,64.16,High,Delta,2021,10,October,4,Sunday
2021-10-24,Portugal,10300000,5423.0,19.0,187.0,44.0,254728.0,2.13,93.57,89.34,12.04,52.65,0.184,68.09,High,Delta,2021,10,October,4,Sunday
2021-10-31,Portugal,10300000,4602.0,,158.0,36.0,260435.0,1.77,93.57,89.37,12.8,44.68,0.136,69.5,High,Delta,2021,10,October,4,Sunday
2021-11-07,Portugal,10300000,5036.0,18.0,173.0,29.0,279976.0,1.8,93.57,89.64,14.05,48.89,0.175,65.81,High,Delta,2021,11,November,4,Sunday
2021-11-14,Portugal,10300000,5630.0,19.0,193.0,38.0,284565.0,1.98,93.57,89.64,15.81,54.66,0.184,,High,Delta,2021,11,November,4,Sunday
2021-11-21,Portugal,10300000,6379.0,23.0,218.0,37.0,296937.0,2.15,94.3,89.94,17.28,61.93,0.223,70.07,High,Delta,2021,11,November,4,Sunday
2021-11-28,Portugal,10300000,7641.0,28.0,261.0,66.0,298008.0,2.56,94.3,90.13,,74.18,0.272,72.61,Lockdown,Delta,2021,11,November,4,Sunday
2021-12-05,Portugal,10300000,7355.0,28.0,251.0,56.0,289011.0,2.54,94.3,90.2,20.58,71.4,0.272,75.03,High,Delta,2021,12,December,4,Sunday
2021-12-12,Portugal,10300000,10739.0,37.0,365.0,96.0,347299.0,3.09,94.3,90.41,21.88,104.26,0.359,86.09,Lockdown,Delta,2021,12,December,4,Sunday
2021-12-19,Portugal,10300000,8419.0,8.0,137.0,23.0,287793.0,2.93,94.3,90.41,23.6,81.74,0.078,64.87,High,Omicron,2021,12,December,4,Sunday
2021-12-26,Portugal,10300000,8998.0,9.0,146.0,30.0,342861.0,2.62,94.3,90.42,26.36,87.36,0.087,65.57,Lockdown,Omicron,2021,12,December,4,Sunday
2022-01-02,Portugal,10300000,9274.0,,151.0,27.0,279797.0,3.31,94.3,90.42,27.9,90.04,0.087,69.64,Lockdown,Omicron,2022,1,January,1,Sunday
2022-01-09,Portugal,10300000,8861.0,9.0,143.0,24.0,300255.0,2.95,94.3,90.99,30.04,86.02,0.087,65.17,Lockdown,Omicron,2022,1,January,1,Sunday
2022-01-16,Portugal,10300000,8144.0,7.0,132.0,37.0,301687.0,2.7,94.3,90.99,31.98,79.06,0.068,62.79,Lockdown,Omicron,2022,1,January,1,Sunday
2022-01-23,Portugal,10300000,8244.0,8.0,133.0,23.0,315425.0,2.61,94.3,90.99,33.92,80.04,0.078,,Lockdown,Omicron,2022,1,January,1,Sunday
2022-01-30,Portugal,10300000,6570.0,,106.0,19.0,294654.0,2.23,94.3,91.4,35.96,63.79,0.078,64.87,Lockdown,Omicron,2022,1,January,1,Sunday
2022-02-06,Portugal,10300000,5276.0,6.0,85.0,18.0,292435.0,1.8,94.3,91.4,38.58,51.22,0.058,58.78,Lockdown,Omicron,2022,2,February,1,Sunday
2022-02-13,Portugal,10300000,5003.0,4.0,80.0,16.0,258985.0,1.93,94.3,91.4,40.21,48.58,0.039,58.59,High,Omicron,2022,2,February,1,Sunday
2022-02-20,Portugal,10300000,4554.0,5.0,73.0,22.0,236512.0,1.93,94.3,91.4,42.44,44.22,0.049,61.42,High,Omicron,2022,2,February,1,Sunday
2022-02-27,Portugal,10300000,3819.0,4.0,61.0,19.0,237563.0,1.61,94.3,91.4,44.38,37.08,0.039,62.88,High,Omicron,2022,2,February,1,Sunday
2022-03-06,Portugal,10300000,2320.0,2.0,37.0,8.0,213193.0,1.09,94.3,91.4,46.09,22.53,0.019,56.27,Moderate,Omicron,2022,3,March,1,Sunday
2022-03-13,Portugal,10300000,2358.0,3.0,38.0,7.0,228441.0,1.03,94.3,91.4,48.01,22.89,0.029,55.38,Low,Omicron,2022,3,March,1,Sunday
2022-03-20,Portugal,10300000,1402.0,2.0,23.0,5.0,188027.0,0.75,94.3,91.4,49.45,13.61,0.019,54.4,Low,Omicron,2022,3,March,1,Sunday
2022-03-27,Portugal,10300000,1739.0,2.0,28.0,7.0,207464.0,0.84,94.3,91.4,51.46,16.88,0.019,53.71,Low,Omicron,2022,3,March,1,Sunday
2022-04-03,Portugal,10300000,1306.0,1.0,21.0,5.0,230691.0,0.57,94.4,91.4,52.8,12.68,0.01,53.34,Low,Omicron,2022,4,April,2,Sunday
2022-04-10,Portugal,10300000,1225.0,1.0,20.0,3.0,205952.0,0.59,94.4,91.46,54.26,11.9,0.01,53.27,Low,Omicron,2022,4,April,2,Sunday
2022-04-17,Portugal,10300000,1607.0,2.0,26.0,4.0,190951.0,0.84,94.4,91.46,55.0,15.6,0.019,56.95,Low,Omicron,2022,4,April,2,Sunday
2022-04-24,Portugal,10300000,1732.0,2.0,28.0,5.0,204607.0,0.85,94.4,91.46,56.59,16.82,0.019,54.63,Low,Omicron,2022,4,April,2,Sunday
2022-05-01,Portugal,10300000,1820.0,2.0,29.0,6.0,173787.0,1.05,94.4,91.46,57.09,17.67,0.019,58.33,Low,Omicron,2022,5,May,2,Sunday
2022-05-08,Portugal,10300000,2200.0,2.0,35.0,9.0,216030.0,1.02,94.4,91.81,59.1,21.36,0.019,55.17,Low,Omicron,2022,5,May,2,Sunday
2022-05-15,Portugal,10300000,2469.0,3.0,40.0,12.0,250048.0,0.99,94.4,91.81,59.45,23.97,0.029,54.98,Low,Omicron,2022,5,May,2,Sunday
2022-05-22,Portugal,10300000,2275.0,2.0,36.0,7.0,197421.0,1.15,94.4,91.81,60.37,22.08,0.019,58.74,Low,Omicron,2022,5,May,2,Sunday
2022-05-29,Portugal,10300000,3337.0,4.0,53.0,15.0,206216.0,1.62,94.4,91.81,60.9,32.39,0.039,57.09,Low,Omicron,2022,5,May,2,Sunday
2022-06-05,Portugal,10300000,3750.0,3.0,60.0,11.0,226846.0,1.65,94.4,91.81,62.03,36.41,0.029,57.34,Moderate,Omicron,2022,6,June,2,Sunday
2022-06-12,Portugal,10300000,3866.0,4.0,62.0,10.0,258790.0,1.49,94.4,91.81,62.62,37.54,0.039,57.91,Moderate,Omicron,2022,6,June,2,Sunday
06-19-2022,Portugal,10300000,4059.0,3.0,65.0,17.0,277045.0,1.47,94.4,91.81,63.84,39.41,0.029,61.76,Moderate,Omicron,2022,6,June,2,Sunday
2022-06-26,Portugal,10300000,3304.0,3.0,53.0,10.0,241288.0,1.37,94.4,91.81,64.09,32.08,0.029,57.81,Moderate,Omicron,2022,6,June,2,Sunday
2022-07-03,Portugal,10300000,4685.0,4.0,75.0,23.0,226791.0,2.07,94.4,91.81,64.16,45.48,0.039,62.09,Moderate,Omicron,2022,7,July,3,Sunday
2022-07-10,Portugal,10300000,3783.0,4.0,61.0,19.0,239399.0,1.58,94.4,91.81,64.25,36.73,0.039,57.15,High,Omicron,2022,7,July,3,Sunday
2022-07-17,Portugal,10300000,4654.0,4.0,61.0,10.0,288482.0,1.61,94.4,91.81,64.46,45.18,0.039,60.46,Moderate,Omicron (BA.5),2022,7,July,3,Sunday
2022-07-24,Portugal,10300000,4078.0,3.0,53.0,10.0,237994.0,1.71,94.4,91.81,65.19,39.59,0.029,57.63,High,Omicron (BA.5),2022,7,July,3,Sunday
2022-07-31,Portugal,10300000,3569.0,3.0,47.0,9.0,239414.0,1.49,94.4,91.81,65.41,34.65,0.029,58.72,Moderate,Omicron (BA.5),2022,7,July,3,Sunday
2022-08-07,Portugal,10300000,2568.0,2.0,34.0,10.0,226629.0,1.13,94.4,91.81,66.19,24.93,0.019,57.79,Moderate,Omicron (BA.5),2022,8,August,3,Sunday
2022-08-14,Portugal,10300000,3159.0,2.0,41.0,7.0,202297.0,1.56,94.4,91.81,66.3,30.67,0.019,53.63,Moderate,Omicron (BA.5),2022,8,August,3,Sunday
2022-08-21,Portugal,10300000,2814.0,2.0,37.0,10.0,243924.0,1.15,94.4,91.81,66.57,27.32,0.019,55.82,Moderate,Omicron (BA.5),2022,8,August,3,Sunday
2022-08-28,Portugal,10300000,2311.0,2.0,30.0,6.0,233581.0,0.99,94.4,91.81,66.57,22.44,0.019,57.42,Moderate,Omicron (BA.5),2022,8,August,3,Sunday
2022-09-04,Portugal,10300000,1717.0,2.0,23.0,,176597.0,0.97,94.4,91.81,66.99,16.67,0.019,57.2,Low,Omicron (BA.5),2022,9,September,3,Sunday
2022-09-11,Portugal,10300000,1507.0,1.0,20.0,4.0,185038.0,0.81,94.4,91.81,66.99,14.63,0.01,57.28,Low,Omicron (BA.5),2022,9,September,3,Sunday
2022-09-18,Portugal,10300000,1153.0,1.0,15.0,4.0,186322.0,0.62,94.4,91.81,67.22,11.2,0.01,53.97,Low,Omicron (BA.5),2022,9,September,3,Sunday
2022-09-25,Portugal,10300000,1205.0,1.0,16.0,4.0,214867.0,0.56,94.4,91.81,67.62,11.69,0.01,57.65,Low,Omicron (BA.5),2022,9,September,3,Sunday
2022-10-02,Portugal,10300000,637.0,0.0,8.0,1.0,182867.0,0.35,94.4,91.81,67.62,6.18,0.0,51.45,Low,Omicron (BA.5),2022,10,October,4,Sunday
2022-10-09,Portugal,10300000,698.0,1.0,9.0,2.0,201712.0,0.35,94.4,91.81,,6.77,0.01,49.45,None,Omicron (BA.5),2022,10,October,4,Sunday
2022-10-16,Portugal,10300000,504.0,0.0,7.0,2.0,189849.0,0.27,94.4,91.81,67.72,4.89,0.0,52.31,None,Omicron (BA.5),2022,10,October,4,Sunday
2022-10-23,Portugal,10300000,489.0,0.0,6.0,1.0,193538.0,0.25,94.4,91.81,67.72,4.75,0.0,55.91,None,Omicron (BA.5),2022,10,October,4,Sunday
2022-10-30,Portugal,10300000,51.0,,1.0,0.0,193520.0,0.03,94.4,91.81,67.92,0.5,0.0,49.77,None,Omicron (BA.5),2022,10,October,4,Sunday
2022-11-06,Portugal,10300000,31.0,0.0,0.0,0.0,189894.0,0.02,94.4,91.81,68.2,0.3,0.0,48.72,None,Omicron (BA.5),2022,11,November,4,Sunday
2022-11-13,Portugal,10300000,57.0,0.0,1.0,,185942.0,0.03,94.4,91.81,68.2,0.56,0.0,48.18,None,Omicron (BA.5),2022,11,November,4,Sunday
2022-11-20,Portugal,10300000,31.0,0.0,0.0,0.0,190707.0,0.02,94.4,91.81,68.64,0.3,0.0,54.23,None,Omicron (BA.5),2022,11,November,4,Sunday
2022-11-27,Portugal,10300000,31.0,0.0,0.0,0.0,189070.0,0.02,94.4,91.81,68.64,0.3,0.0,48.77,None,Omicron (BA.5),2022,11,November,4,Sunday
2022-12-04,Portugal,10300000,31.0,0.0,0.0,0.0,182727.0,0.02,94.4,91.81,68.64,0.3,0.0,53.77,None,Omicron (BA.5),2022,12,December,4,Sunday
2022-12-11,Portugal,10300000,31.0,0.0,0.0,0.0,179433.0,0.02,94.41,91.81,68.64,0.3,0.0,51.57,None,Omicron (BA.5),2022,12,December,4,Sunday
2022-12-18,Portugal,10300000,31.0,0.0,0.0,0.0,213802.0,0.01,94.41,91.81,68.64,0.3,0.0,50.47,None,Omicron (BA.5),2022,12,December,4,Sunday
2022-12-25,Portugal,10300000,31.0,0.0,0.0,0.0,179263.0,0.02,94.41,91.81,68.64,0.3,0.0,49.9,None,Omicron (BA.5),2022,12,December,4,Sunday
2021-01-03,Russia,144100000,38768.0,627.0,1784.0,392.0,1390417.0,2.79,14.33,10.1,0.0,26.9,0.435,43.3,Low,Alpha,2021,1,January,1,Sunday
2021-01-10,Russia,144100000,59408.0,793.0,2729.0,757.0,1478199.0,4.02,15.05,10.37,0.27,41.23,0.55,51.91,Low,Alpha,2021,1,January,1,Sunday
2021-01-17,Russia,144100000,57158.0,911.0,2614.0,639.0,1639549.0,3.49,16.07,11.1,0.27,39.67,0.632,52.8,Moderate,Alpha,2021,1,January,1,Sunday
2021-01-24,Russia,144100000,69913.0,1043.0,3182.0,909.0,1521957.0,4.59,17.4,11.93,0.27,48.52,0.724,46.53,Moderate,Alpha,2021,1,January,1,Sunday
2021-01-31,Russia,144100000,74875.0,1199.0,3397.0,939.0,1352381.0,5.54,18.29,12.47,0.27,51.96,0.832,54.05,Moderate,Alpha,2021,1,January,1,Sunday
2021-02-07,Russia,144100000,79952.0,1373.0,3611.0,1146.0,1686186.0,4.74,19.05,13.27,0.58,55.48,0.953,55.75,Moderate,Alpha,2021,2,February,1,Sunday
2021-02-14,Russia,144100000,76205.0,1135.0,3418.0,984.0,1619401.0,4.71,19.79,14.41,0.58,52.88,0.788,55.01,High,Alpha,2021,2,February,1,Sunday
2021-02-21,Russia,144100000,68368.0,1054.0,3066.0,495.0,1535085.0,4.45,20.89,14.41,0.58,47.44,0.731,49.58,Moderate,Alpha,2021,2,February,1,Sunday
2021-02-28,Russia,144100000,57301.0,851.0,2552.0,721.0,1658519.0,3.45,22.54,15.58,0.58,39.77,0.591,52.93,Moderate,Alpha,2021,2,February,1,Sunday
2021-03-07,Russia,144100000,56235.0,744.0,2496.0,650.0,1202878.0,4.68,23.05,16.16,0.58,39.02,0.516,50.84,Moderate,Alpha,2021,3,March,1,Sunday
2021-03-14,Russia,144100000,47250.0,763.0,2088.0,345.0,1674473.0,2.82,24.55,16.84,0.58,32.79,0.529,51.05,Moderate,Alpha,2021,3,March,1,Sunday
2021-03-21,Russia,144100000,38267.0,,1678.0,424.0,1555424.0,2.46,26.55,18.15,0.58,26.56,0.435,48.0,Low,Alpha,2021,3,March,1,Sunday
2021-03-28,Russia,144100000,26008.0,417.0,1140.0,317.0,1294187.0,2.01,27.07,18.24,0.58,18.05,0.289,47.62,Low,Alpha,2021,3,March,1,Sunday
2021-04-04,Russia,144100000,17546.0,291.0,766.0,141.0,1265774.0,1.39,28.35,18.84,1.11,12.18,0.202,48.3,Low,Alpha,2021,4,April,2,Sunday
2021-04-11,Russia,144100000,11016.0,157.0,476.0,107.0,1326357.0,0.83,29.01,20.51,1.11,7.64,0.109,44.13,None,Alpha,2021,4,April,2,Sunday
2021-04-18,Russia,144100000,17572.0,262.0,756.0,,1369087.0,1.28,30.17,21.3,1.11,12.19,0.182,46.2,None,Alpha,2021,4,April,2,Sunday
2021-04-25,Russia,144100000,13733.0,176.0,589.0,130.0,1225351.0,1.12,31.98,21.85,1.11,9.53,0.122,48.11,None,Alpha,2021,4,April,2,Sunday
2021-05-02,Russia,144100000,13738.0,222.0,586.0,175.0,1123878.0,1.22,32.87,22.66,1.11,9.53,0.154,44.64,None,Alpha,2021,5,May,2,Sunday
2021-05-09,Russia,144100000,21057.0,299.0,886.0,158.0,1559196.0,1.35,34.5,24.69,1.11,14.61,0.207,43.08,None,Alpha,2021,5,May,2,Sunday
2021-05-16,Russia,144100000,20823.0,267.0,874.0,246.0,1434211.0,1.45,35.39,25.19,1.11,14.45,0.185,47.54,Low,Alpha,2021,5,May,2,Sunday
2021-05-23,Russia,144100000,26736.0,399.0,1116.0,315.0,1384062.0,1.93,37.59,25.99,1.11,18.55,0.277,50.18,Low,Alpha,2021,5,May,2,Sunday
2021-05-30,Russia,144100000,31720.0,439.0,1311.0,297.0,1415713.0,2.24,37.59,27.59,1.11,22.01,0.305,50.41,Low,Alpha,2021,5,May,2,Sunday
2021-06-06,Russia,144100000,38150.0,580.0,1570.0,379.0,1504973.0,2.53,38.94,28.18,,26.47,0.402,49.77,Low,Alpha,2021,6,June,2,Sunday
2021-06-13,Russia,144100000,42900.0,615.0,1753.0,309.0,1548158.0,2.77,39.71,29.34,1.11,29.77,0.427,42.69,Low,Alpha,2021,6,June,2,Sunday
2021-06-20,Russia,144100000,53221.0,1021.0,2500.0,458.0,1267889.0,4.2,41.38,29.38,1.11,36.93,0.709,49.24,Low,Delta,2021,6,June,2,Sunday
2021-06-27,Russia,144100000,69586.0,1205.0,3249.0,781.0,1572281.0,4.43,42.27,30.29,1.11,48.29,0.836,51.67,Moderate,Delta,2021,6,June,2,Sunday
2021-07-04,Russia,144100000,64860.0,1098.0,2999.0,564.0,1532173.0,4.23,42.89,31.75,1.11,45.01,0.762,52.47,Moderate,Delta,2021,7,July,3,Sunday
2021-07-11,Russia,144100000,83185.0,1496.0,3825.0,1098.0,1675357.0,4.97,44.09,32.59,1.38,57.73,1.038,59.11,Moderate,Delta,2021,7,July,3,Sunday
2021-07-18,Russia,144100000,91844.0,,4191.0,,1855739.0,4.95,45.57,33.73,1.38,63.74,0.928,53.31,High,Delta,2021,7,July,3,Sunday
2021-07-25,Russia,144100000,92758.0,1326.0,4232.0,676.0,1502214.0,6.17,46.48,33.73,1.38,64.37,0.92,61.74,High,Delta,2021,7,July,3,Sunday
2021-08-01,Russia,144100000,102649.0,1910.0,4635.0,977.0,1615704.0,6.35,46.58,35.28,1.38,71.23,1.325,56.42,High,Delta,2021,8,August,3,Sunday
2021-08-08,Russia,144100000,107374.0,1945.0,4818.0,1426.0,1738549.0,6.18,47.74,36.19,1.38,74.51,1.35,56.02,High,Delta,2021,8,August,3,Sunday
2021-08-15,Russia,144100000,104004.0,1888.0,4641.0,915.0,1841580.0,5.65,49.26,36.98,1.61,72.17,1.31,59.5,High,Delta,2021,8,August,3,Sunday
2021-08-22,Russia,144100000,115997.0,1603.0,5163.0,1406.0,2015075.0,5.76,49.46,37.37,1.61,80.5,1.112,61.3,High,Delta,2021,8,August,3,Sunday
2021-08-29,Russia,144100000,105951.0,1552.0,4682.0,777.0,2069407.0,5.12,50.32,38.41,1.72,73.53,1.077,59.14,High,Delta,2021,8,August,3,Sunday
2021-09-05,Russia,144100000,99111.0,1741.0,4369.0,1346.0,1749464.0,5.67,51.3,38.76,1.91,68.78,1.208,54.63,High,Delta,2021,9,September,3,Sunday
2021-09-12,Russia,144100000,101002.0,1376.0,4425.0,1002.0,1921242.0,5.26,51.3,39.61,2.14,70.09,0.955,57.98,High,Delta,2021,9,September,3,Sunday
2021-09-19,Russia,144100000,87126.0,1327.0,3805.0,889.0,1818076.0,4.79,52.06,40.08,2.14,60.46,0.921,52.25,High,Delta,2021,9,September,3,Sunday
2021-09-26,Russia,144100000,87902.0,1284.0,3819.0,943.0,1799625.0,4.88,52.86,40.82,2.14,61.0,0.891,52.88,High,Delta,2021,9,September,3,Sunday
2021-10-03,Russia,144100000,82910.0,1404.0,3582.0,759.0,1692375.0,4.9,53.91,41.61,2.14,57.54,0.974,53.91,High,Delta,2021,10,October,4,Sunday
2021-10-10,Russia,144100000,98404.0,1495.0,4235.0,1157.0,1729245.0,5.69,54.41,42.15,2.14,68.29,1.037,54.1,High,Delta,2021,10,October,4,Sunday
2021-10-17,Russia,144100000,98549.0,1388.0,4226.0,644.0,1634869.0,6.03,54.84,42.65,2.14,68.39,0.963,58.75,High,Delta,2021,10,October,4,Sunday
2021-10-24,Russia,144100000,93309.0,1407.0,3990.0,709.0,1597512.0,5.84,55.08,43.05,2.36,64.75,0.976,53.95,High,Delta,2021,10,October,4,Sunday
2021-10-31,Russia,144100000,107029.0,1392.0,4526.0,824.0,1887824.0,5.67,55.92,44.56,2.44,74.27,0.966,56.49,High,Delta,2021,10,October,4,Sunday
2021-11-07,Russia,144100000,110591.0,1740.0,4677.0,1207.0,1849582.0,5.98,55.98,44.56,2.81,76.75,1.207,55.3,High,Delta,2021,11,November,4,Sunday
2021-11-14,Russia,144100000,124176.0,1881.0,5232.0,1577.0,1872779.0,6.63,56.6,45.06,2.81,86.17,1.305,61.79,Lockdown,Delta,2021,11,November,4,Sunday
2021-11-21,Russia,144100000,135079.0,2036.0,5692.0,,2107401.0,6.41,57.09,45.06,2.92,93.74,1.413,58.94,High,Delta,2021,11,November,4,Sunday
2021-11-28,Russia,144100000,153118.0,2168.0,6395.0,1886.0,2072766.0,7.39,57.69,46.27,3.75,106.26,1.505,65.62,Lockdown,Delta,2021,11,November,4,Sunday
2021-12-05,Russia,144100000,146471.0,1982.0,6115.0,1769.0,1916604.0,7.64,57.69,46.33,3.75,101.65,1.375,64.58,High,Delta,2021,12,December,4,Sunday
2021-12-12,Russia,144100000,172355.0,2156.0,7184.0,1171.0,2171828.0,7.94,57.72,46.53,3.75,119.61,1.496,64.06,Lockdown,Delta,2021,12,December,4,Sunday
2021-12-19,Russia,144100000,162465.0,,3230.0,563.0,2303143.0,7.05,58.51,46.91,3.89,112.74,0.563,53.14,High,Omicron,2021,12,December,4,Sunday
2021-12-26,Russia,144100000,168600.0,718.0,3333.0,698.0,2017258.0,8.36,58.81,47.65,3.89,117.0,0.498,52.2,High,Omicron,2021,12,December,4,Sunday
2022-01-02,Russia,144100000,155777.0,680.0,3080.0,522.0,2157646.0,7.22,58.81,47.65,3.89,108.1,0.472,53.97,Lockdown,Omicron,2022,1,January,1,Sunday
2022-01-09,Russia,144100000,137697.0,578.0,2720.0,759.0,2007366.0,6.86,58.81,47.79,4.63,95.56,0.401,51.02,Lockdown,Omicron,2022,1,January,1,Sunday
2022-01-16,Russia,144100000,131304.0,653.0,2583.0,609.0,1858443.0,7.07,59.49,48.3,4.63,91.12,0.453,50.04,Lockdown,Omicron,2022,1,January,1,Sunday
2022-01-23,Russia,144100000,108936.0,513.0,2139.0,470.0,1804613.0,6.04,59.49,48.57,4.93,75.6,0.356,49.84,High,Omicron,2022,1,January,1,Sunday
2022-01-30,Russia,144100000,94738.0,355.0,1845.0,504.0,1542981.0,6.14,59.49,49.62,5.32,65.74,0.246,44.87,High,Omicron,2022,1,January,1,Sunday
2022-02-06,Russia,144100000,74224.0,327.0,1446.0,289.0,1659257.0,4.47,59.63,49.62,5.5,51.51,0.227,47.42,High,Omicron,2022,2,February,1,Sunday
2022-02-13,Russia,144100000,54794.0,233.0,1067.0,318.0,1363953.0,4.02,59.88,49.65,6.6,38.02,0.162,48.07,Moderate,Omicron,2022,2,February,1,Sunday
2022-02-20,Russia,144100000,52745.0,244.0,1024.0,267.0,1649463.0,3.2,59.88,50.11,6.84,36.6,0.169,46.66,Moderate,Omicron,2022,2,February,1,Sunday
2022-02-27,Russia,144100000,27817.0,136.0,540.0,113.0,1363131.0,2.04,60.21,50.11,6.95,19.3,0.094,47.21,Moderate,Omicron,2022,2,February,1,Sunday
2022-03-06,Russia,144100000,33494.0,153.0,650.0,157.0,1342122.0,2.5,60.36,50.11,6.95,23.24,0.106,44.23,Low,Omicron,2022,3,March,1,Sunday
2022-03-13,Russia,144100000,26618.0,125.0,517.0,100.0,1493066.0,1.78,60.36,50.11,7.97,18.47,0.087,43.61,Low,Omicron,2022,3,March,1,Sunday
2022-03-20,Russia,144100000,27063.0,114.0,524.0,166.0,1255831.0,2.15,61.13,50.53,7.97,18.78,0.079,41.99,Low,Omicron,2022,3,March,1,Sunday
2022-03-27,Russia,144100000,23311.0,,449.0,101.0,1266304.0,,61.13,50.96,7.97,16.18,0.065,43.54,Low,Omicron,2022,3,March,1,Sunday
2022-04-03,Russia,144100000,26316.0,115.0,507.0,153.0,1164781.0,,61.13,50.96,8.64,18.26,0.08,49.65,Low,Omicron,2022,4,April,2,Sunday
2022-04-10,Russia,144100000,28155.0,127.0,542.0,171.0,1519282.0,1.85,61.13,51.12,9.37,19.54,0.088,45.53,Low,Omicron,2022,4,April,2,Sunday
2022-04-17,Russia,144100000,34455.0,132.0,661.0,159.0,1623660.0,2.12,61.13,51.66,9.37,23.91,0.092,43.74,Low,Omicron,2022,4,April,2,Sunday
2022-04-24,Russia,144100000,38901.0,162.0,746.0,204.0,1245563.0,3.12,61.13,51.66,10.06,27.0,0.112,42.95,Low,Omicron,2022,4,April,2,Sunday
2022-05-01,Russia,144100000,49177.0,181.0,943.0,233.0,1400470.0,3.51,61.62,51.66,,34.13,0.126,42.07,Low,Omicron,2022,5,May,2,Sunday
2022-05-08,Russia,144100000,55167.0,210.0,1058.0,175.0,1541865.0,3.58,61.62,51.66,10.69,38.28,0.146,44.34,Moderate,Omicron,2022,5,May,2,Sunday
2022-05-15,Russia,144100000,48450.0,225.0,929.0,290.0,1432356.0,3.38,61.62,51.74,11.47,33.62,0.156,47.92,Moderate,Omicron,2022,5,May,2,Sunday
2022-05-22,Russia,144100000,57587.0,214.0,1104.0,251.0,1543586.0,3.73,61.62,51.74,11.78,39.96,0.149,45.49,Low,Omicron,2022,5,May,2,Sunday
2022-05-29,Russia,144100000,63454.0,288.0,1214.0,367.0,1566917.0,4.05,61.62,51.95,12.9,44.03,0.2,44.5,Moderate,Omicron,2022,5,May,2,Sunday
2022-06-05,Russia,144100000,67720.0,270.0,1296.0,339.0,1659157.0,4.08,61.62,51.95,12.93,47.0,0.187,45.03,Moderate,Omicron,2022,6,June,2,Sunday
2022-06-12,Russia,144100000,76621.0,334.0,1466.0,246.0,1531331.0,5.0,61.62,51.95,13.87,53.17,0.232,49.29,Moderate,Omicron,2022,6,June,2,Sunday
2022-06-19,Russia,144100000,77405.0,361.0,1481.0,327.0,1689085.0,4.58,61.62,51.95,13.95,53.72,0.251,47.51,Moderate,Omicron,2022,6,June,2,Sunday
2022-06-26,Russia,144100000,85321.0,384.0,1633.0,299.0,1557111.0,5.48,61.62,51.95,14.63,59.21,0.266,46.61,High,Omicron,2022,6,June,2,Sunday
2022-07-03,Russia,144100000,79369.0,362.0,1519.0,272.0,1619753.0,4.9,61.62,51.95,15.22,55.08,0.251,47.06,High,Omicron,2022,7,July,3,Sunday
2022-07-10,Russia,144100000,76919.0,296.0,1472.0,400.0,1429879.0,5.38,61.71,51.95,16.11,53.38,0.205,53.2,High,Omicron,2022,7,July,3,Sunday
2022-07-17,Russia,144100000,67310.0,214.0,1054.0,163.0,1552445.0,4.34,61.78,51.95,16.87,46.71,0.149,49.45,Moderate,Omicron (BA.5),2022,7,July,3,Sunday
2022-07-24,Russia,144100000,54413.0,193.0,852.0,268.0,1458839.0,3.73,61.81,51.95,17.56,37.76,0.134,49.46,Moderate,Omicron (BA.5),2022,7,July,3,Sunday
2022-07-31,Russia,144100000,58437.0,210.0,915.0,207.0,1669628.0,3.5,61.81,51.95,17.56,40.55,0.146,41.6,Moderate,Omicron (BA.5),2022,7,July,3,Sunday
2022-08-07,Russia,144100000,41839.0,151.0,655.0,153.0,1448402.0,2.89,61.99,51.95,18.68,29.03,0.105,44.81,Moderate,Omicron (BA.5),2022,8,August,3,Sunday
2022-08-14,Russia,144100000,36956.0,131.0,576.0,116.0,1440704.0,2.57,61.99,52.45,19.14,25.65,0.091,43.33,Low,Omicron (BA.5),2022,8,August,3,Sunday
2022-08-21,Russia,144100000,31353.0,95.0,489.0,80.0,1391427.0,2.25,61.99,52.49,20.17,21.76,0.066,46.03,Low,Omicron (BA.5),2022,8,August,3,Sunday
2022-08-28,Russia,144100000,32384.0,100.0,505.0,126.0,1161513.0,2.79,61.99,52.49,20.57,22.47,0.069,47.37,Low,Omicron (BA.5),2022,8,August,3,Sunday
2022-09-04,Russia,144100000,17913.0,67.0,279.0,58.0,1105152.0,1.62,61.99,52.49,21.27,12.43,0.046,44.85,Low,Omicron (BA.5),2022,9,September,3,Sunday
2022-09-11,Russia,144100000,19958.0,67.0,311.0,80.0,1293408.0,1.54,61.99,52.49,21.7,13.85,0.046,41.95,None,Omicron (BA.5),2022,9,September,3,Sunday
2022-09-18,Russia,144100000,14448.0,51.0,225.0,55.0,1323854.0,1.09,62.29,52.49,23.08,10.03,0.035,42.21,Low,Omicron (BA.5),2022,9,September,3,Sunday
2022-09-25,Russia,144100000,7944.0,27.0,124.0,23.0,1233315.0,0.64,62.29,52.49,23.08,5.51,0.019,45.11,None,Omicron (BA.5),2022,9,September,3,Sunday
2022-10-02,Russia,144100000,4637.0,17.0,72.0,16.0,1152029.0,0.4,62.29,52.56,23.69,3.22,0.012,45.2,None,Omicron (BA.5),2022,10,October,4,Sunday
2022-10-09,Russia,144100000,978.0,4.0,15.0,,1192780.0,0.08,62.29,52.68,24.45,0.68,0.003,43.58,None,Omicron (BA.5),2022,10,October,4,Sunday
2022-10-16,Russia,144100000,5233.0,16.0,81.0,15.0,1208589.0,0.43,62.29,52.68,24.94,3.63,0.011,43.75,None,Omicron (BA.5),2022,10,October,4,Sunday
2022-10-23,Russia,144100000,2593.0,10.0,40.0,11.0,1301998.0,0.2,62.29,52.81,25.38,1.8,0.007,43.43,None,Omicron (BA.5),2022,10,October,4,Sunday
2022-10-30,Russia,144100000,432.0,,7.0,1.0,1283130.0,0.03,62.29,52.81,25.65,0.3,0.001,43.87,None,Omicron (BA.5),2022,10,October,4,Sunday
2022-11-06,Russia,144100000,432.0,1.0,7.0,1.0,1159268.0,0.04,62.29,52.81,26.55,0.3,0.001,44.99,None,Omicron (BA.5),2022,11,November,4,Sunday
2022-11-13,Russia,144100000,2149.0,8.0,33.0,8.0,1218130.0,0.18,62.78,52.81,27.03,1.49,0.006,44.85,None,Omicron (BA.5),2022,11,November,4,Sunday
2022-11-20,Russia,144100000,432.0,1.0,7.0,2.0,1239772.0,0.03,62.78,52.81,28.36,0.3,0.001,43.26,None,Omicron (BA.5),2022,11,November,4,Sunday
2022-11-27,Russia,144100000,432.0,1.0,7.0,2.0,1254176.0,0.03,62.79,52.81,29.06,0.3,0.001,43.08,None,Omicron (BA.5),2022,11,November,4,Sunday
2022-12-04,Russia,144100000,432.0,1.0,7.0,2.0,1373334.0,0.03,62.79,52.81,29.06,0.3,0.001,42.98,None,Omicron (BA.5),2022,12,December,4,Sunday
2022-12-11,Russia,144100000,432.0,2.0,7.0,2.0,1210239.0,0.04,62.79,52.81,29.06,0.3,0.001,41.25,None,Omicron (BA.5),2022,12,December,4,Sunday
2022-12-18,Russia,144100000,1421.0,4.0,22.0,5.0,1332711.0,0.11,62.79,52.81,30.1,0.99,0.003,41.26,None,Omicron (BA.5),2022,12,December,4,Sunday
2022-12-25,Russia,144100000,432.0,2.0,7.0,2.0,1100398.0,0.04,62.79,52.81,30.1,0.3,0.001,44.56,None,Omicron (BA.5),2022,12,December,4,Sunday
2021-01-03,Saudi Arabia,35300000,1476.0,10.0,43.0,10.0,504083.0,0.29,18.43,11.08,0.15,4.18,0.028,52.39,None,Alpha,2021,1,January,1,Sunday
2021-01-10,Saudi Arabia,35300000,2234.0,14.0,65.0,11.0,481132.0,0.46,20.35,12.63,0.4,6.33,0.04,51.95,None,Alpha,2021,1,January,1,Sunday
2021-01-17,Saudi Arabia,35300000,3916.0,22.0,113.0,18.0,464673.0,0.84,21.7,13.79,0.4,11.09,0.062,62.57,None,Alpha,2021,1,January,1,Sunday
2021-01-24,Saudi Arabia,35300000,5723.0,40.0,163.0,28.0,565032.0,1.01,23.0,15.57,0.4,16.21,0.113,63.43,Low,Alpha,2021,1,January,1,Sunday
2021-01-31,Saudi Arabia,35300000,5857.0,37.0,167.0,44.0,509064.0,1.15,25.33,16.14,0.48,16.59,0.105,66.23,Moderate,Alpha,2021,1,January,1,Sunday
07/02/2021,Saudi Arabia,35300000,7279.0,44.0,205.0,31.0,524378.0,1.39,28.29,17.9,0.48,20.62,0.125,66.6,Moderate,Alpha,2021,2,February,1,Sunday
2021-02-14,Saudi Arabia,35300000,8758.0,58.0,244.0,77.0,617430.0,1.42,29.39,19.56,0.68,24.81,0.164,72.29,Moderate,Alpha,2021,2,February,1,Sunday
2021-02-21,Saudi Arabia,35300000,8565.0,45.0,236.0,51.0,460381.0,1.86,32.2,21.07,0.68,24.26,0.127,69.25,Moderate,Alpha,2021,2,February,1,Sunday
2021-02-28,Saudi Arabia,35300000,8708.0,55.0,238.0,49.0,609073.0,1.43,33.59,22.66,0.68,24.67,0.156,72.26,Moderate,Alpha,2021,2,February,1,Sunday
2021-03-07,Saudi Arabia,35300000,8723.0,50.0,236.0,54.0,542697.0,1.61,36.26,24.56,0.68,24.71,0.142,73.27,Moderate,Alpha,2021,3,March,1,Sunday
2021-03-14,Saudi Arabia,35300000,8179.0,40.0,218.0,52.0,533693.0,1.53,39.27,26.58,0.68,23.17,0.113,68.2,Moderate,Alpha,2021,3,March,1,Sunday
2021-03-21,Saudi Arabia,35300000,7414.0,47.0,195.0,43.0,639316.0,1.16,41.35,28.57,0.86,21.0,0.133,65.74,Moderate,Alpha,2021,3,March,1,Sunday
2021-03-28,Saudi Arabia,35300000,5116.0,30.0,133.0,31.0,490915.0,1.04,43.54,30.02,0.86,14.49,0.085,61.75,Moderate,Alpha,2021,3,March,1,Sunday
2021-04-04,Saudi Arabia,35300000,3444.0,17.0,89.0,18.0,520563.0,0.66,45.7,31.7,0.86,9.76,0.048,54.36,Low,Alpha,2021,4,April,2,Sunday
2021-04-11,Saudi Arabia,35300000,3915.0,23.0,99.0,20.0,502766.0,0.78,47.59,34.37,0.86,11.09,0.065,53.63,Low,Alpha,2021,4,April,2,Sunday
2021-04-18,Saudi Arabia,35300000,2364.0,14.0,59.0,9.0,479022.0,0.49,50.57,35.56,0.86,6.7,0.04,54.27,Low,Alpha,2021,4,April,2,Sunday
2021-04-25,Saudi Arabia,35300000,2680.0,15.0,66.0,17.0,460843.0,0.58,52.38,38.39,0.86,7.59,0.042,53.83,Low,Alpha,2021,4,April,2,Sunday
2021-05-02,Saudi Arabia,35300000,2376.0,10.0,58.0,15.0,453716.0,0.52,54.02,40.21,0.86,6.73,0.028,52.97,Low,Alpha,2021,5,May,2,Sunday
2021-05-09,Saudi Arabia,35300000,106.0,0.0,3.0,1.0,477450.0,0.02,56.41,42.19,0.86,0.3,0.0,49.04,Low,Alpha,2021,5,May,2,Sunday
2021-05-16,Saudi Arabia,35300000,792.0,4.0,19.0,6.0,469949.0,0.17,58.4,43.85,0.93,2.24,0.011,51.0,None,Alpha,2021,5,May,2,Sunday
2021-05-23,Saudi Arabia,35300000,1836.0,12.0,50.0,12.0,437357.0,0.42,59.88,44.87,1.01,5.2,0.034,52.08,None,Delta,2021,5,May,2,Sunday
2021-05-30,Saudi Arabia,35300000,850.0,5.0,23.0,7.0,401723.0,0.21,61.59,47.0,1.01,2.41,0.014,46.95,None,Delta,2021,5,May,2,Sunday
2021-06-06,Saudi Arabia,35300000,3024.0,17.0,79.0,18.0,454006.0,0.67,63.07,49.14,1.39,8.57,0.048,53.81,None,Delta,2021,6,June,2,Sunday
2021-06-13,Saudi Arabia,35300000,3774.0,19.0,98.0,23.0,527759.0,0.72,64.24,50.52,1.39,10.69,0.054,58.79,Low,Delta,2021,6,June,2,Sunday
2021-06-20,Saudi Arabia,35300000,3893.0,21.0,100.0,26.0,537746.0,0.72,65.76,52.22,1.49,11.03,0.059,57.87,Low,Delta,2021,6,June,2,Sunday
2021-06-27,Saudi Arabia,35300000,3922.0,22.0,99.0,18.0,513747.0,0.76,67.16,54.02,1.49,11.11,0.062,56.05,Low,Delta,2021,6,June,2,Sunday
2021-07-04,Saudi Arabia,35300000,4300.0,20.0,107.0,20.0,434019.0,0.99,68.34,55.23,1.64,12.18,0.057,56.27,Low,Delta,2021,7,July,3,Sunday
2021-07-11,Saudi Arabia,35300000,8012.0,44.0,199.0,47.0,597097.0,1.34,69.26,56.27,1.73,22.7,0.125,69.07,Low,Delta,2021,7,July,3,Sunday
2021-07-18,Saudi Arabia,35300000,9162.0,49.0,224.0,36.0,643992.0,1.42,69.73,58.17,1.73,25.96,0.139,69.49,Moderate,Delta,2021,7,July,3,Sunday
2021-07-25,Saudi Arabia,35300000,10352.0,52.0,251.0,48.0,612272.0,1.69,70.95,59.25,2.05,29.32,0.147,74.65,High,Delta,2021,7,July,3,Sunday
2021-08-01,Saudi Arabia,35300000,9180.0,51.0,221.0,63.0,675898.0,1.36,71.65,60.12,2.08,26.01,0.144,71.94,High,Delta,2021,8,August,3,Sunday
2021-08-08,Saudi Arabia,35300000,10630.0,46.0,253.0,58.0,544408.0,1.95,71.98,61.44,,30.11,0.13,72.19,High,Delta,2021,8,August,3,Sunday
2021-08-15,Saudi Arabia,35300000,13008.0,55.0,307.0,47.0,685766.0,1.9,72.67,62.21,3.21,36.85,0.156,80.8,High,Delta,2021,8,August,3,Sunday
2021-08-22,Saudi Arabia,35300000,11797.0,56.0,276.0,44.0,577714.0,2.04,73.56,63.45,3.21,33.42,0.159,75.64,High,Delta,2021,8,August,3,Sunday
2021-08-29,Saudi Arabia,35300000,13436.0,64.0,313.0,96.0,713302.0,1.88,74.27,63.91,3.21,38.06,0.181,79.7,High,Delta,2021,8,August,3,Sunday
2021-09-05,Saudi Arabia,35300000,13255.0,57.0,306.0,96.0,686549.0,1.93,74.27,65.0,3.26,37.55,0.161,72.85,High,Delta,2021,9,September,3,Sunday
2021-09-12,Saudi Arabia,35300000,13135.0,70.0,303.0,78.0,746374.0,1.76,75.19,65.0,3.58,37.21,0.198,75.59,High,Delta,2021,9,September,3,Sunday
2021-09-19,Saudi Arabia,35300000,13846.0,59.0,317.0,58.0,691332.0,2.0,75.41,66.04,3.97,39.23,0.167,77.14,High,Delta,2021,9,September,3,Sunday
2021-09-26,Saudi Arabia,35300000,13224.0,56.0,302.0,64.0,632788.0,2.09,75.44,66.35,4.2,37.46,0.159,77.12,Lockdown,Delta,2021,9,September,3,Sunday
2021-10-03,Saudi Arabia,35300000,11125.0,55.0,253.0,51.0,593098.0,1.88,75.6,66.72,5.17,31.51,0.156,73.26,High,Delta,2021,10,October,4,Sunday
2021-10-10,Saudi Arabia,35300000,10980.0,55.0,247.0,70.0,602526.0,1.82,76.04,67.8,5.17,31.1,0.156,72.76,High,Delta,2021,10,October,4,Sunday
2021-10-17,Saudi Arabia,35300000,9597.0,43.0,215.0,52.0,566606.0,1.69,76.04,68.14,6.01,27.19,0.122,69.85,High,Delta,2021,10,October,4,Sunday
2021-10-24,Saudi Arabia,35300000,9813.0,37.0,220.0,62.0,658569.0,1.49,76.31,68.14,6.61,27.8,0.105,67.93,High,Delta,2021,10,October,4,Sunday
2021-10-31,Saudi Arabia,35300000,9646.0,41.0,215.0,45.0,651976.0,1.48,76.31,68.82,7.1,27.33,0.116,70.87,High,Delta,2021,10,October,4,Sunday
2021-11-07,Saudi Arabia,35300000,9917.0,40.0,221.0,66.0,524924.0,1.89,76.31,69.1,7.78,28.09,0.113,74.27,High,Delta,2021,11,November,4,Sunday
2021-11-14,Saudi Arabia,35300000,11630.0,51.0,259.0,58.0,628080.0,1.85,77.55,69.1,8.6,32.95,0.144,72.7,High,Delta,2021,11,November,4,Sunday
2021-11-21,Saudi Arabia,35300000,13274.0,19.0,141.0,31.0,658053.0,2.02,77.55,69.21,9.06,37.6,0.054,60.01,High,Omicron,2021,11,November,4,Sunday
2021-11-28,Saudi Arabia,35300000,14213.0,19.0,151.0,35.0,629184.0,2.26,77.55,69.22,9.71,40.26,0.054,60.96,High,Omicron,2021,11,November,4,Sunday
2021-12-05,Saudi Arabia,35300000,15775.0,21.0,167.0,42.0,722837.0,2.18,77.55,69.81,10.79,44.69,0.059,64.51,Lockdown,Omicron,2021,12,December,4,Sunday
2021-12-12,Saudi Arabia,35300000,16621.0,24.0,175.0,53.0,796420.0,2.09,77.55,70.04,11.71,47.09,0.068,63.78,High,Omicron,2021,12,December,4,Sunday
2021-12-19,Saudi Arabia,35300000,19119.0,23.0,201.0,46.0,810571.0,2.36,77.55,70.5,12.72,54.16,0.065,63.4,High,Omicron,2021,12,December,4,Sunday
2021-12-26,Saudi Arabia,35300000,20268.0,24.0,213.0,66.0,860291.0,2.36,77.55,70.5,12.93,57.42,0.068,65.29,Lockdown,Omicron,2021,12,December,4,Sunday
2022-01-02,Saudi Arabia,35300000,18911.0,27.0,199.0,43.0,709692.0,2.66,77.55,70.5,14.42,53.57,0.076,70.07,Lockdown,Omicron,2022,1,January,1,Sunday
2022-01-09,Saudi Arabia,35300000,19733.0,22.0,207.0,42.0,769521.0,2.56,77.55,70.75,15.24,55.9,0.062,71.53,High,Omicron,2022,1,January,1,Sunday
2022-01-16,Saudi Arabia,35300000,19297.0,23.0,202.0,40.0,713159.0,2.71,77.75,70.75,16.85,54.67,0.065,71.82,Lockdown,Omicron,2022,1,January,1,Sunday
2022-01-23,Saudi Arabia,35300000,19586.0,22.0,205.0,31.0,779358.0,2.51,77.75,70.75,18.08,55.48,0.062,68.69,Lockdown,Omicron,2022,1,January,1,Sunday
2022-01-30,Saudi Arabia,35300000,16706.0,22.0,175.0,52.0,733395.0,2.28,77.81,70.75,18.99,47.33,0.062,62.62,Lockdown,Omicron,2022,1,January,1,Sunday
2022-02-06,Saudi Arabia,35300000,15593.0,21.0,163.0,27.0,748553.0,,77.94,71.25,20.1,44.17,0.059,62.79,Lockdown,Omicron,2022,2,February,1,Sunday
2022-02-13,Saudi Arabia,35300000,14176.0,19.0,148.0,31.0,740951.0,1.91,77.94,71.27,21.78,40.16,0.054,58.64,High,Omicron,2022,2,February,1,Sunday
2022-02-20,Saudi Arabia,35300000,11797.0,15.0,123.0,24.0,663743.0,1.78,77.94,71.36,22.86,33.42,0.042,56.02,Lockdown,Omicron,2022,2,February,1,Sunday
2022-02-27,Saudi Arabia,35300000,10769.0,14.0,112.0,31.0,569104.0,1.89,78.25,71.36,24.66,30.51,0.04,59.38,High,Omicron,2022,2,February,1,Sunday
2022-03-06,Saudi Arabia,35300000,8488.0,10.0,89.0,27.0,509613.0,1.67,78.25,71.36,26.1,24.04,0.028,57.77,High,Omicron,2022,3,March,1,Sunday
2022-03-13,Saudi Arabia,35300000,7106.0,10.0,74.0,21.0,570138.0,1.25,78.25,71.36,27.21,20.13,0.028,59.8,Moderate,Omicron,2022,3,March,1,Sunday
2022-03-20,Saudi Arabia,35300000,4506.0,7.0,47.0,10.0,562356.0,0.8,78.25,71.36,28.32,12.77,0.02,51.97,Moderate,Omicron,2022,3,March,1,Sunday
2022-03-27,Saudi Arabia,35300000,3613.0,5.0,38.0,9.0,485556.0,0.74,78.25,71.44,30.14,10.23,0.014,47.87,Low,Omicron,2022,3,March,1,Sunday
2022-04-03,Saudi Arabia,35300000,1945.0,2.0,20.0,4.0,401568.0,0.48,78.25,71.55,30.99,5.51,0.006,49.15,Low,Omicron,2022,4,April,2,Sunday
2022-04-10,Saudi Arabia,35300000,3001.0,4.0,31.0,10.0,555228.0,0.54,78.25,71.55,32.08,8.5,0.011,49.86,None,Omicron,2022,4,April,2,Sunday
2022-04-17,Saudi Arabia,35300000,3455.0,4.0,36.0,6.0,502707.0,0.69,78.25,71.55,33.3,9.79,0.011,49.84,Low,Omicron,2022,4,April,2,Sunday
2022-04-24,Saudi Arabia,35300000,3172.0,4.0,33.0,10.0,485404.0,0.65,78.25,71.55,34.54,8.99,0.011,51.62,Low,Omicron,2022,4,April,2,Sunday
2022-05-01,Saudi Arabia,35300000,2446.0,4.0,25.0,7.0,422634.0,0.58,78.51,71.86,35.96,6.93,0.011,46.92,Low,Omicron,2022,5,May,2,Sunday
2022-05-08,Saudi Arabia,35300000,4283.0,5.0,44.0,12.0,498846.0,0.86,78.51,71.86,37.27,12.13,0.014,52.2,Low,Omicron,2022,5,May,2,Sunday
2022-05-15,Saudi Arabia,35300000,4892.0,6.0,51.0,14.0,536761.0,0.91,78.51,71.86,37.84,13.86,0.017,54.21,Low,Omicron,2022,5,May,2,Sunday
2022-05-22,Saudi Arabia,35300000,4562.0,6.0,47.0,10.0,523303.0,0.87,78.51,71.86,39.21,12.92,0.017,55.73,Low,Omicron,2022,5,May,2,Sunday
2022-05-29,Saudi Arabia,35300000,5790.0,8.0,60.0,12.0,495910.0,1.17,78.51,71.86,40.44,16.4,0.023,54.27,Low,Omicron,2022,5,May,2,Sunday
2022-06-05,Saudi Arabia,35300000,7703.0,10.0,80.0,17.0,555221.0,1.39,78.51,71.86,41.56,21.82,0.028,58.12,Moderate,Omicron,2022,6,June,2,Sunday
2022-06-12,Saudi Arabia,35300000,7717.0,9.0,80.0,14.0,530498.0,1.45,78.51,71.86,42.29,21.86,0.025,54.4,Moderate,Omicron,2022,6,June,2,Sunday
2022-06-19,Saudi Arabia,35300000,8513.0,9.0,72.0,20.0,647993.0,1.31,78.51,71.86,43.25,24.12,0.025,53.94,Moderate,Omicron (BA.5),2022,6,June,2,Sunday
2022-06-26,Saudi Arabia,35300000,7770.0,7.0,66.0,15.0,598933.0,1.3,78.51,72.11,43.63,22.01,0.02,57.47,Moderate,Omicron (BA.5),2022,6,June,2,Sunday
2022-07-03,Saudi Arabia,35300000,8074.0,9.0,68.0,20.0,540554.0,1.49,78.51,72.14,44.51,22.87,0.025,50.87,Moderate,Omicron (BA.5),2022,7,July,3,Sunday
2022-07-10,Saudi Arabia,35300000,9258.0,9.0,78.0,23.0,530174.0,1.75,78.51,72.14,45.49,26.23,0.025,54.3,Moderate,Omicron (BA.5),2022,7,July,3,Sunday
2022-07-17,Saudi Arabia,35300000,8750.0,8.0,74.0,13.0,588799.0,1.49,78.51,72.14,46.34,24.79,0.023,57.72,High,Omicron (BA.5),2022,7,July,3,Sunday
2022-07-24,Saudi Arabia,35300000,8108.0,9.0,69.0,13.0,542553.0,1.49,78.51,72.14,46.89,22.97,0.025,53.87,Moderate,Omicron (BA.5),2022,7,July,3,Sunday
2022-07-31,Saudi Arabia,35300000,9159.0,9.0,78.0,,563605.0,1.63,78.51,72.14,47.15,25.95,0.025,54.59,Moderate,Omicron (BA.5),2022,7,July,3,Sunday
2022-08-07,Saudi Arabia,35300000,5972.0,6.0,51.0,9.0,479695.0,1.24,78.51,72.14,47.88,16.92,0.017,51.92,Moderate,Omicron (BA.5),2022,8,August,3,Sunday
2022-08-14,Saudi Arabia,35300000,6459.0,6.0,55.0,15.0,492710.0,1.31,78.51,72.45,48.9,18.3,0.017,53.28,Moderate,Omicron (BA.5),2022,8,August,3,Sunday
2022-08-21,Saudi Arabia,35300000,6284.0,6.0,53.0,15.0,539975.0,1.16,78.51,72.45,49.08,17.8,0.017,55.5,Moderate,Omicron (BA.5),2022,8,August,3,Sunday
2022-08-28,Saudi Arabia,35300000,5244.0,5.0,44.0,12.0,503937.0,1.04,78.51,72.45,49.29,14.86,0.014,54.19,Moderate,Omicron (BA.5),2022,8,August,3,Sunday
2022-09-04,Saudi Arabia,35300000,2965.0,3.0,25.0,6.0,570152.0,0.52,78.51,72.45,49.43,8.4,0.008,49.99,Low,Omicron (BA.5),2022,9,September,3,Sunday
2022-09-11,Saudi Arabia,35300000,3800.0,3.0,32.0,9.0,513065.0,0.74,78.51,72.45,49.88,10.76,0.008,53.39,Low,Omicron (BA.5),2022,9,September,3,Sunday
2022-09-18,Saudi Arabia,35300000,2956.0,3.0,25.0,6.0,431317.0,0.69,78.51,72.45,50.43,8.37,0.008,50.81,Low,Omicron (BA.5),2022,9,September,3,Sunday
2022-09-25,Saudi Arabia,35300000,4127.0,4.0,35.0,11.0,434607.0,0.95,78.51,72.45,50.82,11.69,0.011,53.11,Low,Omicron (BA.5),2022,9,September,3,Sunday
2022-10-02,Saudi Arabia,35300000,2288.0,3.0,19.0,5.0,478203.0,0.48,78.51,72.45,51.18,6.48,0.008,46.78,Low,Omicron (BA.5),2022,10,October,4,Sunday
2022-10-09,Saudi Arabia,35300000,909.0,1.0,8.0,2.0,425478.0,0.21,78.51,72.45,51.38,2.57,0.003,52.59,None,Omicron (BA.5),2022,10,October,4,Sunday
2022-10-16,Saudi Arabia,35300000,106.0,0.0,1.0,0.0,470762.0,0.02,78.51,72.45,51.39,0.3,0.0,48.08,None,Omicron (BA.5),2022,10,October,4,Sunday
2022-10-23,Saudi Arabia,35300000,1329.0,1.0,11.0,3.0,456828.0,0.29,78.51,72.45,51.56,3.77,0.003,41.67,None,Omicron (BA.5),2022,10,October,4,Sunday
2022-10-30,Saudi Arabia,35300000,1147.0,1.0,10.0,2.0,373221.0,0.31,78.51,72.45,52.52,3.25,0.003,52.59,None,Omicron (BA.5),2022,10,October,4,Sunday
2022-11-06,Saudi Arabia,35300000,334.0,0.0,3.0,1.0,394401.0,0.08,78.51,72.45,52.52,0.95,0.0,47.75,None,Omicron (BA.5),2022,11,November,4,Sunday
2022-11-13,Saudi Arabia,35300000,798.0,1.0,7.0,2.0,413867.0,0.19,78.51,72.45,52.52,2.26,0.003,47.15,None,Omicron (BA.5),2022,11,November,4,Sunday
2022-11-20,Saudi Arabia,35300000,106.0,0.0,1.0,0.0,440489.0,0.02,78.51,72.45,52.52,0.3,0.0,46.02,None,Omicron (BA.5),2022,11,November,4,Sunday
2022-11-27,Saudi Arabia,35300000,900.0,1.0,8.0,1.0,402280.0,0.22,78.51,72.45,52.52,2.55,0.003,49.34,None,Omicron (BA.5),2022,11,November,4,Sunday
2022-12-04,Saudi Arabia,35300000,810.0,1.0,7.0,1.0,443051.0,0.18,78.51,72.45,52.92,2.29,0.003,45.92,None,Omicron (BA.5),2022,12,December,4,Sunday
2022-12-11,Saudi Arabia,35300000,106.0,,1.0,0.0,379968.0,0.03,78.51,72.45,52.92,0.3,0.0,46.09,None,Omicron (BA.5),2022,12,December,4,Sunday
2022-12-18,Saudi Arabia,35300000,106.0,0.0,1.0,0.0,425655.0,0.02,78.52,72.45,53.3,0.3,0.0,46.15,None,Omicron (BA.5),2022,12,December,4,Sunday
2022-12-25,Saudi Arabia,35300000,1460.0,1.0,12.0,4.0,462323.0,0.32,78.52,72.45,53.3,4.14,0.003,47.91,None,Omicron (BA.5),2022,12,December,4,Sunday
2021-01-03,South Africa,60400000,9029.0,136.0,415.0,110.0,191231.0,4.72,12.67,8.34,0.25,14.95,0.225,46.83,None,Alpha,2021,1,January,1,Sunday
2021-01-10,South Africa,60400000,16345.0,190.0,747.0,116.0,217650.0,7.51,13.35,9.3,0.37,27.06,0.315,53.8,None,Alpha,2021,1,January,1,Sunday
2021-01-17,South Africa,60400000,20611.0,264.0,942.0,206.0,236205.0,8.73,14.47,9.3,0.37,34.12,0.437,46.22,Low,Alpha,2021,1,January,1,Sunday
2021-01-24,South Africa,60400000,21468.0,268.0,975.0,295.0,286594.0,7.49,15.81,10.3,0.37,35.54,0.444,54.25,Low,Alpha,2021,1,January,1,Sunday
2021-01-31,South Africa,60400000,28595.0,321.0,1295.0,342.0,275693.0,10.37,16.07,10.82,0.37,47.34,0.531,60.67,Low,Alpha,2021,1,January,1,Sunday
2021-02-07,South Africa,60400000,36301.0,500.0,1637.0,312.0,301066.0,,17.78,11.58,0.47,60.1,0.828,57.7,Moderate,Alpha,2021,2,February,1,Sunday
2021-02-14,South Africa,60400000,40886.0,508.0,1831.0,540.0,265382.0,15.41,18.81,12.71,0.47,67.69,0.841,61.69,Moderate,Alpha,2021,2,February,1,Sunday
2021-02-21,South Africa,60400000,45589.0,569.0,2034.0,425.0,273673.0,16.66,19.69,13.34,0.47,75.48,0.942,62.99,Moderate,Alpha,2021,2,February,1,Sunday
2021-02-28,South Africa,60400000,45788.0,512.0,2031.0,599.0,311741.0,14.69,20.59,14.38,0.47,75.81,0.848,62.6,Moderate,Alpha,2021,2,February,1,Sunday
2021-03-07,South Africa,60400000,50622.0,570.0,2240.0,450.0,311221.0,16.27,22.23,14.75,0.58,83.81,0.944,66.31,High,Alpha,2021,3,March,1,Sunday
2021-03-14,South Africa,60400000,43198.0,600.0,1904.0,477.0,309239.0,13.97,23.25,15.43,0.58,71.52,0.993,67.01,High,Alpha,2021,3,March,1,Sunday
2021-03-21,South Africa,60400000,38596.0,409.0,1691.0,368.0,283519.0,13.61,24.69,16.44,0.81,63.9,0.677,65.7,Moderate,Alpha,2021,3,March,1,Sunday
2021-03-28,South Africa,60400000,32995.0,369.0,1436.0,282.0,283802.0,11.63,25.86,17.48,0.81,54.63,0.611,57.48,Moderate,Alpha,2021,3,March,1,Sunday
2021-04-04,South Africa,60400000,27215.0,308.0,1178.0,354.0,270460.0,10.06,27.57,18.37,0.81,45.06,0.51,60.25,Moderate,Alpha,2021,4,April,2,Sunday
2021-04-11,South Africa,60400000,18916.0,227.0,816.0,148.0,267620.0,7.07,28.25,18.92,0.81,31.32,0.376,51.61,Low,Alpha,2021,4,April,2,Sunday
2021-04-18,South Africa,60400000,13275.0,162.0,568.0,93.0,257255.0,5.16,29.25,20.21,0.81,21.98,0.268,53.19,Low,Alpha,2021,4,April,2,Sunday
2021-04-25,South Africa,60400000,11790.0,139.0,502.0,104.0,207981.0,5.67,30.84,21.2,0.81,19.52,0.23,47.85,Low,Alpha,2021,4,April,2,Sunday
2021-05-02,South Africa,60400000,8452.0,86.0,356.0,97.0,190994.0,4.43,32.06,22.85,0.87,13.99,0.142,46.81,Low,Alpha,2021,5,May,2,Sunday
2021-05-09,South Africa,60400000,6667.0,71.0,279.0,80.0,248001.0,2.69,33.6,23.62,0.87,11.04,0.118,46.55,None,Alpha,2021,5,May,2,Sunday
2021-05-16,South Africa,60400000,5683.0,72.0,238.0,76.0,249452.0,2.28,34.61,23.76,0.87,9.41,0.119,53.14,None,Alpha,2021,5,May,2,Sunday
2021-05-23,South Africa,60400000,6655.0,103.0,318.0,64.0,210834.0,3.16,35.62,24.89,0.87,11.02,0.171,48.19,None,Delta,2021,5,May,2,Sunday
2021-05-30,South Africa,60400000,10553.0,162.0,502.0,110.0,201473.0,5.24,37.07,25.5,0.87,17.47,0.268,46.31,None,Delta,2021,5,May,2,Sunday
2021-06-06,South Africa,60400000,11394.0,174.0,538.0,93.0,240111.0,4.75,37.36,26.71,0.87,18.86,0.288,50.9,None,Delta,2021,6,June,2,Sunday
2021-06-13,South Africa,60400000,14857.0,231.0,696.0,172.0,262750.0,5.65,38.57,27.91,0.87,24.6,0.382,49.3,None,Delta,2021,6,June,2,Sunday
2021-06-20,South Africa,60400000,18665.0,230.0,868.0,277.0,287652.0,6.49,39.49,29.1,0.87,30.9,0.381,50.87,Low,Delta,2021,6,June,2,Sunday
2021-06-27,South Africa,60400000,25334.0,345.0,1176.0,317.0,274541.0,9.23,40.63,29.43,1.1,41.94,0.571,57.74,Low,Delta,2021,6,June,2,Sunday
2021-07-04,South Africa,60400000,28094.0,400.0,1296.0,326.0,260695.0,10.78,41.26,30.33,1.1,46.51,0.662,56.86,Low,Delta,2021,7,July,3,Sunday
2021-07-11,South Africa,60400000,32206.0,429.0,1482.0,321.0,256452.0,12.56,42.75,30.75,1.1,53.32,0.71,59.52,Low,Delta,2021,7,July,3,Sunday
18/07/2021,South Africa,60400000,40940.0,624.0,1866.0,,292384.0,14.0,43.34,32.18,1.1,67.78,1.033,63.06,Moderate,Delta,2021,7,July,3,Sunday
2021-07-25,South Africa,60400000,49407.0,675.0,2244.0,526.0,300197.0,16.46,43.77,32.73,1.1,81.8,1.118,68.01,Moderate,Delta,2021,7,July,3,Sunday
2021-08-01,South Africa,60400000,49528.0,728.0,2235.0,386.0,282788.0,17.51,44.66,33.67,1.2,82.0,1.205,68.13,High,Delta,2021,8,August,3,Sunday
2021-08-08,South Africa,60400000,52951.0,791.0,2379.0,505.0,365493.0,14.49,45.78,34.32,1.64,87.67,1.31,63.81,High,Delta,2021,8,August,3,Sunday
2021-08-15,South Africa,60400000,55194.0,740.0,2464.0,398.0,363546.0,15.18,46.61,35.29,1.64,91.38,1.225,71.25,High,Delta,2021,8,August,3,Sunday
2021-08-22,South Africa,60400000,63988.0,960.0,2852.0,526.0,364527.0,17.55,47.59,35.48,1.64,105.94,1.589,71.38,High,Delta,2021,8,August,3,Sunday
2021-08-29,South Africa,60400000,69970.0,952.0,3103.0,475.0,319647.0,21.89,48.47,36.24,1.64,115.84,1.576,72.98,High,Delta,2021,8,August,3,Sunday
2021-09-05,South Africa,60400000,66255.0,953.0,2903.0,659.0,361431.0,18.33,48.47,37.95,1.64,109.69,1.578,74.24,High,Delta,2021,9,September,3,Sunday
2021-09-12,South Africa,60400000,60767.0,753.0,2663.0,687.0,345079.0,17.61,48.47,37.95,2.11,100.61,1.247,71.97,High,Delta,2021,9,September,3,Sunday
2021-09-19,South Africa,60400000,59705.0,775.0,2612.0,544.0,337898.0,17.67,48.52,38.17,2.11,98.85,1.283,69.47,High,Delta,2021,9,September,3,Sunday
2021-09-26,South Africa,60400000,64193.0,829.0,2781.0,616.0,367974.0,17.44,49.69,39.59,2.17,106.28,1.373,75.13,High,Delta,2021,9,September,3,Sunday
2021-10-03,South Africa,60400000,59567.0,666.0,2565.0,803.0,342667.0,17.38,49.79,40.43,2.17,98.62,1.103,67.33,High,Delta,2021,10,October,4,Sunday
2021-10-10,South Africa,60400000,57646.0,709.0,2483.0,690.0,341686.0,16.87,50.3,40.43,2.45,95.44,1.174,68.77,High,Delta,2021,10,October,4,Sunday
2021-10-17,South Africa,60400000,51140.0,730.0,2202.0,533.0,326554.0,15.66,50.61,40.43,2.69,84.67,1.209,65.25,High,Delta,2021,10,October,4,Sunday
2021-10-24,South Africa,60400000,53164.0,696.0,2280.0,452.0,322985.0,,51.08,41.04,2.69,88.02,1.152,67.45,High,Delta,2021,10,October,4,Sunday
2021-10-31,South Africa,60400000,51500.0,581.0,2195.0,664.0,266947.0,19.29,51.76,41.87,2.79,85.26,0.962,67.33,High,Delta,2021,10,October,4,Sunday
2021-11-07,South Africa,60400000,52650.0,626.0,2244.0,426.0,315572.0,16.68,51.77,41.87,3.0,87.17,1.036,64.65,High,Delta,2021,11,November,4,Sunday
2021-11-14,South Africa,60400000,57875.0,655.0,2465.0,506.0,308635.0,18.75,51.94,42.01,3.0,95.82,1.084,71.4,High,Delta,2021,11,November,4,Sunday
2021-11-21,South Africa,60400000,62123.0,203.0,1259.0,383.0,296890.0,20.92,51.94,42.65,3.3,102.85,0.336,56.53,High,Omicron,2021,11,November,4,Sunday
2021-11-28,South Africa,60400000,71596.0,307.0,1449.0,348.0,394860.0,18.13,51.96,42.87,3.53,118.54,0.508,53.73,High,Omicron,2021,11,November,4,Sunday
2021-12-05,South Africa,60400000,76884.0,287.0,1556.0,430.0,407154.0,18.88,52.53,42.91,3.94,127.29,0.475,54.73,Lockdown,Omicron,2021,12,December,4,Sunday
2021-12-12,South Africa,60400000,88519.0,316.0,1787.0,448.0,420104.0,21.07,52.85,43.26,4.39,146.56,0.523,62.13,High,Omicron,2021,12,December,4,Sunday
2021-12-19,South Africa,60400000,96652.0,376.0,1951.0,509.0,401775.0,24.06,53.57,43.26,4.39,160.02,0.623,63.41,Lockdown,Omicron,2021,12,December,4,Sunday
2021-12-26,South Africa,60400000,87780.0,282.0,1766.0,355.0,418349.0,20.98,53.57,43.72,4.62,145.33,0.467,61.67,Lockdown,Omicron,2021,12,December,4,Sunday
2022-01-02,South Africa,60400000,99340.0,348.0,1995.0,381.0,399024.0,24.9,53.65,43.93,5.42,164.47,0.576,64.37,Lockdown,Omicron,2022,1,January,1,Sunday
2022-01-09,South Africa,60400000,98139.0,389.0,1966.0,403.0,402882.0,24.36,53.65,44.29,5.42,162.48,0.644,64.69,Lockdown,Omicron,2022,1,January,1,Sunday
2022-01-16,South Africa,60400000,95022.0,370.0,1904.0,,356581.0,26.65,53.65,44.29,5.42,157.32,0.613,65.81,Lockdown,Omicron,2022,1,January,1,Sunday
2022-01-23,South Africa,60400000,92647.0,395.0,1850.0,552.0,398705.0,23.24,53.65,44.73,6.07,153.39,0.654,60.07,Lockdown,Omicron,2022,1,January,1,Sunday
2022-01-30,South Africa,60400000,94816.0,364.0,1889.0,374.0,392274.0,24.17,53.65,45.05,6.65,156.98,0.603,60.35,High,Omicron,2022,1,January,1,Sunday
2022-02-06,South Africa,60400000,72457.0,267.0,1444.0,354.0,313171.0,23.14,54.58,45.05,6.8,119.96,0.442,55.67,Lockdown,Omicron,2022,2,February,1,Sunday
2022-02-13,South Africa,60400000,71492.0,286.0,1423.0,405.0,346420.0,20.64,54.58,45.15,7.62,118.36,0.474,58.9,Lockdown,Omicron,2022,2,February,1,Sunday
2022-02-20,South Africa,60400000,48607.0,202.0,967.0,274.0,304149.0,15.98,54.58,45.19,,80.48,0.334,56.29,Lockdown,Omicron,2022,2,February,1,Sunday
2022-02-27,South Africa,60400000,44427.0,175.0,884.0,198.0,341400.0,13.01,54.58,45.29,8.37,73.56,0.29,51.19,High,Omicron,2022,2,February,1,Sunday
2022-03-06,South Africa,60400000,39611.0,167.0,788.0,182.0,310416.0,12.76,54.58,45.29,8.76,65.58,0.276,44.96,Moderate,Omicron,2022,3,March,1,Sunday
2022-03-13,South Africa,60400000,29637.0,118.0,588.0,188.0,271747.0,10.91,54.58,45.6,9.79,49.07,0.195,44.76,Moderate,Omicron,2022,3,March,1,Sunday
2022-03-20,South Africa,60400000,24974.0,102.0,496.0,131.0,268227.0,9.31,54.58,45.6,9.79,41.35,0.169,45.93,Moderate,Omicron,2022,3,March,1,Sunday
2022-03-27,South Africa,60400000,18904.0,61.0,373.0,108.0,252812.0,7.48,54.58,46.32,9.79,31.3,0.101,45.27,Low,Omicron,2022,3,March,1,Sunday
2022-04-03,South Africa,60400000,15629.0,61.0,308.0,93.0,241955.0,6.46,54.58,46.32,11.16,25.88,0.101,44.93,Low,Omicron,2022,4,April,2,Sunday
2022-04-10,South Africa,60400000,13605.0,49.0,269.0,76.0,221278.0,6.15,54.66,46.32,11.16,22.52,0.081,45.62,Low,Omicron,2022,4,April,2,Sunday
2022-04-17,South Africa,60400000,14726.0,55.0,291.0,,241348.0,6.1,54.66,46.32,,24.38,0.091,44.99,Low,Omicron,2022,4,April,2,Sunday
2022-04-24,South Africa,60400000,14331.0,55.0,283.0,69.0,229041.0,6.26,54.66,46.32,12.82,23.73,0.091,48.31,Low,Omicron,2022,4,April,2,Sunday
2022-05-01,South Africa,60400000,16775.0,70.0,331.0,55.0,,7.51,54.66,46.4,12.82,27.77,0.116,44.52,Low,Omicron,2022,5,May,2,Sunday
2022-05-08,South Africa,60400000,18035.0,75.0,356.0,93.0,260574.0,6.92,54.72,46.4,13.28,29.86,0.124,44.33,Low,Omicron,2022,5,May,2,Sunday
2022-05-15,South Africa,60400000,23295.0,80.0,460.0,144.0,268067.0,8.69,55.17,46.4,13.8,38.57,0.132,48.82,Low,Omicron,2022,5,May,2,Sunday
2022-05-22,South Africa,60400000,29579.0,116.0,584.0,139.0,232601.0,12.72,55.17,46.4,14.68,48.97,0.192,45.14,Low,Omicron,2022,5,May,2,Sunday
2022-05-29,South Africa,60400000,31896.0,125.0,629.0,141.0,272914.0,11.69,55.17,46.52,15.7,52.81,0.207,50.45,Moderate,Omicron,2022,5,May,2,Sunday
2022-06-05,South Africa,60400000,35906.0,125.0,708.0,111.0,305471.0,11.75,55.17,46.52,16.38,59.45,0.207,50.6,Moderate,Omicron,2022,6,June,2,Sunday
2022-06-12,South Africa,60400000,37688.0,122.0,743.0,233.0,310435.0,12.14,55.18,46.52,16.96,62.4,0.202,50.35,Moderate,Omicron,2022,6,June,2,Sunday
2022-06-19,South Africa,60400000,40935.0,103.0,660.0,111.0,316080.0,12.95,55.18,46.52,17.11,67.77,0.171,53.78,Moderate,Omicron (BA.5),2022,6,June,2,Sunday
2022-06-26,South Africa,60400000,45798.0,145.0,739.0,116.0,301914.0,15.17,55.18,46.52,,75.82,0.24,49.12,Moderate,Omicron (BA.5),2022,6,June,2,Sunday
2022-07-03,South Africa,60400000,41349.0,120.0,667.0,128.0,273064.0,15.14,55.18,46.52,18.86,68.46,0.199,55.04,High,Omicron (BA.5),2022,7,July,3,Sunday
2022-07-10,South Africa,60400000,45662.0,153.0,736.0,119.0,274658.0,16.63,55.18,46.52,19.35,75.6,0.253,50.08,Moderate,Omicron (BA.5),2022,7,July,3,Sunday
2022-07-17,South Africa,60400000,40215.0,116.0,649.0,148.0,298811.0,13.46,55.32,46.52,20.28,66.58,0.192,46.5,Moderate,Omicron (BA.5),2022,7,July,3,Sunday
2022-07-24,South Africa,60400000,40301.0,134.0,650.0,155.0,299778.0,13.44,55.32,46.52,20.99,66.72,0.222,49.88,Moderate,Omicron (BA.5),2022,7,July,3,Sunday
2022-07-31,South Africa,60400000,41614.0,118.0,671.0,136.0,323556.0,12.86,55.32,46.55,21.45,68.9,0.195,47.24,Moderate,Omicron (BA.5),2022,7,July,3,Sunday
2022-08-07,South Africa,60400000,36432.0,115.0,586.0,93.0,308876.0,11.8,55.32,46.97,22.26,60.32,0.19,47.12,Moderate,Omicron (BA.5),2022,8,August,3,Sunday
2022-08-14,South Africa,60400000,34888.0,89.0,561.0,95.0,278103.0,12.54,55.4,46.97,22.71,57.76,0.147,49.72,Moderate,Omicron (BA.5),2022,8,August,3,Sunday
2022-08-21,South Africa,60400000,28363.0,84.0,456.0,98.0,242383.0,11.7,55.43,46.97,23.39,46.96,0.139,48.97,Moderate,Omicron (BA.5),2022,8,August,3,Sunday
2022-08-28,South Africa,60400000,23635.0,75.0,380.0,61.0,253899.0,9.31,55.43,46.97,23.6,39.13,0.124,45.19,Low,Omicron (BA.5),2022,8,August,3,Sunday
2022-09-04,South Africa,60400000,23352.0,76.0,375.0,101.0,264554.0,8.83,55.43,46.97,24.32,38.66,0.126,49.16,Low,Omicron (BA.5),2022,9,September,3,Sunday
2022-09-11,South Africa,60400000,23069.0,73.0,371.0,69.0,255323.0,9.04,55.43,46.97,24.99,38.19,0.121,49.54,Low,Omicron (BA.5),2022,9,September,3,Sunday
2022-09-18,South Africa,60400000,17332.0,43.0,279.0,56.0,237540.0,7.3,55.43,46.97,25.71,28.7,0.071,49.23,Low,Omicron (BA.5),2022,9,September,3,Sunday
2022-09-25,South Africa,60400000,12291.0,34.0,198.0,43.0,244712.0,5.02,55.43,46.97,25.86,20.35,0.056,46.07,Low,Omicron (BA.5),2022,9,September,3,Sunday
2022-10-02,South Africa,60400000,10615.0,27.0,170.0,38.0,227256.0,4.67,55.43,47.15,26.63,17.58,0.045,47.85,Low,Omicron (BA.5),2022,10,October,4,Sunday
2022-10-09,South Africa,60400000,6069.0,16.0,97.0,15.0,217029.0,2.8,55.43,47.15,26.87,10.05,0.026,38.94,None,Omicron (BA.5),2022,10,October,4,Sunday
2022-10-16,South Africa,60400000,5095.0,16.0,82.0,14.0,232382.0,2.19,55.43,47.15,27.37,8.43,0.026,42.68,None,Omicron (BA.5),2022,10,October,4,Sunday
2022-10-23,South Africa,60400000,4242.0,13.0,68.0,20.0,217936.0,1.95,55.43,47.15,28.09,7.02,0.022,41.16,None,Omicron (BA.5),2022,10,October,4,Sunday
2022-10-30,South Africa,60400000,2925.0,9.0,47.0,7.0,227125.0,1.29,55.43,47.15,28.09,4.84,0.015,43.39,None,Omicron (BA.5),2022,10,October,4,Sunday
2022-11-06,South Africa,60400000,3164.0,10.0,51.0,12.0,228090.0,1.39,55.43,47.15,28.28,5.24,0.017,41.71,None,Omicron (BA.5),2022,11,November,4,Sunday
2022-11-13,South Africa,60400000,2099.0,7.0,34.0,8.0,201100.0,1.04,55.43,47.15,28.6,3.48,0.012,42.54,None,Omicron (BA.5),2022,11,November,4,Sunday
2022-11-20,South Africa,60400000,1873.0,6.0,30.0,6.0,212353.0,0.88,55.43,47.15,28.71,3.1,0.01,47.62,None,Omicron (BA.5),2022,11,November,4,Sunday
2022-11-27,South Africa,60400000,181.0,0.0,3.0,1.0,242819.0,0.07,55.43,47.15,29.56,0.3,0.0,42.19,None,Omicron (BA.5),2022,11,November,4,Sunday
2022-12-04,South Africa,60400000,1621.0,4.0,26.0,7.0,199908.0,0.81,55.43,47.21,30.31,2.68,0.007,43.9,None,Omicron (BA.5),2022,12,December,4,Sunday
2022-12-11,South Africa,60400000,2282.0,7.0,37.0,,184078.0,1.24,55.43,47.21,30.31,3.78,0.012,42.41,None,Omicron (BA.5),2022,12,December,4,Sunday
12-18-2022,South Africa,60400000,181.0,,3.0,1.0,185334.0,0.1,55.43,47.21,30.75,0.3,0.002,42.8,None,Omicron (BA.5),2022,12,December,4,Sunday
2022-12-25,South Africa,60400000,181.0,0.0,3.0,1.0,218278.0,0.08,55.43,47.23,31.3,0.3,0.0,42.63,None,Omicron (BA.5),2022,12,December,4,Sunday
2021-01-03,South Korea,51800000,2911.0,,103.0,23.0,942631.0,0.31,21.79,13.67,0.5,5.62,0.027,50.34,Low,Alpha,2021,1,January,1,Sunday
2021-01-10,South Korea,51800000,4852.0,21.0,171.0,50.0,959393.0,0.51,23.5,14.77,0.5,9.37,0.041,52.0,Low,Alpha,2021,1,January,1,Sunday
2021-01-17,South Korea,51800000,9252.0,35.0,322.0,78.0,1100868.0,0.84,26.27,16.9,0.5,17.86,0.068,67.1,Low,Alpha,2021,1,January,1,Sunday
2021-01-24,South Korea,51800000,8207.0,34.0,283.0,45.0,991934.0,0.83,28.94,18.38,0.5,15.84,0.066,65.13,Moderate,Alpha,2021,1,January,1,Sunday
2021-01-31,South Korea,51800000,8399.0,36.0,286.0,78.0,1110485.0,0.76,31.09,20.37,0.5,16.21,0.069,62.2,Moderate,Alpha,2021,1,January,1,Sunday
2021-02-07,South Korea,51800000,10196.0,38.0,344.0,62.0,893246.0,1.14,33.91,21.96,0.5,19.68,0.073,72.4,Moderate,Alpha,2021,2,February,1,Sunday
2021-02-14,Republic of Korea,51800000,9743.0,,324.0,75.0,1192258.0,0.82,36.96,24.19,0.5,18.81,0.077,69.63,High,Alpha,2021,2,February,1,Sunday
2021-02-21,South Korea,51800000,7616.0,31.0,250.0,57.0,1139110.0,0.67,39.44,26.23,0.5,14.7,0.06,63.08,Moderate,Alpha,2021,2,February,1,Sunday
2021-02-28,South Korea,51800000,9804.0,40.0,316.0,74.0,1065340.0,0.92,42.73,29.02,0.5,18.93,0.077,67.79,Moderate,Alpha,2021,2,February,1,Sunday
2021-03-07,South Korea,51800000,8178.0,34.0,260.0,40.0,1051846.0,0.78,46.37,31.01,0.5,15.79,0.066,61.76,Moderate,Alpha,2021,3,March,1,Sunday
2021-03-14,South Korea,51800000,6741.0,25.0,211.0,41.0,946544.0,0.71,48.61,33.45,0.53,13.01,0.048,61.02,Moderate,Alpha,2021,3,March,1,Sunday
2021-03-21,South Korea,51800000,4714.0,19.0,145.0,23.0,882525.0,0.53,52.02,35.86,0.53,9.1,0.037,57.34,Moderate,Alpha,2021,3,March,1,Sunday
2021-03-28,South Korea,51800000,4782.0,17.0,145.0,32.0,855378.0,0.56,54.88,38.45,0.53,9.23,0.033,55.44,Low,Alpha,2021,3,March,1,Sunday
2021-04-04,South Korea,51800000,3524.0,12.0,104.0,27.0,863741.0,0.41,57.56,41.32,0.62,6.8,0.023,49.04,Low,Alpha,2021,4,April,2,Sunday
2021-04-11,South Korea,51800000,155.0,1.0,4.0,1.0,815709.0,0.02,60.47,44.16,0.91,0.3,0.002,43.18,Low,Alpha,2021,4,April,2,Sunday
2021-04-18,South Korea,51800000,2317.0,8.0,66.0,11.0,864361.0,0.27,63.61,46.38,0.91,4.47,0.015,49.17,None,Alpha,2021,4,April,2,Sunday
2021-04-25,Republic of Korea,51800000,1288.0,3.0,36.0,6.0,938660.0,0.14,65.8,49.28,0.91,2.49,0.006,47.67,None,Alpha,2021,4,April,2,Sunday
2021-05-02,South Korea,51800000,3128.0,11.0,86.0,23.0,863895.0,0.36,68.26,51.91,0.97,6.04,0.021,48.98,None,Alpha,2021,5,May,2,Sunday
2021-05-09,South Korea,51800000,2135.0,7.0,57.0,14.0,732573.0,0.29,70.79,54.52,1.3,4.12,0.014,,Low,Alpha,2021,5,May,2,Sunday
2021-05-16,South Korea,51800000,2922.0,8.0,77.0,22.0,963795.0,0.3,72.33,56.39,1.3,5.64,0.015,52.49,None,Alpha,2021,5,May,2,Sunday
2021-05-23,South Korea,51800000,1932.0,5.0,50.0,9.0,745688.0,0.26,74.06,59.03,1.3,3.73,0.01,43.9,Low,Alpha,2021,5,May,2,Sunday
2021-05-30,Republic of Korea,51800000,1859.0,5.0,47.0,8.0,787652.0,0.24,76.71,61.2,1.42,3.59,0.01,44.02,None,Alpha,2021,5,May,2,Sunday
2021-06-06,Republic of Korea,51800000,4015.0,15.0,115.0,24.0,898823.0,0.45,77.88,63.82,1.42,7.75,0.029,47.94,None,Delta,2021,6,June,2,Sunday
2021-06-13,Republic of Korea,51800000,4318.0,15.0,122.0,32.0,917061.0,0.47,79.62,65.63,1.42,8.34,0.029,49.4,Low,Delta,2021,6,June,2,Sunday
2021-06-20,South Korea,51800000,7166.0,20.0,198.0,46.0,849256.0,0.84,80.49,67.71,1.64,13.83,0.039,60.35,Low,Delta,2021,6,June,2,Sunday
2021-06-27,South Korea,51800000,7713.0,25.0,210.0,35.0,916111.0,0.84,82.08,69.34,1.64,14.89,0.048,61.29,Moderate,Delta,2021,6,June,2,Sunday
2021-07-04,South Korea,51800000,6969.0,19.0,187.0,30.0,842099.0,0.83,82.75,71.3,1.64,13.45,0.037,56.25,Moderate,Delta,2021,7,July,3,Sunday
2021-07-11,South Korea,51800000,9858.0,31.0,261.0,69.0,1080365.0,0.91,84.11,72.67,1.64,19.03,0.06,63.0,Moderate,Delta,2021,7,July,3,Sunday
2021-07-18,South Korea,51800000,10858.0,32.0,282.0,57.0,1154600.0,0.94,84.8,74.71,2.67,20.96,0.062,63.24,Moderate,Delta,2021,7,July,3,Sunday
2021-07-25,South Korea,51800000,10866.0,32.0,279.0,74.0,951828.0,1.14,85.54,75.98,2.67,20.98,0.062,60.07,High,Delta,2021,7,July,3,Sunday
2021-08-01,Republic of Korea,51800000,13040.0,32.0,331.0,66.0,1199011.0,1.09,86.43,77.12,2.96,25.17,0.062,72.34,High,Delta,2021,8,August,3,Sunday
2021-08-08,South Korea,51800000,14190.0,38.0,357.0,73.0,1224869.0,1.16,86.48,78.12,3.35,27.39,0.073,72.1,High,Delta,2021,8,August,3,Sunday
2021-08-15,South Korea,51800000,13113.0,36.0,328.0,61.0,1053784.0,1.24,87.39,78.63,3.57,25.32,0.069,67.46,High,Delta,2021,8,August,3,Sunday
2021-08-22,South Korea,51800000,11584.0,28.0,286.0,91.0,903088.0,1.28,88.48,80.05,3.99,22.36,0.054,61.42,High,Delta,2021,8,August,3,Sunday
2021-08-29,South Korea,51800000,12930.0,30.0,317.0,48.0,1012822.0,1.28,88.79,80.81,4.44,24.96,0.058,65.22,High,Delta,2021,8,August,3,Sunday
2021-09-05,South Korea,51800000,13652.0,31.0,331.0,57.0,1072590.0,1.27,88.79,81.88,4.84,26.36,0.06,65.06,High,Delta,2021,9,September,3,Sunday
2021-09-12,South Korea,51800000,13081.0,36.0,314.0,92.0,1248710.0,1.05,89.6,82.68,5.08,25.25,0.069,65.81,High,Delta,2021,9,September,3,Sunday
2021-09-19,South Korea,51800000,11516.0,28.0,275.0,48.0,1061446.0,,89.6,83.22,5.62,22.23,0.054,63.54,High,Delta,2021,9,September,3,Sunday
2021-09-26,South Korea,51800000,14310.0,36.0,339.0,67.0,1050990.0,1.36,90.23,84.06,6.46,27.63,0.069,66.51,High,Delta,2021,9,September,3,Sunday
2021-10-03,South Korea,51800000,11649.0,28.0,276.0,54.0,1087698.0,1.07,90.23,84.06,7.12,22.49,0.054,59.2,Lockdown,Delta,2021,10,October,4,Sunday
2021-10-10,South Korea,51800000,11486.0,30.0,271.0,,959834.0,1.2,90.37,84.46,8.02,22.17,0.058,67.81,High,Delta,2021,10,October,4,Sunday
2021-10-17,South Korea,51800000,11447.0,27.0,268.0,59.0,1113826.0,1.03,90.63,85.35,9.02,22.1,0.052,62.85,High,Delta,2021,10,October,4,Sunday
2021-10-24,South Korea,51800000,11434.0,23.0,267.0,78.0,985837.0,1.16,91.59,85.45,9.66,22.07,0.044,63.33,High,Delta,2021,10,October,4,Sunday
2021-10-31,South Korea,51800000,13342.0,28.0,311.0,86.0,1043817.0,1.28,91.59,85.65,10.25,25.76,0.054,64.3,High,Delta,2021,10,October,4,Sunday
2021-11-07,South Korea,51800000,13040.0,25.0,301.0,72.0,1143923.0,1.14,91.59,86.57,10.85,25.17,0.048,60.73,High,Delta,2021,11,November,4,Sunday
2021-11-14,South Korea,51800000,14534.0,36.0,336.0,65.0,1309637.0,1.11,91.59,86.57,,28.06,0.069,66.94,High,Delta,2021,11,November,4,Sunday
2021-11-21,South Korea,51800000,16684.0,40.0,385.0,110.0,1415433.0,1.18,91.59,86.57,13.34,32.21,0.077,69.87,Lockdown,Delta,2021,11,November,4,Sunday
2021-11-28,South Korea,51800000,19256.0,47.0,445.0,132.0,1163951.0,1.65,91.59,86.57,14.76,37.17,0.091,76.76,High,Delta,2021,11,November,4,Sunday
2021-12-05,South Korea,51800000,18183.0,13.0,199.0,58.0,1182838.0,1.54,91.59,87.28,16.37,35.1,0.025,59.56,High,Omicron,2021,12,December,4,Sunday
2021-12-12,South Korea,51800000,21891.0,17.0,240.0,38.0,1392105.0,1.57,91.76,87.28,17.71,42.26,0.033,62.16,Lockdown,Omicron,2021,12,December,4,Sunday
2021-12-19,South Korea,51800000,20767.0,16.0,228.0,61.0,1430536.0,1.45,91.76,87.28,19.7,40.09,0.031,61.86,Lockdown,Omicron,2021,12,December,4,Sunday
2021-12-26,South Korea,51800000,25313.0,18.0,277.0,75.0,1177881.0,2.15,91.76,87.52,20.82,48.87,0.035,,High,Omicron,2021,12,December,4,Sunday
2022-01-02,South Korea,51800000,23794.0,15.0,260.0,81.0,1395334.0,1.71,91.96,87.69,22.85,45.93,0.029,62.66,High,Omicron,2022,1,January,1,Sunday
2022-01-09,South Korea,51800000,19600.0,12.0,214.0,42.0,1228545.0,1.6,91.96,87.7,24.14,37.84,0.023,61.13,Lockdown,Omicron,2022,1,January,1,Sunday
2022-01-16,South Korea,51800000,20067.0,14.0,219.0,62.0,1091712.0,1.84,91.96,87.88,25.96,38.74,0.027,59.97,Lockdown,Omicron,2022,1,January,1,Sunday
2022-01-23,Republic of Korea,51800000,15357.0,11.0,167.0,45.0,1044696.0,1.47,91.96,87.88,27.27,29.65,0.021,50.25,Lockdown,Omicron,2022,1,January,1,Sunday
2022-01-30,South Korea,51800000,15326.0,11.0,167.0,50.0,1115941.0,1.37,91.96,87.94,28.84,29.59,0.021,54.61,Lockdown,Omicron,2022,1,January,1,Sunday
2022-02-06,South Korea,51800000,10487.0,7.0,114.0,31.0,1050169.0,1.0,91.96,87.94,30.84,20.24,0.014,49.02,Lockdown,Omicron,2022,2,February,1,Sunday
2022-02-13,South Korea,51800000,7951.0,6.0,86.0,25.0,1059460.0,0.75,92.09,88.43,32.79,15.35,0.012,49.75,High,Omicron,2022,2,February,1,Sunday
2022-02-20,South Korea,51800000,7104.0,5.0,77.0,16.0,985910.0,0.72,92.09,88.43,34.42,13.72,0.01,46.55,Moderate,Omicron,2022,2,February,1,Sunday
2022-02-27,South Korea,51800000,3466.0,2.0,38.0,7.0,931285.0,0.37,92.09,88.43,36.12,6.69,0.004,47.24,Moderate,Omicron,2022,2,February,1,Sunday
2022-03-06,South Korea,51800000,5141.0,4.0,56.0,12.0,910453.0,0.56,92.09,88.43,38.34,9.93,0.008,49.47,Low,Omicron,2022,3,March,1,Sunday
2022-03-13,South Korea,51800000,4637.0,3.0,50.0,14.0,845101.0,0.55,92.09,88.43,39.67,8.95,0.006,49.59,Low,Omicron,2022,3,March,1,Sunday
2022-03-20,South Korea,51800000,4841.0,3.0,52.0,9.0,887597.0,0.55,92.37,88.43,41.24,9.35,0.006,50.78,Low,Omicron,2022,3,March,1,Sunday
2022-03-27,South Korea,51800000,2561.0,2.0,28.0,7.0,889400.0,0.29,92.37,88.43,43.03,4.94,0.004,40.81,Low,Omicron,2022,3,March,1,Sunday
04-03-2022,South Korea,51800000,3252.0,2.0,35.0,11.0,931236.0,0.35,92.37,88.43,44.92,6.28,0.004,42.51,None,Omicron,2022,4,April,2,Sunday
2022-04-10,South Korea,51800000,4180.0,3.0,45.0,14.0,873464.0,0.48,92.37,88.43,46.25,8.07,0.006,53.54,Low,Omicron,2022,4,April,2,Sunday
04-17-2022,South Korea,51800000,2573.0,2.0,28.0,7.0,780182.0,0.33,92.37,88.43,47.96,4.97,0.004,47.53,Low,Omicron,2022,4,April,2,Sunday
2022-04-24,South Korea,51800000,5447.0,4.0,59.0,17.0,940946.0,0.58,92.37,88.61,49.63,10.52,0.008,47.79,Low,Omicron,2022,4,April,2,Sunday
2022-05-01,South Korea,51800000,5722.0,4.0,62.0,11.0,958668.0,0.6,92.37,88.61,50.96,11.05,0.008,47.53,Low,Omicron,2022,5,May,2,Sunday
2022-05-08,Republic of Korea,51800000,5341.0,3.0,58.0,14.0,1003729.0,0.53,92.37,88.61,51.86,10.31,0.006,47.02,Low,Omicron,2022,5,May,2,Sunday
2022-05-15,South Korea,51800000,7094.0,5.0,77.0,19.0,906412.0,0.78,92.37,88.61,52.85,13.69,0.01,43.69,Low,Omicron,2022,5,May,2,Sunday
2022-05-22,South Korea,51800000,7883.0,5.0,85.0,24.0,926362.0,0.85,92.37,88.61,54.18,15.22,0.01,47.17,Moderate,Omicron,2022,5,May,2,Sunday
2022-05-29,South Korea,51800000,9474.0,6.0,102.0,20.0,1081003.0,0.88,92.37,88.61,55.58,18.29,0.012,50.04,Moderate,Omicron,2022,5,May,2,Sunday
2022-06-05,South Korea,51800000,9208.0,6.0,100.0,17.0,979547.0,0.94,92.37,88.61,56.62,17.78,0.012,48.39,Moderate,Omicron,2022,6,June,2,Sunday
2022-06-12,South Korea,51800000,10933.0,7.0,118.0,32.0,1018656.0,1.07,92.37,88.61,57.35,21.11,0.014,50.01,Moderate,Omicron,2022,6,June,2,Sunday
2022-06-19,South Korea,51800000,9442.0,6.0,102.0,24.0,1120723.0,0.84,92.37,88.61,58.42,18.23,0.012,56.72,High,Omicron,2022,6,June,2,Sunday
2022-06-26,South Korea,51800000,8534.0,6.0,92.0,27.0,886135.0,0.96,92.37,88.61,59.34,16.48,0.012,48.98,Moderate,Omicron,2022,6,June,2,Sunday
2022-07-03,South Korea,51800000,10152.0,5.0,90.0,21.0,1207209.0,0.84,92.37,88.61,59.37,19.6,0.01,50.16,Moderate,Omicron (BA.5),2022,7,July,3,Sunday
2022-07-10,South Korea,51800000,8720.0,5.0,77.0,23.0,951042.0,0.92,92.37,88.69,60.59,16.83,0.01,49.13,High,Omicron (BA.5),2022,7,July,3,Sunday
2022-07-17,South Korea,51800000,10076.0,5.0,89.0,21.0,1106486.0,0.91,92.37,88.69,60.65,19.45,0.01,50.86,Moderate,Omicron (BA.5),2022,7,July,3,Sunday
2022-07-24,South Korea,51800000,9662.0,5.0,85.0,24.0,1015232.0,0.95,92.37,88.69,61.57,18.65,0.01,47.91,High,Omicron (BA.5),2022,7,July,3,Sunday
2022-07-31,South Korea,51800000,6017.0,3.0,53.0,14.0,951116.0,0.63,92.37,88.69,61.96,11.62,0.006,49.92,Moderate,Omicron (BA.5),2022,7,July,3,Sunday
2022-08-07,Republic of Korea,51800000,7607.0,4.0,67.0,13.0,951160.0,0.8,92.37,88.72,61.96,14.69,0.008,48.92,Moderate,Omicron (BA.5),2022,8,August,3,Sunday
2022-08-14,South Korea,51800000,5790.0,3.0,51.0,10.0,988510.0,0.59,92.37,88.72,62.29,11.18,0.006,43.44,Moderate,Omicron (BA.5),2022,8,August,3,Sunday
2022-08-21,South Korea,51800000,3599.0,2.0,32.0,10.0,844920.0,0.43,92.37,88.72,62.58,6.95,0.004,45.02,Low,Omicron (BA.5),2022,8,August,3,Sunday
2022-08-28,South Korea,51800000,3811.0,2.0,34.0,6.0,834399.0,0.46,92.37,88.72,62.74,7.36,0.004,45.0,Low,Omicron (BA.5),2022,8,August,3,Sunday
04/09/2022,South Korea,51800000,3421.0,2.0,30.0,8.0,989906.0,0.35,92.37,88.72,63.83,6.6,0.004,44.6,Low,Omicron (BA.5),2022,9,September,3,Sunday
2022-09-11,South Korea,51800000,3385.0,2.0,30.0,5.0,865626.0,0.39,92.37,88.72,64.46,6.54,0.004,46.42,Low,Omicron (BA.5),2022,9,September,3,Sunday
2022-09-18,South Korea,51800000,2498.0,2.0,22.0,6.0,795447.0,0.31,92.37,88.72,64.46,4.82,0.004,46.16,Low,Omicron (BA.5),2022,9,September,3,Sunday
2022-09-25,South Korea,51800000,2749.0,1.0,24.0,5.0,746306.0,0.37,92.37,88.72,64.55,5.31,0.002,46.01,None,Omicron (BA.5),2022,9,September,3,Sunday
2022-10-02,South Korea,51800000,364.0,0.0,3.0,1.0,903658.0,0.04,92.37,88.72,64.94,0.7,0.0,44.05,Low,Omicron (BA.5),2022,10,October,4,Sunday
2022-10-09,South Korea,51800000,631.0,0.0,6.0,1.0,758118.0,0.08,92.37,88.72,64.94,1.22,0.0,43.63,None,Omicron (BA.5),2022,10,October,4,Sunday
2022-10-16,Republic of Korea,51800000,2459.0,1.0,22.0,4.0,978454.0,0.25,92.37,88.72,64.94,4.75,0.002,39.19,None,Omicron (BA.5),2022,10,October,4,Sunday
2022-10-23,Republic of Korea,51800000,155.0,0.0,1.0,0.0,,0.02,92.37,88.72,64.94,0.3,0.0,45.01,None,Omicron (BA.5),2022,10,October,4,Sunday
2022-10-30,South Korea,51800000,155.0,0.0,1.0,0.0,789902.0,0.02,92.4,88.72,65.27,0.3,0.0,44.28,None,Omicron (BA.5),2022,10,October,4,Sunday
2022-11-06,South Korea,51800000,155.0,0.0,1.0,0.0,791587.0,0.02,92.4,88.72,65.48,0.3,0.0,40.6,None,Omicron (BA.5),2022,11,November,4,Sunday
2022-11-13,South Korea,51800000,155.0,0.0,1.0,0.0,919423.0,0.02,92.4,88.72,65.48,0.3,0.0,43.76,None,Omicron (BA.5),2022,11,November,4,Sunday
2022-11-20,South Korea,51800000,155.0,0.0,1.0,0.0,644010.0,0.02,92.4,88.72,65.55,0.3,0.0,44.68,None,Omicron (BA.5),2022,11,November,4,Sunday
2022-11-27,South Korea,51800000,700.0,0.0,6.0,2.0,808541.0,0.09,92.6,88.72,65.55,1.35,0.0,46.35,None,Omicron (BA.5),2022,11,November,4,Sunday
2022-12-04,South Korea,51800000,307.0,0.0,3.0,1.0,768190.0,0.04,92.6,88.72,65.55,0.59,0.0,44.48,None,Omicron (BA.5),2022,12,December,4,Sunday
2022-12-11,South Korea,51800000,155.0,0.0,1.0,0.0,767661.0,0.02,92.6,88.93,65.92,0.3,0.0,43.86,None,Omicron (BA.5),2022,12,December,4,Sunday
12-18-2022,Republic of Korea,51800000,155.0,0.0,1.0,0.0,790304.0,0.02,92.6,88.93,65.92,0.3,0.0,45.43,None,Omicron (BA.5),2022,12,December,4,Sunday
2022-12-25,South Korea,51800000,155.0,0.0,1.0,0.0,764340.0,0.02,92.6,88.93,65.95,0.3,0.0,42.29,None,Omicron (BA.5),2022,12,December,4,Sunday
2021-01-03,Spain,47400000,14063.0,101.0,333.0,63.0,980650.0,1.43,20.86,12.7,0.0,29.67,0.213,69.37,Low,Alpha,2021,1,January,1,Sunday
2021-01-10,Spain,47400000,15692.0,113.0,368.0,80.0,1074889.0,1.46,23.67,14.54,0.16,33.1,0.238,,Low,Alpha,2021,1,January,1,Sunday
2021-01-17,Spain,47400000,20443.0,161.0,472.0,118.0,957891.0,2.13,25.84,17.15,0.16,43.13,0.34,80.71,Moderate,Alpha,2021,1,January,1,Sunday
2021-01-24,Spain,47400000,21105.0,172.0,485.0,119.0,1118518.0,1.89,29.13,17.96,0.16,44.53,0.363,77.09,Moderate,Alpha,2021,1,January,1,Sunday
2021-01-31,Spain,47400000,24194.0,203.0,550.0,99.0,1033885.0,2.34,31.47,19.6,0.16,51.04,0.428,82.52,Moderate,Alpha,2021,1,January,1,Sunday
2021-02-07,Spain,47400000,25207.0,169.0,566.0,95.0,1116803.0,2.26,35.04,21.52,0.16,53.18,0.357,83.28,Moderate,Alpha,2021,2,February,1,Sunday
2021-02-14,Spain,47400000,25095.0,191.0,553.0,104.0,1359112.0,1.85,36.9,24.5,0.16,52.94,0.403,84.91,High,Alpha,2021,2,February,1,Sunday
2021-02-21,Spain,47400000,24723.0,193.0,538.0,113.0,1236145.0,2.0,40.68,26.48,0.3,52.16,0.407,80.87,High,Alpha,2021,2,February,1,Sunday
2021-02-28,Spain,47400000,20558.0,137.0,440.0,67.0,1088995.0,1.89,44.22,29.03,0.45,43.37,0.289,78.0,Moderate,Alpha,2021,2,February,1,Sunday
2021-03-07,Spain,47400000,19476.0,117.0,411.0,110.0,1365548.0,1.43,46.7,31.16,0.45,41.09,0.247,70.1,Moderate,Alpha,2021,3,March,1,Sunday
2021-03-14,Spain,47400000,14326.0,86.0,297.0,57.0,950324.0,,50.08,34.04,0.45,30.22,0.181,64.19,Moderate,Alpha,2021,3,March,1,Sunday
2021-03-21,Spain,47400000,11880.0,68.0,243.0,51.0,1088838.0,1.09,53.13,36.07,0.45,25.06,0.143,59.6,Low,Alpha,2021,3,March,1,Sunday
2021-03-28,Spain,47400000,7729.0,55.0,155.0,32.0,830091.0,0.93,56.1,39.08,0.45,16.31,0.116,62.54,Low,Alpha,2021,3,March,1,Sunday
2021-04-04,Spain,47400000,5531.0,33.0,109.0,26.0,901729.0,0.61,59.35,41.86,0.45,11.67,0.07,59.78,Low,Alpha,2021,4,April,2,Sunday
2021-04-11,Spain,47400000,3268.0,20.0,63.0,19.0,796254.0,0.41,61.73,44.96,0.68,6.9,0.042,57.86,None,Alpha,2021,4,April,2,Sunday
2021-04-18,Spain,47400000,4367.0,27.0,82.0,14.0,924334.0,0.47,64.8,47.39,0.68,9.21,0.057,54.94,None,Alpha,2021,4,April,2,Sunday
2021-04-25,Spain,47400000,3791.0,21.0,70.0,15.0,902788.0,0.42,67.56,49.84,0.68,8.0,0.044,54.58,None,Alpha,2021,4,April,2,Sunday
05-02-2021,Spain,47400000,4935.0,28.0,89.0,24.0,890062.0,243.7,69.74,52.72,0.68,10.41,0.059,56.71,None,Alpha,2021,5,May,2,Sunday
2021-05-09,Spain,47400000,4451.0,21.0,79.0,12.0,985912.0,0.45,71.75,54.81,0.68,9.39,0.044,60.08,None,Alpha,2021,5,May,2,Sunday
2021-05-16,Spain,47400000,5974.0,31.0,104.0,30.0,883039.0,0.68,74.43,57.14,1.36,12.6,0.065,62.06,None,Alpha,2021,5,May,2,Sunday
2021-05-23,Spain,47400000,7539.0,42.0,147.0,,968498.0,0.78,76.24,60.51,1.36,15.91,0.089,62.12,Low,Delta,2021,5,May,2,Sunday
2021-05-30,Spain,47400000,9645.0,55.0,186.0,47.0,1032742.0,0.93,77.45,62.45,1.36,20.35,0.116,63.07,Low,Delta,2021,5,May,2,Sunday
2021-06-06,Spain,47400000,12257.0,69.0,231.0,72.0,881801.0,1.39,78.96,64.67,1.54,25.86,0.146,68.0,Low,Delta,2021,6,June,2,Sunday
2021-06-13,Spain,47400000,15905.0,99.0,294.0,65.0,981841.0,1.62,80.49,67.06,1.54,33.55,0.209,67.42,Low,Delta,2021,6,June,2,Sunday
2021-06-20,Spain,47400000,18960.0,112.0,344.0,76.0,1085749.0,1.75,82.23,69.15,1.54,40.0,0.236,69.78,Moderate,Delta,2021,6,June,2,Sunday
2021-06-27,Spain,47400000,20568.0,121.0,368.0,62.0,1155899.0,1.78,83.31,70.68,1.87,43.39,0.255,71.72,Moderate,Delta,2021,6,June,2,Sunday
2021-07-04,Spain,47400000,25712.0,119.0,452.0,71.0,1294399.0,1.99,84.5,72.76,1.94,54.25,0.251,74.13,Moderate,Delta,2021,7,July,3,Sunday
2021-07-11,Spain,47400000,23729.0,142.0,413.0,79.0,1118747.0,2.12,85.09,73.86,2.24,50.06,0.3,74.03,High,Delta,2021,7,July,3,Sunday
2021-07-18,Spain,47400000,28254.0,125.0,486.0,112.0,1162605.0,2.43,85.73,75.19,2.24,59.61,0.264,75.61,Moderate,Delta,2021,7,July,3,Sunday
2021-07-25,Spain,47400000,29943.0,164.0,509.0,120.0,1128423.0,2.65,87.01,76.45,2.82,63.17,0.346,82.21,High,Delta,2021,7,July,3,Sunday
2021-08-01,Spain,47400000,31919.0,169.0,539.0,101.0,1269508.0,2.51,87.21,77.16,2.82,67.34,0.357,82.62,High,Delta,2021,8,August,3,Sunday
2021-08-08,Spain,47400000,32226.0,158.0,535.0,136.0,1211053.0,2.66,88.01,78.88,3.41,67.99,0.333,84.62,High,Delta,2021,8,August,3,Sunday
2021-08-15,Spain,47400000,33161.0,156.0,550.0,99.0,1224335.0,2.71,88.01,78.88,3.96,69.96,0.329,77.78,High,Delta,2021,8,August,3,Sunday
2021-08-22,Spain,47400000,36970.0,186.0,605.0,124.0,1287823.0,2.87,88.72,80.23,4.31,78.0,0.392,89.57,High,Delta,2021,8,August,3,Sunday
2021-08-29,Spain,47400000,32321.0,159.0,524.0,96.0,1296478.0,2.49,89.59,81.18,4.68,68.19,0.335,76.52,Lockdown,Delta,2021,8,August,3,Sunday
2021-09-05,Spain,47400000,34140.0,138.0,551.0,148.0,1206563.0,2.83,89.59,81.63,5.28,72.03,0.291,78.91,High,Delta,2021,9,September,3,Sunday
2021-09-12,Spain,47400000,33115.0,161.0,531.0,,1173935.0,2.82,90.17,82.35,5.86,69.86,0.34,79.28,High,Delta,2021,9,September,3,Sunday
2021-09-19,Spain,47400000,32050.0,122.0,507.0,139.0,1281194.0,2.5,90.17,83.6,6.73,67.62,0.257,82.81,High,Delta,2021,9,September,3,Sunday
2021-09-26,Spain,47400000,28126.0,122.0,444.0,71.0,902910.0,3.12,90.25,83.87,6.95,59.34,0.257,76.71,High,Delta,2021,9,September,3,Sunday
2021-10-03,Spain,47400000,28547.0,129.0,451.0,100.0,1138552.0,2.51,90.57,83.87,7.76,60.23,0.272,75.91,High,Delta,2021,10,October,4,Sunday
2021-10-10,Spain,47400000,28299.0,134.0,445.0,140.0,1083428.0,,91.32,84.23,8.81,59.7,0.283,74.21,High,Delta,2021,10,October,4,Sunday
2021-10-17,Spain,47400000,34875.0,148.0,548.0,87.0,1394866.0,2.5,91.32,84.34,9.27,73.58,0.312,78.31,High,Delta,2021,10,October,4,Sunday
2021-10-24,Spain,47400000,32023.0,124.0,499.0,110.0,1194435.0,2.68,91.32,85.24,9.98,67.56,0.262,81.94,High,Delta,2021,10,October,4,Sunday
2021-10-31,Spain,47400000,34127.0,144.0,531.0,83.0,1206718.0,2.83,91.52,85.24,11.58,72.0,0.304,82.83,High,Delta,2021,10,October,4,Sunday
2021-11-07,Spain,47400000,37575.0,147.0,585.0,102.0,1299766.0,2.89,91.52,85.24,12.49,79.27,0.31,87.12,High,Delta,2021,11,November,4,Sunday
2021-11-14,Spain,47400000,40789.0,172.0,631.0,144.0,1279477.0,3.19,91.52,85.8,13.4,86.05,0.363,87.21,Lockdown,Delta,2021,11,November,4,Sunday
2021-11-21,Spain,47400000,44216.0,56.0,326.0,58.0,1340055.0,3.3,91.52,86.09,15.21,93.28,0.118,63.18,Lockdown,Omicron,2021,11,November,4,Sunday
2021-11-28,Spain,47400000,48502.0,67.0,357.0,85.0,1447334.0,3.35,91.52,86.41,16.86,102.33,0.141,68.34,Lockdown,Omicron,2021,11,November,4,Sunday
2021-12-05,Spain,47400000,53264.0,62.0,392.0,120.0,1442983.0,3.69,91.52,86.41,17.4,112.37,0.131,74.5,Lockdown,Omicron,2021,12,December,4,Sunday
2021-12-12,Spain,47400000,59154.0,68.0,435.0,80.0,1510489.0,3.92,92.03,86.41,19.73,124.8,0.143,74.73,Lockdown,Omicron,2021,12,December,4,Sunday
2021-12-19,Spain,47400000,55081.0,68.0,402.0,68.0,1392802.0,3.95,92.03,87.12,20.27,116.21,0.143,72.48,Lockdown,Omicron,2021,12,December,4,Sunday
26 Dec 2021,Spain,47400000,51610.0,56.0,377.0,109.0,1337521.0,3.86,92.03,87.12,22.58,108.88,0.118,69.77,Lockdown,Omicron,2021,12,December,4,Sunday
2022-01-02,Spain,47400000,49545.0,57.0,362.0,83.0,1455739.0,3.4,92.03,87.12,24.99,104.53,0.12,74.09,Lockdown,Omicron,2022,1,January,1,Sunday
2022-01-09,Spain,47400000,44726.0,53.0,327.0,98.0,1424897.0,3.14,92.03,87.12,26.13,94.36,0.112,70.98,High,Omicron,2022,1,January,1,Sunday
2022-01-16,Spain,47400000,45338.0,56.0,331.0,67.0,1238406.0,3.66,92.05,87.12,28.08,95.65,0.118,71.31,High,Omicron,2022,1,January,1,Sunday
2022-01-23,Spain,47400000,35467.0,41.0,259.0,66.0,1357292.0,2.61,92.05,87.12,30.14,74.83,0.086,64.59,Lockdown,Omicron,2022,1,January,1,Sunday
2022-01-30,Spain,47400000,30984.0,39.0,226.0,69.0,1300525.0,2.38,92.33,87.12,31.28,65.37,0.082,64.84,Lockdown,Omicron,2022,1,January,1,Sunday
2022-02-06,Spain,47400000,24469.0,34.0,179.0,32.0,1236770.0,1.98,92.33,87.12,33.7,51.62,0.072,58.52,High,Omicron,2022,2,February,1,Sunday
2022-02-13,Spain,47400000,19737.0,25.0,144.0,41.0,1116592.0,1.77,92.33,87.12,35.57,41.64,0.053,59.65,Moderate,Omicron,2022,2,February,1,Sunday
2022-02-20,Spain,47400000,14374.0,17.0,105.0,27.0,1078259.0,1.33,92.33,87.49,37.97,30.32,0.036,51.56,Moderate,Omicron,2022,2,February,1,Sunday
2022-02-27,Spain,47400000,11197.0,12.0,81.0,23.0,1160448.0,0.96,92.33,87.49,38.87,23.62,0.025,52.66,Low,Omicron,2022,2,February,1,Sunday
2022-03-06,Spain,47400000,9904.0,11.0,72.0,13.0,948790.0,1.04,92.33,87.49,40.92,20.89,0.023,55.29,Low,Omicron,2022,3,March,1,Sunday
2022-03-13,Spain,47400000,8266.0,10.0,60.0,13.0,872869.0,0.95,92.33,87.66,42.49,17.44,0.021,61.39,Low,Omicron,2022,3,March,1,Sunday
2022-03-20,Spain,47400000,7594.0,10.0,55.0,9.0,828568.0,0.92,92.33,87.66,44.14,16.02,0.021,50.68,Low,Omicron,2022,3,March,1,Sunday
2022-03-27,Spain,47400000,8802.0,9.0,64.0,20.0,1093692.0,0.8,92.33,87.66,46.4,18.57,0.019,52.56,Low,Omicron,2022,3,March,1,Sunday
2022-04-03,Spain,47400000,8193.0,9.0,59.0,9.0,1086339.0,0.75,92.35,87.66,47.6,17.28,0.019,55.94,Low,Omicron,2022,4,April,2,Sunday
2022-04-10,Spain,47400000,10246.0,12.0,74.0,12.0,904136.0,1.13,92.35,87.66,48.89,21.62,0.025,60.63,Low,Omicron,2022,4,April,2,Sunday
2022-04-17,Spain,47400000,11318.0,13.0,82.0,25.0,931677.0,1.21,92.35,87.66,50.28,23.88,0.027,57.14,Low,Omicron,2022,4,April,2,Sunday
2022-04-24,Spain,47400000,12644.0,18.0,92.0,19.0,979127.0,1.29,92.35,87.86,51.56,26.68,0.038,58.93,Low,Omicron,2022,4,April,2,Sunday
2022-05-01,Spain,47400000,11796.0,13.0,85.0,21.0,1092428.0,1.08,92.35,87.86,52.8,24.89,0.027,55.95,Low,Omicron,2022,5,May,2,Sunday
2022-05-08,Spain,47400000,16186.0,17.0,117.0,23.0,939842.0,1.72,92.35,87.86,,34.15,0.036,57.25,Low,Omicron,2022,5,May,2,Sunday
2022-05-15,Spain,47400000,19679.0,23.0,143.0,37.0,918289.0,2.14,92.35,87.86,55.04,41.52,0.049,60.13,Moderate,Omicron,2022,5,May,2,Sunday
2022-05-22,Spain,47400000,21485.0,23.0,156.0,29.0,1304168.0,1.65,92.35,87.86,55.98,45.33,0.049,58.98,Moderate,Omicron,2022,5,May,2,Sunday
2022-05-29,Spain,47400000,22056.0,24.0,160.0,36.0,1146253.0,1.92,92.35,87.86,56.76,46.53,0.051,62.65,Moderate,Omicron,2022,5,May,2,Sunday
2022-06-05,Spain,47400000,23917.0,29.0,173.0,42.0,1182137.0,2.02,92.35,87.86,57.85,50.46,0.061,57.52,Moderate,Omicron,2022,6,June,2,Sunday
2022-06-12,Spain,47400000,25674.0,30.0,186.0,38.0,1142733.0,2.25,92.35,87.86,58.63,54.17,0.063,64.47,Moderate,Omicron,2022,6,June,2,Sunday
2022-06-19,Spain,47400000,21281.0,18.0,126.0,24.0,1150318.0,1.85,92.35,87.86,59.08,44.9,0.038,59.11,High,Omicron (BA.5),2022,6,June,2,Sunday
2022-06-26,Spain,47400000,25677.0,26.0,152.0,26.0,1021088.0,2.51,92.35,87.86,59.83,54.17,0.055,59.87,Moderate,Omicron (BA.5),2022,6,June,2,Sunday
2022-07-03,Spain,47400000,21893.0,22.0,130.0,35.0,1041245.0,2.1,92.35,87.86,61.09,46.19,0.046,55.12,High,Omicron (BA.5),2022,7,July,3,Sunday
2022-07-10,Spain,47400000,22009.0,19.0,130.0,23.0,1127142.0,1.95,92.35,87.86,61.59,46.43,0.04,56.77,Moderate,Omicron (BA.5),2022,7,July,3,Sunday
2022-07-17,Spain,47400000,20780.0,23.0,123.0,25.0,902585.0,2.3,92.41,87.86,61.59,43.84,0.049,61.84,Moderate,Omicron (BA.5),2022,7,July,3,Sunday
2022-07-24,Spain,47400000,19639.0,18.0,116.0,24.0,1062893.0,1.85,92.41,87.86,61.59,41.43,0.038,57.95,Moderate,Omicron (BA.5),2022,7,July,3,Sunday
2022-07-31,Spain,47400000,17067.0,19.0,101.0,23.0,1027502.0,1.66,92.41,87.86,61.91,36.01,0.04,58.36,Moderate,Omicron (BA.5),2022,7,July,3,Sunday
2022-08-07,Spain,47400000,13813.0,15.0,82.0,22.0,994547.0,1.39,92.41,87.86,62.89,29.14,0.032,54.44,Moderate,Omicron (BA.5),2022,8,August,3,Sunday
2022-08-14,Spain,47400000,15019.0,14.0,89.0,20.0,988149.0,1.52,92.41,87.86,62.89,31.69,0.03,56.94,Low,Omicron (BA.5),2022,8,August,3,Sunday
2022-08-21,Spain,47400000,11922.0,11.0,71.0,21.0,917108.0,1.3,92.41,87.86,63.23,25.15,0.023,52.61,Low,Omicron (BA.5),2022,8,August,3,Sunday
2022-08-28,Spain,47400000,9415.0,10.0,56.0,15.0,825507.0,1.14,92.41,87.86,64.01,19.86,0.021,55.49,Low,Omicron (BA.5),2022,8,August,3,Sunday
2022-09-04,Spain,47400000,6375.0,6.0,38.0,11.0,940595.0,0.68,92.41,87.86,64.01,13.45,0.013,55.19,Low,Omicron (BA.5),2022,9,September,3,Sunday
2022-09-11,Spain,47400000,5732.0,5.0,34.0,9.0,899962.0,,92.41,87.86,64.05,12.09,0.011,54.85,Low,Omicron (BA.5),2022,9,September,3,Sunday
2022-09-18,Spain,47400000,4571.0,5.0,27.0,5.0,808229.0,,92.41,87.86,64.18,9.64,0.011,51.41,Low,Omicron (BA.5),2022,9,September,3,Sunday
2022-09-25,Spain,47400000,3474.0,3.0,21.0,7.0,899436.0,0.39,92.41,87.86,64.18,7.33,0.006,52.49,None,Omicron (BA.5),2022,9,September,3,Sunday
2022-10-02,Spain,47400000,2889.0,3.0,17.0,5.0,866973.0,0.33,92.46,87.86,64.65,6.09,0.006,54.48,None,Omicron (BA.5),2022,10,October,4,Sunday
2022-10-09,Spain,47400000,808.0,1.0,5.0,1.0,,0.1,92.46,87.86,64.65,1.71,0.002,51.96,None,Omicron (BA.5),2022,10,October,4,Sunday
2022-10-16,Spain,47400000,142.0,0.0,1.0,0.0,707393.0,0.02,92.46,87.86,64.98,0.3,0.0,51.55,None,Omicron (BA.5),2022,10,October,4,Sunday
2022-10-23,Spain,47400000,977.0,1.0,6.0,1.0,912190.0,0.11,92.46,87.86,64.98,2.06,0.002,57.3,None,Omicron (BA.5),2022,10,October,4,Sunday
2022-10-30,Spain,47400000,142.0,0.0,1.0,0.0,770577.0,0.02,92.46,87.86,64.98,0.3,0.0,49.89,None,Omicron (BA.5),2022,10,October,4,Sunday
2022-11-06,Spain,47400000,142.0,0.0,1.0,0.0,859236.0,0.02,92.46,87.86,64.98,0.3,0.0,54.97,None,Omicron (BA.5),2022,11,November,4,Sunday
2022-11-13,Spain,47400000,142.0,0.0,1.0,0.0,799629.0,0.02,92.46,87.86,64.98,0.3,0.0,49.39,None,Omicron (BA.5),2022,11,November,4,Sunday
2022-11-20,Spain,47400000,652.0,1.0,4.0,1.0,834265.0,0.08,92.49,87.86,64.98,1.38,0.002,54.07,None,Omicron (BA.5),2022,11,November,4,Sunday
2022-11-27,Spain,47400000,1991.0,2.0,12.0,3.0,957985.0,0.21,92.49,87.86,64.98,4.2,0.004,54.64,None,Omicron (BA.5),2022,11,November,4,Sunday
2022-12-04,Spain,47400000,142.0,0.0,1.0,0.0,891268.0,0.02,92.49,87.86,65.04,0.3,0.0,51.0,None,Omicron (BA.5),2022,12,December,4,Sunday
2022-12-11,Spain,47400000,2198.0,2.0,13.0,2.0,959138.0,0.23,92.49,87.86,65.04,4.64,0.004,49.88,None,Omicron (BA.5),2022,12,December,4,Sunday
2022-12-18,Spain,47400000,142.0,0.0,1.0,0.0,877505.0,0.02,92.49,88.09,65.44,0.3,0.0,47.35,None,Omicron (BA.5),2022,12,December,4,Sunday
2022-12-25,Spain,47400000,343.0,0.0,2.0,1.0,884497.0,0.04,92.49,88.09,65.44,0.72,0.0,50.79,None,Omicron (BA.5),2022,12,December,4,Sunday
2021-01-03,Sweden,10400000,1321.0,10.0,75.0,14.0,173848.0,0.76,20.07,12.99,,12.7,0.096,45.73,Low,Alpha,2021,1,January,1,Sunday
2021-01-10,Sweden,10400000,1561.0,13.0,88.0,14.0,171859.0,0.91,22.13,14.34,0.14,15.01,0.125,45.17,Low,Alpha,2021,1,January,1,Sunday
2021-01-17,Sweden,10400000,2760.0,24.0,154.0,28.0,177499.0,1.55,23.92,15.87,0.14,26.54,0.231,51.01,Low,Alpha,2021,1,January,1,Sunday
2021-01-24,Sweden,10400000,3251.0,,180.0,50.0,197694.0,1.64,26.98,17.17,0.38,31.26,0.231,45.83,Low,Alpha,2021,1,January,1,Sunday
2021-01-31,Sweden,10400000,4525.0,31.0,248.0,66.0,214920.0,2.11,28.84,19.04,0.65,43.51,0.298,47.1,Moderate,Alpha,2021,1,January,1,Sunday
02-07-2021,Sweden,10400000,4305.0,31.0,233.0,70.0,196835.0,2.19,31.14,20.84,0.69,41.39,0.298,51.87,Moderate,Alpha,2021,2,February,1,Sunday
2021-02-14,Sweden,10400000,4777.0,39.0,256.0,52.0,205564.0,2.32,34.16,22.32,0.69,45.93,0.375,54.02,Moderate,Alpha,2021,2,February,1,Sunday
2021-02-21,Sweden,10400000,4770.0,38.0,253.0,65.0,218095.0,2.19,36.67,24.26,0.69,45.87,0.365,52.52,Moderate,Alpha,2021,2,February,1,Sunday
2021-02-28,Sweden,10400000,5376.0,42.0,282.0,44.0,203675.0,2.64,39.23,26.01,0.69,51.69,0.404,54.71,Moderate,Alpha,2021,2,February,1,Sunday
2021-03-07,Sweden,10400000,5169.0,42.0,267.0,82.0,208671.0,2.48,41.93,27.97,0.69,49.71,0.404,53.71,High,Alpha,2021,3,March,1,Sunday
2021-03-14,Sweden,10400000,4061.0,31.0,206.0,50.0,214486.0,1.89,44.8,30.83,0.69,39.05,0.298,46.14,High,Alpha,2021,3,March,1,Sunday
2021-03-21,Sweden,10400000,3182.0,25.0,159.0,44.0,194573.0,1.64,47.94,32.86,0.69,30.6,0.24,48.57,Moderate,Alpha,2021,3,March,1,Sunday
28/03/2021,Sweden,10400000,2451.0,17.0,121.0,24.0,178896.0,1.37,50.37,35.18,0.69,23.57,0.163,49.57,Moderate,Alpha,2021,3,March,1,Sunday
2021-04-04,Sweden,10400000,2240.0,13.0,109.0,18.0,170166.0,1.32,52.87,37.12,0.69,21.54,0.125,46.2,Low,Alpha,2021,4,April,2,Sunday
2021-04-11,Sweden,10400000,1090.0,7.0,52.0,8.0,155613.0,0.7,55.71,40.14,0.69,10.48,0.067,40.11,Low,Alpha,2021,4,April,2,Sunday
2021-04-18,Sweden,10400000,1143.0,6.0,54.0,16.0,168202.0,0.68,57.95,41.95,0.69,10.99,0.058,42.63,None,Alpha,2021,4,April,2,Sunday
2021-04-25,Sweden,10400000,847.0,4.0,39.0,7.0,193327.0,0.44,60.45,44.13,0.69,8.14,0.038,44.23,None,Alpha,2021,4,April,2,Sunday
2021-05-02,Sweden,10400000,846.0,5.0,38.0,11.0,173889.0,0.49,62.64,46.53,0.9,8.14,0.048,47.29,None,Alpha,2021,5,May,2,Sunday
2021-05-09,Sweden,10400000,498.0,3.0,22.0,4.0,144814.0,0.34,64.92,49.46,1.05,4.79,0.029,37.24,None,Alpha,2021,5,May,2,Sunday
2021-05-16,Sweden,10400000,932.0,6.0,41.0,10.0,176873.0,0.53,66.64,50.9,1.14,8.96,0.058,43.83,None,Alpha,2021,5,May,2,Sunday
2021-05-23,Sweden,10400000,1089.0,6.0,47.0,9.0,159043.0,0.68,68.32,53.18,1.14,10.47,0.058,40.84,None,Alpha,2021,5,May,2,Sunday
2021-05-30,Sweden,10400000,1663.0,7.0,70.0,11.0,176287.0,0.94,70.69,56.38,1.14,15.99,0.067,45.41,None,Alpha,2021,5,May,2,Sunday
2021-06-06,Sweden,10400000,1366.0,10.0,65.0,16.0,164578.0,0.83,72.49,57.81,1.14,13.13,0.096,45.4,Low,Delta,2021,6,June,2,Sunday
2021-06-13,Sweden,10400000,2347.0,16.0,111.0,24.0,214619.0,1.09,73.21,59.23,1.32,22.57,0.154,45.27,Low,Delta,2021,6,June,2,Sunday
2021-06-20,Sweden,10400000,2247.0,,105.0,24.0,166854.0,1.35,74.96,60.95,1.32,21.61,0.125,47.18,Low,Delta,2021,6,June,2,Sunday
2021-06-27,Sweden,10400000,3151.0,18.0,145.0,37.0,199447.0,1.58,76.03,62.49,1.93,30.3,0.173,50.13,Low,Delta,2021,6,June,2,Sunday
2021-07-04,Sweden,10400000,3569.0,19.0,162.0,33.0,188738.0,1.89,77.57,64.64,1.93,34.32,0.183,47.58,Moderate,Delta,2021,7,July,3,Sunday
2021-07-11,Sweden,10400000,4281.0,28.0,191.0,47.0,220714.0,1.94,78.41,66.35,2.01,41.17,0.269,45.87,Moderate,Delta,2021,7,July,3,Sunday
2021-07-18,Sweden,10400000,4879.0,26.0,215.0,56.0,220771.0,2.21,80.27,67.99,2.01,46.91,0.25,53.78,Moderate,Delta,2021,7,July,3,Sunday
2021-07-25,Sweden,10400000,5385.0,35.0,236.0,39.0,244182.0,2.21,80.27,68.28,2.01,51.78,0.337,53.17,High,Delta,2021,7,July,3,Sunday
2021-08-01,Sweden,10400000,5994.0,31.0,260.0,54.0,242532.0,2.47,81.33,69.66,2.01,57.63,0.298,53.51,High,Delta,2021,8,August,3,Sunday
2021-08-08,Sweden,10400000,5749.0,34.0,246.0,41.0,213803.0,2.69,82.04,71.13,3.09,55.28,0.327,49.79,High,Delta,2021,8,August,3,Sunday
2021-08-15,Sweden,10400000,6325.0,29.0,266.0,40.0,287865.0,2.2,82.32,73.03,3.09,60.82,0.279,54.82,High,Delta,2021,8,August,3,Sunday
2021-08-22,Sweden,10400000,6819.0,36.0,286.0,45.0,250094.0,2.73,82.72,73.39,3.57,65.57,0.346,58.3,High,Delta,2021,8,August,3,Sunday
2021-08-29,Sweden,10400000,6409.0,32.0,267.0,67.0,224111.0,2.86,83.22,74.09,3.77,61.63,0.308,52.09,High,Delta,2021,8,August,3,Sunday
2021-09-05,Sweden,10400000,6016.0,30.0,250.0,41.0,233409.0,2.58,83.63,74.39,,57.85,0.288,51.92,High,Delta,2021,9,September,3,Sunday
2021-09-12,Sweden,10400000,7474.0,44.0,309.0,92.0,259957.0,2.88,84.35,74.83,4.47,71.86,0.423,51.49,High,Delta,2021,9,September,3,Sunday
2021-09-19,Sweden,10400000,5719.0,31.0,234.0,65.0,236711.0,2.42,84.35,76.12,4.97,54.99,0.298,49.21,High,Delta,2021,9,September,3,Sunday
2021-09-26,Sweden,10400000,6243.0,29.0,254.0,38.0,241624.0,2.58,84.61,76.66,5.51,60.03,0.279,49.16,High,Delta,2021,9,September,3,Sunday
2021-10-03,Sweden,10400000,5784.0,31.0,234.0,58.0,244328.0,2.37,84.84,77.13,6.21,55.62,0.298,51.34,High,Delta,2021,10,October,4,Sunday
2021-10-10,Sweden,10400000,5454.0,24.0,220.0,33.0,238214.0,2.29,84.84,77.57,6.82,52.44,0.231,49.57,High,Delta,2021,10,October,4,Sunday
2021-10-17,Sweden,10400000,5506.0,30.0,221.0,37.0,208236.0,2.64,85.64,77.89,8.19,52.94,0.288,51.4,High,Delta,2021,10,October,4,Sunday
2021-10-24,Sweden,10400000,5833.0,28.0,234.0,74.0,265730.0,2.2,85.89,78.2,8.55,56.08,0.269,48.78,High,Delta,2021,10,October,4,Sunday
2021-10-31,Sweden,10400000,5380.0,23.0,213.0,48.0,256791.0,2.1,85.89,79.26,8.55,51.73,0.221,49.71,High,Delta,2021,10,October,4,Sunday
2021-11-07,Sweden,10400000,6407.0,28.0,254.0,39.0,249439.0,2.57,86.19,79.26,9.59,61.61,0.269,49.47,High,Delta,2021,11,November,4,Sunday
2021-11-14,Sweden,10400000,6888.0,29.0,273.0,80.0,241047.0,2.86,86.19,79.35,10.4,66.23,0.279,53.12,High,Delta,2021,11,November,4,Sunday
2021-11-21,Sweden,10400000,7954.0,42.0,314.0,96.0,254477.0,3.13,86.19,79.67,11.85,76.48,0.404,50.29,High,Delta,2021,11,November,4,Sunday
2021-11-28,Sweden,10400000,8499.0,37.0,334.0,81.0,253286.0,3.36,86.19,80.11,12.38,81.72,0.356,55.58,High,Delta,2021,11,November,4,Sunday
2021-12-05,Sweden,10400000,8274.0,11.0,156.0,42.0,253266.0,3.27,86.35,80.11,13.69,79.56,0.106,47.05,Lockdown,Omicron,2021,12,December,4,Sunday
2021-12-12,Sweden,10400000,9985.0,16.0,187.0,53.0,229535.0,4.35,86.43,80.58,13.99,96.01,0.154,49.5,High,Omicron,2021,12,December,4,Sunday
2021-12-19,Sweden,10400000,9383.0,12.0,176.0,,303993.0,3.09,86.45,80.58,15.45,90.22,0.115,44.45,High,Omicron,2021,12,December,4,Sunday
2021-12-26,Sweden,10400000,10622.0,13.0,199.0,47.0,312940.0,3.39,86.45,80.58,17.79,102.13,0.125,51.18,Lockdown,Omicron,2021,12,December,4,Sunday
2022-01-02,Sweden,10400000,10500.0,16.0,195.0,57.0,246340.0,4.26,86.56,81.21,18.51,100.96,0.154,48.63,Lockdown,Omicron,2022,1,January,1,Sunday
2022-01-09,Sweden,10400000,9923.0,12.0,185.0,44.0,297197.0,3.34,87.05,81.21,19.58,95.41,0.115,49.5,Lockdown,Omicron,2022,1,January,1,Sunday
2022-01-16,Sweden,10400000,8994.0,14.0,167.0,32.0,265916.0,3.38,87.05,81.21,21.39,86.48,0.135,43.53,High,Omicron,2022,1,January,1,Sunday
2022-01-23,Sweden,10400000,10085.0,14.0,187.0,28.0,274975.0,3.67,87.4,81.33,22.48,96.97,0.135,45.94,High,Omicron,2022,1,January,1,Sunday
2022-01-30,Sweden,10400000,8145.0,11.0,151.0,32.0,265770.0,3.06,87.4,81.33,24.24,78.32,0.106,46.56,Lockdown,Omicron,2022,1,January,1,Sunday
2022-02-06,Sweden,10400000,6629.0,9.0,123.0,20.0,204074.0,3.25,87.4,81.33,25.44,63.74,0.087,49.8,Lockdown,Omicron,2022,2,February,1,Sunday
2022-02-13,Sweden,10400000,5269.0,7.0,97.0,,220285.0,2.39,87.4,81.88,27.22,50.66,0.067,46.59,High,Omicron,2022,2,February,1,Sunday
2022-02-20,Sweden,10400000,4821.0,7.0,89.0,20.0,216375.0,2.23,87.4,81.88,28.93,46.36,0.067,45.26,High,Omicron,2022,2,February,1,Sunday
27 Feb 2022,Sweden,10400000,3579.0,5.0,66.0,20.0,201092.0,1.78,87.4,81.88,31.0,34.42,0.048,41.66,Moderate,Omicron,2022,2,February,1,Sunday
2022-03-06,Sweden,10400000,2787.0,4.0,52.0,9.0,169311.0,1.65,87.4,81.88,32.42,26.8,0.038,40.62,Moderate,Omicron,2022,3,March,1,Sunday
2022-03-13,Sweden,10400000,2418.0,3.0,45.0,9.0,192233.0,1.26,87.4,81.88,34.07,23.25,0.029,43.78,Low,Omicron,2022,3,March,1,Sunday
2022-03-20,Sweden,10400000,1954.0,3.0,36.0,10.0,195164.0,1.0,87.4,81.88,35.45,18.79,0.029,44.47,Low,Omicron,2022,3,March,1,Sunday
2022-03-27,Sweden,10400000,1382.0,2.0,26.0,6.0,178555.0,0.77,87.4,81.88,37.26,13.29,0.019,42.82,Low,Omicron,2022,3,March,1,Sunday
2022-04-03,Sweden,10400000,1296.0,2.0,24.0,7.0,168706.0,0.77,87.4,81.88,38.28,12.46,0.019,46.48,Low,Omicron,2022,4,April,2,Sunday
2022-04-10,Sweden,10400000,1632.0,2.0,30.0,7.0,213826.0,0.76,87.4,81.88,39.8,15.69,0.019,40.76,Low,Omicron,2022,4,April,2,Sunday
2022-04-17,Sweden,10400000,1445.0,2.0,27.0,7.0,160836.0,0.9,87.4,81.88,41.58,13.89,0.019,42.78,Low,Omicron,2022,4,April,2,Sunday
2022-04-24,Sweden,10400000,1677.0,2.0,31.0,5.0,187453.0,0.89,87.4,81.88,42.76,16.13,0.019,38.27,Low,Omicron,2022,4,April,2,Sunday
2022-05-01,Sweden,10400000,1845.0,2.0,34.0,7.0,182050.0,1.01,87.4,81.88,44.16,17.74,0.019,43.16,Low,Omicron,2022,5,May,2,Sunday
2022-05-08,Sweden,10400000,2794.0,4.0,52.0,13.0,220809.0,1.27,87.4,81.93,45.39,26.86,0.038,47.06,Low,Omicron,2022,5,May,2,Sunday
2022-05-15,Sweden,10400000,3147.0,5.0,58.0,9.0,200538.0,1.57,87.4,81.93,47.02,30.26,0.048,41.03,Low,Omicron,2022,5,May,2,Sunday
2022-05-22,Sweden,10400000,3202.0,5.0,59.0,11.0,204573.0,1.57,87.4,81.93,48.17,30.79,0.048,45.78,Moderate,Omicron,2022,5,May,2,Sunday
2022-05-29,Sweden,10400000,3266.0,5.0,60.0,13.0,203900.0,1.6,87.4,81.93,48.67,31.4,0.048,47.32,Moderate,Omicron,2022,5,May,2,Sunday
2022-06-05,Sweden,10400000,4056.0,5.0,75.0,20.0,188234.0,2.15,87.4,81.93,49.34,39.0,0.048,42.62,Moderate,Omicron,2022,6,June,2,Sunday
2022-06-12,Sweden,10400000,4467.0,6.0,82.0,19.0,196031.0,2.28,87.43,82.04,50.6,42.96,0.058,45.81,Moderate,Omicron,2022,6,June,2,Sunday
2022-06-19,Sweden,10400000,4333.0,6.0,80.0,22.0,,2.12,87.43,82.04,51.43,41.67,0.058,48.51,Moderate,Omicron,2022,6,June,2,Sunday
2022-06-26,Sweden,10400000,4715.0,7.0,87.0,24.0,230077.0,2.05,87.43,82.05,52.77,45.34,0.067,45.43,Moderate,Omicron,2022,6,June,2,Sunday
2022-07-03,Sweden,10400000,4706.0,5.0,71.0,11.0,217575.0,2.16,87.43,82.05,53.56,45.25,0.048,46.15,Moderate,Omicron (BA.5),2022,7,July,3,Sunday
2022-07-10,Sweden,10400000,4843.0,6.0,73.0,22.0,211709.0,2.29,87.43,82.05,53.68,46.56,0.058,39.83,Moderate,Omicron (BA.5),2022,7,July,3,Sunday
2022-07-17,Sweden,10400000,4504.0,5.0,68.0,20.0,234306.0,1.92,87.43,82.05,54.42,43.31,0.048,45.55,High,Omicron (BA.5),2022,7,July,3,Sunday
2022-07-24,Sweden,10400000,3866.0,4.0,58.0,11.0,171067.0,2.26,87.43,82.05,54.8,37.17,0.038,44.93,Moderate,Omicron (BA.5),2022,7,July,3,Sunday
2022-07-31,Sweden,10400000,4138.0,5.0,62.0,14.0,185217.0,2.23,87.55,82.05,55.84,39.78,0.048,40.49,Moderate,Omicron (BA.5),2022,7,July,3,Sunday
2022-08-07,Sweden,10400000,3771.0,,57.0,12.0,161776.0,2.33,87.55,82.05,56.29,36.26,0.038,41.18,Moderate,Omicron (BA.5),2022,8,August,3,Sunday
2022-08-14,Sweden,10400000,2810.0,3.0,42.0,13.0,208792.0,1.35,87.55,82.05,57.0,27.02,0.029,44.48,Moderate,Omicron (BA.5),2022,8,August,3,Sunday
2022-08-21,Sweden,10400000,3140.0,3.0,47.0,10.0,192923.0,1.63,87.55,82.05,57.34,30.19,0.029,42.42,Low,Omicron (BA.5),2022,8,August,3,Sunday
2022-08-28,Sweden,10400000,2395.0,2.0,36.0,8.0,199640.0,1.2,87.55,82.05,57.76,23.03,0.019,45.49,Low,Omicron (BA.5),2022,8,August,3,Sunday
2022-09-04,Sweden,10400000,2060.0,2.0,31.0,9.0,179628.0,1.15,87.55,82.05,57.76,19.81,0.019,43.28,Low,Omicron (BA.5),2022,9,September,3,Sunday
2022-09-11,Sweden,10400000,1255.0,1.0,19.0,5.0,185389.0,0.68,87.55,82.05,58.07,12.07,0.01,42.14,Low,Omicron (BA.5),2022,9,September,3,Sunday
2022-09-18,Sweden,10400000,1275.0,2.0,19.0,3.0,169862.0,0.75,87.55,82.05,58.83,12.26,0.019,41.57,Low,Omicron (BA.5),2022,9,September,3,Sunday
2022-09-25,Sweden,10400000,845.0,1.0,13.0,3.0,171791.0,0.49,87.55,82.05,58.83,8.12,0.01,42.48,Low,Omicron (BA.5),2022,9,September,3,Sunday
2022-10-02,Sweden,10400000,622.0,1.0,9.0,3.0,167059.0,0.37,87.55,82.05,58.83,5.98,0.01,43.59,None,Omicron (BA.5),2022,10,October,4,Sunday
2022-10-09,Sweden,10400000,614.0,1.0,9.0,2.0,167935.0,0.37,87.55,82.05,59.52,5.91,0.01,42.92,None,Omicron (BA.5),2022,10,October,4,Sunday
2022-10-16,Sweden,10400000,364.0,0.0,5.0,1.0,182077.0,0.2,87.55,82.05,59.52,3.5,0.0,40.36,None,Omicron (BA.5),2022,10,October,4,Sunday
2022-10-23,Sweden,10400000,286.0,0.0,4.0,1.0,138768.0,0.21,87.55,82.05,59.97,2.75,0.0,44.47,None,Omicron (BA.5),2022,10,October,4,Sunday
2022-10-30,Sweden,10400000,405.0,1.0,6.0,1.0,160070.0,0.25,87.55,82.05,59.97,3.89,0.01,43.1,None,Omicron (BA.5),2022,10,October,4,Sunday
2022-11-06,Sweden,10400000,236.0,0.0,4.0,1.0,161405.0,0.15,87.55,82.05,59.97,2.27,0.0,42.34,None,Omicron (BA.5),2022,11,November,4,Sunday
2022-11-13,Sweden,10400000,31.0,0.0,0.0,0.0,156986.0,0.02,87.55,82.05,60.51,0.3,0.0,41.43,None,Omicron (BA.5),2022,11,November,4,Sunday
2022-11-20,Sweden,10400000,31.0,0.0,0.0,0.0,151404.0,0.02,87.55,82.05,60.51,0.3,0.0,42.45,None,Omicron (BA.5),2022,11,November,4,Sunday
2022-11-27,Sweden,10400000,31.0,0.0,0.0,0.0,149692.0,0.02,87.55,82.07,60.76,0.3,0.0,36.63,None,Omicron (BA.5),2022,11,November,4,Sunday
2022-12-04,Sweden,10400000,31.0,0.0,0.0,0.0,175523.0,0.02,87.55,82.07,,0.3,0.0,41.81,None,Omicron (BA.5),2022,12,December,4,Sunday
2022-12-11,Sweden,10400000,139.0,0.0,2.0,0.0,156811.0,0.09,87.55,82.07,60.76,1.34,0.0,45.39,None,Omicron (BA.5),2022,12,December,4,Sunday
2022-12-18,Sweden,10400000,31.0,0.0,0.0,0.0,186882.0,0.02,87.55,82.07,60.76,0.3,0.0,41.75,None,Omicron (BA.5),2022,12,December,4,Sunday
2022-12-25,Sweden,10400000,311.0,0.0,5.0,1.0,166565.0,0.19,87.55,82.07,60.76,2.99,0.0,41.62,None,Omicron (BA.5),2022,12,December,4,Sunday
2021-01-03,Switzerland,8700000,1290.0,8.0,37.0,9.0,142901.0,0.9,19.62,12.18,0.39,14.83,0.092,53.33,Low,Alpha,2021,1,January,1,Sunday
2021-01-10,Switzerland,8700000,1771.0,11.0,50.0,8.0,176407.0,1.0,20.96,13.04,0.39,20.35,0.126,55.46,Low,Alpha,2021,1,January,1,Sunday
2021-01-17,Switzerland,8700000,1975.0,10.0,55.0,9.0,179589.0,1.1,22.67,14.47,0.93,22.7,0.115,63.22,Low,Alpha,2021,1,January,1,Sunday
2021-01-24,Switzerland,8700000,2893.0,14.0,80.0,15.0,170496.0,1.7,24.99,16.01,0.93,33.25,0.161,62.72,Low,Alpha,2021,1,January,1,Sunday
2021-01-31,Switzerland,8700000,3101.0,14.0,85.0,23.0,212388.0,1.46,26.94,17.44,0.93,35.64,0.161,63.92,Moderate,Alpha,2021,1,January,1,Sunday
2021-02-07,Switzerland,8700000,3531.0,19.0,96.0,15.0,177489.0,1.99,29.63,19.04,0.93,40.59,0.218,60.04,Moderate,Alpha,2021,2,February,1,Sunday
2021-02-14,Switzerland,8700000,4470.0,21.0,121.0,38.0,211984.0,2.11,32.25,20.47,0.93,51.38,0.241,66.7,Moderate,Alpha,2021,2,February,1,Sunday
2021-02-21,Switzerland,8700000,3501.0,19.0,93.0,21.0,187915.0,1.86,34.33,22.61,0.93,40.25,0.218,64.69,High,Alpha,2021,2,February,1,Sunday
2021-02-28,Switzerland,8700000,3830.0,21.0,101.0,30.0,200603.0,1.91,36.1,24.31,0.93,44.03,0.241,64.94,Moderate,Alpha,2021,2,February,1,Sunday
2021-03-07,Switzerland,8700000,3694.0,16.0,96.0,18.0,211180.0,1.75,39.73,26.34,0.93,42.45,0.184,65.66,High,Alpha,2021,3,March,1,Sunday
2021-03-14,Switzerland,8700000,3534.0,16.0,91.0,19.0,,1.71,42.08,28.74,,40.63,0.184,64.76,Moderate,Alpha,2021,3,March,1,Sunday
2021-03-21,Switzerland,8700000,2696.0,13.0,68.0,19.0,193666.0,1.39,44.58,30.63,0.93,30.99,0.149,61.97,Moderate,Alpha,2021,3,March,1,Sunday
2021-03-28,Switzerland,8700000,2553.0,11.0,64.0,14.0,189734.0,1.35,47.12,32.44,0.93,29.35,0.126,55.1,Moderate,Alpha,2021,3,March,1,Sunday
2021-04-04,Switzerland,8700000,1790.0,8.0,44.0,10.0,153410.0,1.17,49.96,34.74,0.93,20.57,0.092,53.55,Moderate,Alpha,2021,4,April,2,Sunday
2021-04-11,Switzerland,8700000,1545.0,6.0,37.0,11.0,182630.0,0.85,52.14,37.46,0.93,17.76,0.069,,Low,Alpha,2021,4,April,2,Sunday
2021-04-18,Switzerland,8700000,805.0,4.0,19.0,5.0,143907.0,0.56,54.89,39.09,0.93,9.25,0.046,50.36,Low,Alpha,2021,4,April,2,Sunday
2021-04-25,Switzerland,8700000,544.0,2.0,13.0,4.0,152352.0,0.36,57.14,41.38,1.43,6.26,0.023,50.16,None,Alpha,2021,4,April,2,Sunday
2021-05-02,Switzerland,8700000,754.0,3.0,17.0,3.0,152141.0,0.5,58.92,43.74,1.43,8.67,0.034,51.9,None,Alpha,2021,5,May,2,Sunday
2021-05-09,Switzerland,8700000,318.0,1.0,7.0,2.0,154762.0,0.21,60.87,45.75,1.43,3.66,0.011,48.03,None,Alpha,2021,5,May,2,Sunday
2021-05-16,Switzerland,8700000,425.0,2.0,10.0,3.0,146116.0,0.29,62.97,47.66,1.43,4.88,0.023,50.9,None,Alpha,2021,5,May,2,Sunday
2021-05-23,Switzerland,8700000,791.0,3.0,18.0,5.0,155064.0,,64.67,49.58,1.43,9.1,0.034,53.16,None,Alpha,2021,5,May,2,Sunday
2021-05-30,Switzerland,8700000,1000.0,4.0,22.0,6.0,180639.0,0.55,65.84,51.76,1.76,11.49,0.046,52.66,None,Alpha,2021,5,May,2,Sunday
2021-06-06,Switzerland,8700000,1160.0,4.0,25.0,7.0,145335.0,0.8,68.48,53.84,1.76,13.34,0.046,54.82,None,Alpha,2021,6,June,2,Sunday
2021-06-13,Switzerland,8700000,1636.0,8.0,40.0,12.0,168649.0,0.97,69.53,55.83,1.76,18.8,0.092,50.18,Low,Delta,2021,6,June,2,Sunday
2021-06-20,Switzerland,8700000,1966.0,10.0,47.0,9.0,157796.0,1.25,70.47,56.7,1.76,22.6,0.115,55.36,Low,Delta,2021,6,June,2,Sunday
2021-06-27,Switzerland,8700000,2300.0,11.0,54.0,9.0,187423.0,1.23,71.21,59.27,1.76,26.44,0.126,60.27,Low,Delta,2021,6,June,2,Sunday
2021-07-04,Switzerland,8700000,3128.0,14.0,73.0,12.0,178227.0,1.76,72.81,60.17,1.76,35.95,0.161,59.18,Low,Delta,2021,7,July,3,Sunday
2021-07-11,Switzerland,8700000,3327.0,14.0,77.0,14.0,192558.0,1.73,73.66,61.94,1.76,38.24,0.161,59.53,Moderate,Delta,2021,7,July,3,Sunday
2021-07-18,Switzerland,8700000,3297.0,12.0,76.0,20.0,171261.0,1.93,74.7,62.76,2.22,37.9,0.138,61.54,Moderate,Delta,2021,7,July,3,Sunday
2021-07-25,Switzerland,8700000,4451.0,19.0,101.0,22.0,228877.0,1.94,74.86,63.72,2.22,51.16,0.218,,Moderate,Delta,2021,7,July,3,Sunday
2021-08-01,Switzerland,8700000,4363.0,18.0,98.0,21.0,207433.0,2.1,76.08,64.93,2.33,50.15,0.207,64.33,High,Delta,2021,8,August,3,Sunday
2021-08-08,Switzerland,8700000,4925.0,19.0,110.0,34.0,216336.0,2.28,76.74,66.26,2.54,56.61,0.218,72.36,High,Delta,2021,8,August,3,Sunday
2021-08-15,Switzerland,8700000,5368.0,21.0,118.0,36.0,234672.0,2.29,77.38,67.47,2.54,61.7,0.241,69.85,High,Delta,2021,8,August,3,Sunday
2021-08-22,Switzerland,8700000,5286.0,19.0,116.0,28.0,197024.0,2.68,77.88,68.2,3.02,60.76,0.218,66.53,High,Delta,2021,8,August,3,Sunday
2021-08-29,Switzerland,8700000,5313.0,19.0,116.0,26.0,208521.0,2.55,78.43,68.91,3.66,61.06,0.218,65.19,High,Delta,2021,8,August,3,Sunday
2021-09-05,Switzerland,8700000,5549.0,18.0,120.0,24.0,225590.0,2.46,79.28,70.05,3.66,63.78,0.207,70.5,High,Delta,2021,9,September,3,Sunday
2021-09-12,Switzerland,8700000,5221.0,19.0,112.0,26.0,187310.0,2.79,79.28,70.37,4.68,60.01,0.218,65.78,High,Delta,2021,9,September,3,Sunday
2021-09-19,Switzerland,8700000,5878.0,21.0,125.0,27.0,197032.0,2.98,79.28,71.05,4.83,67.56,0.241,75.73,High,Delta,2021,9,September,3,Sunday
09-26-2021,Switzerland,8700000,5202.0,21.0,110.0,17.0,203485.0,2.56,79.28,72.44,5.27,59.8,0.241,68.82,Lockdown,Delta,2021,9,September,3,Sunday
2021-10-03,Switzerland,8700000,4153.0,15.0,88.0,25.0,184781.0,2.25,79.9,72.44,5.68,47.73,0.172,65.34,High,Delta,2021,10,October,4,Sunday
2021-10-10,Switzerland,8700000,4306.0,17.0,91.0,20.0,199804.0,2.16,79.9,72.44,5.91,49.5,0.195,65.08,High,Delta,2021,10,October,4,Sunday
2021-10-17,Switzerland,8700000,4201.0,17.0,88.0,17.0,212535.0,1.98,80.76,72.98,6.65,48.29,0.195,66.74,High,Delta,2021,10,October,4,Sunday
2021-10-24,Switzerland,8700000,4201.0,13.0,88.0,23.0,216247.0,1.94,80.76,73.42,7.62,48.29,0.149,57.95,High,Delta,2021,10,October,4,Sunday
2021-10-31,Switzerland,8700000,4906.0,18.0,102.0,23.0,244646.0,2.01,81.09,73.61,8.02,56.39,0.207,63.35,High,Delta,2021,10,October,4,Sunday
2021-11-07,Switzerland,8700000,4303.0,14.0,90.0,18.0,205036.0,2.1,81.39,73.85,9.04,49.46,0.161,66.87,High,Delta,2021,11,November,4,Sunday
2021-11-14,Switzerland,8700000,5330.0,20.0,110.0,21.0,222256.0,2.4,81.39,74.51,9.54,61.26,0.23,71.5,High,Delta,2021,11,November,4,Sunday
2021-11-21,Switzerland,8700000,6095.0,21.0,126.0,20.0,,2.65,81.39,74.71,10.83,70.06,0.241,67.43,High,Delta,2021,11,November,4,Sunday
2021-11-28,Switzerland,8700000,6262.0,19.0,129.0,30.0,238335.0,2.63,81.68,74.71,11.79,71.97,0.218,66.5,High,Delta,2021,11,November,4,Sunday
2021-12-05,Switzerland,8700000,7274.0,23.0,150.0,32.0,254171.0,2.86,81.68,74.71,12.15,83.61,0.264,75.1,Lockdown,Delta,2021,12,December,4,Sunday
2021-12-12,Switzerland,8700000,6977.0,8.0,69.0,11.0,260102.0,2.68,81.68,74.99,13.72,80.2,0.092,61.86,Lockdown,Omicron,2021,12,December,4,Sunday
2021-12-19,Switzerland,8700000,8019.0,7.0,79.0,23.0,275429.0,2.91,81.81,74.99,14.37,92.18,0.08,62.74,Lockdown,Omicron,2021,12,December,4,Sunday
2021-12-26,Switzerland,8700000,8422.0,8.0,83.0,24.0,273014.0,3.08,81.83,75.41,,96.8,0.092,62.92,Lockdown,Omicron,2021,12,December,4,Sunday
2022-01-02,Switzerland,8700000,8846.0,10.0,87.0,20.0,300333.0,2.95,81.83,75.41,17.07,101.67,0.115,59.13,Lockdown,Omicron,2022,1,January,1,Sunday
2022-01-09,Switzerland,8700000,8002.0,7.0,78.0,23.0,256887.0,3.11,82.08,76.18,19.38,91.97,0.08,61.27,Lockdown,Omicron,2022,1,January,1,Sunday
2022-01-16,Switzerland,8700000,8809.0,10.0,86.0,20.0,254369.0,3.46,82.08,76.18,20.11,101.25,0.115,63.02,High,Omicron,2022,1,January,1,Sunday
2022-01-23,Switzerland,8700000,6761.0,7.0,66.0,12.0,230676.0,2.93,82.08,76.18,21.68,77.71,0.08,58.75,High,Omicron,2022,1,January,1,Sunday
2022-01-30,Switzerland,8700000,7280.0,,71.0,17.0,244320.0,2.98,82.08,76.18,22.86,83.68,0.08,56.19,Lockdown,Omicron,2022,1,January,1,Sunday
2022-02-06,Switzerland,8700000,6103.0,6.0,59.0,12.0,210239.0,2.9,82.1,76.18,24.19,70.15,0.069,60.37,High,Omicron,2022,2,February,1,Sunday
2022-02-13,Switzerland,8700000,4597.0,4.0,45.0,10.0,199185.0,2.31,82.1,76.18,25.87,52.84,0.046,58.65,High,Omicron,2022,2,February,1,Sunday
2022-02-20,Switzerland,8700000,3794.0,4.0,37.0,12.0,180314.0,2.1,82.1,76.18,26.91,43.61,0.046,53.11,High,Omicron,2022,2,February,1,Sunday
2022-02-27,Switzerland,8700000,3439.0,4.0,33.0,7.0,198840.0,1.73,82.1,76.18,28.74,39.53,0.046,53.94,Moderate,Omicron,2022,2,February,1,Sunday
2022-03-06,Switzerland,8700000,2675.0,3.0,26.0,5.0,188176.0,1.42,82.1,76.4,30.45,30.75,0.034,51.95,Moderate,Omicron,2022,3,March,1,Sunday
2022-03-13,Switzerland,8700000,2316.0,3.0,23.0,4.0,152859.0,1.52,82.1,76.4,31.8,26.63,0.034,51.45,Moderate,Omicron,2022,3,March,1,Sunday
2022-03-20,Switzerland,8700000,1459.0,1.0,14.0,4.0,157552.0,0.93,82.28,76.4,33.44,16.77,0.011,52.34,Low,Omicron,2022,3,March,1,Sunday
2022-03-27,Switzerland,8700000,1248.0,1.0,12.0,2.0,187203.0,0.67,82.28,76.4,34.57,14.35,0.011,52.06,Low,Omicron,2022,3,March,1,Sunday
2022-04-03,Switzerland,8700000,1010.0,1.0,10.0,3.0,168129.0,0.6,82.28,76.48,36.44,11.61,0.011,53.1,Low,Omicron,2022,4,April,2,Sunday
2022-04-10,Switzerland,8700000,1284.0,1.0,12.0,2.0,169794.0,0.76,82.28,76.58,37.26,14.76,0.011,53.4,Low,Omicron,2022,4,April,2,Sunday
2022-04-17,Switzerland,8700000,1577.0,2.0,15.0,4.0,158949.0,0.99,82.28,76.58,39.29,18.12,0.023,50.85,Low,Omicron,2022,4,April,2,Sunday
2022-04-24,Switzerland,8700000,1375.0,1.0,13.0,3.0,168886.0,0.81,82.28,76.58,40.12,15.8,0.011,58.04,Low,Omicron,2022,4,April,2,Sunday
2022-05-01,Switzerland,8700000,1752.0,2.0,17.0,3.0,170092.0,1.03,82.28,76.58,41.07,20.14,0.023,55.5,Low,Omicron,2022,5,May,2,Sunday
2022-05-08,Switzerland,8700000,1876.0,2.0,18.0,3.0,161027.0,1.17,82.28,76.58,42.01,21.56,0.023,50.16,Low,Omicron,2022,5,May,2,Sunday
2022-05-15,Switzerland,8700000,2465.0,3.0,24.0,4.0,172985.0,1.42,82.28,76.58,43.25,28.33,0.034,53.16,Low,Omicron,2022,5,May,2,Sunday
2022-05-22,Switzerland,8700000,2526.0,3.0,25.0,4.0,,1.45,82.28,76.58,44.27,29.03,0.034,48.05,Low,Omicron,2022,5,May,2,Sunday
2022-05-29,Switzerland,8700000,3009.0,3.0,29.0,5.0,165250.0,1.82,82.28,76.76,45.53,34.59,0.034,53.78,Low,Omicron,2022,5,May,2,Sunday
2022-06-05,Switzerland,8700000,3154.0,3.0,31.0,8.0,169519.0,1.86,82.28,76.76,46.12,36.26,0.034,,Moderate,Omicron,2022,6,June,2,Sunday
2022-06-12,Switzerland,8700000,3548.0,3.0,34.0,8.0,191899.0,,82.28,76.76,47.77,40.78,0.034,61.53,Moderate,Omicron,2022,6,June,2,Sunday
2022-06-19,Switzerland,8700000,3770.0,3.0,37.0,7.0,184637.0,2.04,82.28,76.76,48.24,43.34,0.034,54.79,Moderate,Omicron,2022,6,June,2,Sunday
2022-06-26,Switzerland,8700000,3275.0,3.0,32.0,8.0,186656.0,1.75,82.28,76.76,49.0,37.65,0.034,55.07,Moderate,Omicron,2022,6,June,2,Sunday
2022-07-03,Switzerland,8700000,3898.0,,38.0,11.0,174162.0,2.24,82.28,76.76,49.34,44.8,0.046,56.78,Moderate,Omicron,2022,7,July,3,Sunday
2022-07-10,Switzerland,8700000,3827.0,3.0,30.0,9.0,211597.0,1.81,82.28,76.76,50.12,43.98,0.034,58.83,High,Omicron (BA.5),2022,7,July,3,Sunday
2022-07-17,Switzerland,8700000,3699.0,3.0,29.0,7.0,229891.0,1.61,82.28,76.76,50.29,42.51,0.034,51.25,High,Omicron (BA.5),2022,7,July,3,Sunday
2022-07-24,Switzerland,8700000,3775.0,3.0,30.0,6.0,214420.0,1.76,82.28,76.76,52.0,43.39,0.034,60.52,Moderate,Omicron (BA.5),2022,7,July,3,Sunday
2022-07-31,Switzerland,8700000,3216.0,3.0,25.0,8.0,207663.0,1.55,82.28,76.76,52.0,36.96,0.034,52.22,Moderate,Omicron (BA.5),2022,7,July,3,Sunday
2022-08-07,Switzerland,8700000,3192.0,3.0,25.0,8.0,199630.0,1.6,82.28,76.76,52.1,36.69,0.034,50.09,Moderate,Omicron (BA.5),2022,8,August,3,Sunday
2022-08-14,Switzerland,8700000,2977.0,2.0,24.0,7.0,191126.0,1.56,82.35,76.76,53.36,34.22,0.023,52.05,Moderate,Omicron (BA.5),2022,8,August,3,Sunday
2022-08-21,Switzerland,8700000,2228.0,2.0,18.0,5.0,178062.0,1.25,82.35,76.76,53.45,25.61,0.023,49.78,Moderate,Omicron (BA.5),2022,8,August,3,Sunday
2022-08-28,Switzerland,8700000,1734.0,1.0,14.0,4.0,157602.0,1.1,82.47,76.76,53.73,19.94,0.011,52.16,Low,Omicron (BA.5),2022,8,August,3,Sunday
2022-09-04,Switzerland,8700000,1179.0,1.0,9.0,3.0,171352.0,0.69,82.47,76.76,54.12,13.55,0.011,46.11,Low,Omicron (BA.5),2022,9,September,3,Sunday
2022-09-11,Switzerland,8700000,1436.0,1.0,11.0,3.0,174303.0,0.82,82.47,76.76,54.61,16.5,0.011,50.94,Low,Omicron (BA.5),2022,9,September,3,Sunday
2022-09-18,Switzerland,8700000,1029.0,1.0,8.0,1.0,154391.0,0.67,82.62,76.76,54.63,11.83,0.011,51.73,Low,Omicron (BA.5),2022,9,September,3,Sunday
2022-09-25,Switzerland,8700000,1004.0,1.0,8.0,3.0,166723.0,0.6,82.62,76.76,,11.54,0.011,53.78,Low,Omicron (BA.5),2022,9,September,3,Sunday
2022-10-02,Switzerland,8700000,568.0,0.0,4.0,1.0,145434.0,0.39,82.62,76.76,55.29,6.53,0.0,51.08,None,Omicron (BA.5),2022,10,October,4,Sunday
2022-10-09,Switzerland,8700000,370.0,0.0,3.0,0.0,143629.0,0.26,82.62,76.76,55.4,4.25,0.0,52.76,None,Omicron (BA.5),2022,10,October,4,Sunday
2022-10-16,Switzerland,8700000,277.0,0.0,2.0,0.0,159270.0,0.17,82.62,76.76,55.81,3.18,0.0,47.52,None,Omicron (BA.5),2022,10,October,4,Sunday
2022-10-23,Switzerland,8700000,47.0,0.0,0.0,,151860.0,,82.62,76.76,55.81,0.54,0.0,49.67,None,Omicron (BA.5),2022,10,October,4,Sunday
2022-10-30,Switzerland,8700000,106.0,0.0,1.0,0.0,144878.0,0.07,82.62,76.76,55.81,1.22,0.0,43.28,None,Omicron (BA.5),2022,10,October,4,Sunday
2022-11-06,Switzerland,8700000,26.0,0.0,0.0,0.0,142444.0,0.02,82.62,76.76,56.04,0.3,0.0,48.4,None,Omicron (BA.5),2022,11,November,4,Sunday
2022-11-13,Switzerland,8700000,107.0,0.0,1.0,0.0,149692.0,0.07,82.62,76.76,56.04,1.23,0.0,,None,Omicron (BA.5),2022,11,November,4,Sunday
2022-11-20,Switzerland,8700000,79.0,0.0,1.0,0.0,125632.0,0.06,82.62,76.76,56.04,0.91,0.0,50.05,None,Omicron (BA.5),2022,11,November,4,Sunday
2022-11-27,Switzerland,8700000,26.0,0.0,0.0,0.0,137637.0,0.02,82.62,76.76,56.32,0.3,0.0,44.75,None,Omicron (BA.5),2022,11,November,4,Sunday
04 Dec 2022,Switzerland,8700000,220.0,0.0,2.0,1.0,134088.0,0.16,82.62,76.76,56.62,2.53,0.0,48.05,None,Omicron (BA.5),2022,12,December,4,Sunday
2022-12-11,Switzerland,8700000,26.0,0.0,0.0,0.0,,0.02,82.62,76.76,56.62,0.3,0.0,48.06,None,Omicron (BA.5),2022,12,December,4,Sunday
2022-12-18,Switzerland,8700000,271.0,0.0,2.0,0.0,162953.0,0.17,82.62,76.76,56.67,3.12,0.0,47.96,None,Omicron (BA.5),2022,12,December,4,Sunday
25/12/2022,Switzerland,8700000,49.0,0.0,0.0,0.0,152433.0,0.03,82.62,76.76,56.7,0.56,0.0,50.5,None,Omicron (BA.5),2022,12,December,4,Sunday
2021-01-03,Thailand,70000000,2675.0,22.0,116.0,19.0,372576.0,0.72,17.12,11.89,0.13,3.82,0.031,52.42,None,Alpha,2021,1,January,1,Sunday
2021-01-10,Thailand,70000000,4670.0,44.0,201.0,58.0,489858.0,0.95,18.7,12.59,0.22,6.67,0.063,53.55,None,Alpha,2021,1,January,1,Sunday
2021-01-17,Thailand,70000000,7138.0,68.0,306.0,91.0,443939.0,1.61,19.64,13.36,0.27,10.2,0.097,50.21,Low,Alpha,2021,1,January,1,Sunday
2021-01-24,Thailand,70000000,8371.0,72.0,356.0,82.0,473449.0,1.77,21.06,14.83,0.27,11.96,0.103,60.24,Low,Alpha,2021,1,January,1,Sunday
2021-01-31,Thailand,70000000,10165.0,77.0,430.0,103.0,539220.0,1.89,22.9,15.56,0.27,14.52,0.11,62.65,Low,Alpha,2021,1,January,1,Sunday
2021-02-07,Thailand,70000000,12085.0,106.0,508.0,119.0,596616.0,2.03,24.31,16.69,0.38,17.26,0.151,62.39,Moderate,Alpha,2021,2,February,1,Sunday
2021-02-14,Thailand,70000000,12522.0,97.0,523.0,126.0,599179.0,2.09,26.01,17.69,0.4,17.89,0.139,62.59,Moderate,Alpha,2021,2,February,1,Sunday
21 Feb 2021,Thailand,70000000,13691.0,102.0,567.0,95.0,566728.0,2.42,27.03,19.03,0.9,19.56,0.146,63.44,Moderate,Alpha,2021,2,February,1,Sunday
2021-02-28,Thailand,70000000,13102.0,106.0,540.0,121.0,561505.0,2.33,28.23,19.86,0.9,18.72,0.151,59.37,Moderate,Alpha,2021,2,February,1,Sunday
2021-03-07,Thailand,70000000,13837.0,104.0,566.0,128.0,613095.0,2.26,30.56,21.13,0.9,19.77,0.149,59.8,Moderate,Alpha,2021,3,March,1,Sunday
2021-03-14,Thailand,70000000,14736.0,121.0,599.0,191.0,491300.0,3.0,32.19,22.13,0.9,21.05,0.173,67.24,Moderate,Alpha,2021,3,March,1,Sunday
2021-03-21,Thailand,70000000,12758.0,114.0,515.0,82.0,,2.05,33.77,23.03,0.9,18.23,0.163,65.64,Moderate,Alpha,2021,3,March,1,Sunday
2021-03-28,Thailand,70000000,8297.0,59.0,332.0,67.0,470596.0,1.76,35.03,24.5,0.9,11.85,0.084,59.56,Moderate,Alpha,2021,3,March,1,Sunday
2021-04-04,Thailand,70000000,8754.0,70.0,347.0,81.0,514968.0,1.7,36.62,26.03,0.9,12.51,0.1,59.42,Low,Alpha,2021,4,April,2,Sunday
2021-04-11,Thailand,70000000,5160.0,41.0,203.0,60.0,451133.0,1.14,38.79,27.37,0.9,7.37,0.059,56.56,Low,Alpha,2021,4,April,2,Sunday
2021-04-18,Thailand,70000000,7044.0,47.0,274.0,63.0,442830.0,1.59,40.04,28.93,0.93,10.06,0.067,58.3,Low,Alpha,2021,4,April,2,Sunday
2021-04-25,Thailand,70000000,4222.0,35.0,163.0,33.0,477745.0,0.88,41.89,29.7,0.93,6.03,0.05,51.57,Low,Alpha,2021,4,April,2,Sunday
2021-05-02,Thailand,70000000,993.0,7.0,38.0,9.0,437704.0,0.23,44.5,31.25,0.93,1.42,0.01,50.73,None,Alpha,2021,5,May,2,Sunday
2021-05-09,Thailand,70000000,3368.0,29.0,128.0,26.0,448678.0,0.75,45.9,32.51,1.13,4.81,0.041,51.85,None,Alpha,2021,5,May,2,Sunday
2021-05-16,Thailand,70000000,2532.0,20.0,95.0,23.0,439000.0,0.58,47.1,34.39,1.13,3.62,0.029,51.0,None,Alpha,2021,5,May,2,Sunday
2021-05-23,Thailand,70000000,2463.0,17.0,92.0,25.0,497935.0,0.49,48.23,35.38,1.13,3.52,0.024,54.47,None,Alpha,2021,5,May,2,Sunday
2021-05-30,Thailand,70000000,5546.0,45.0,205.0,49.0,556566.0,1.0,49.73,36.73,1.13,7.92,0.064,58.59,None,Alpha,2021,5,May,2,Sunday
2021-06-06,Thailand,70000000,2143.0,19.0,90.0,23.0,484848.0,0.44,51.64,37.94,1.24,3.06,0.027,45.7,Low,Delta,2021,6,June,2,Sunday
2021-06-13,Thailand,70000000,6477.0,55.0,270.0,42.0,,1.31,53.31,39.21,1.24,9.25,0.079,55.76,None,Delta,2021,6,June,2,Sunday
2021-06-20,Thailand,70000000,6223.0,55.0,258.0,68.0,417163.0,1.49,54.08,40.14,1.24,8.89,0.079,55.31,Low,Delta,2021,6,June,2,Sunday
2021-06-27,Thailand,70000000,7405.0,69.0,304.0,96.0,516091.0,1.43,55.42,41.47,1.24,10.58,0.099,60.22,Low,Delta,2021,6,June,2,Sunday
2021-07-04,Thailand,70000000,7573.0,71.0,307.0,72.0,519545.0,1.46,56.85,43.16,1.37,10.82,0.101,53.77,Low,Delta,2021,7,July,3,Sunday
2021-07-11,Thailand,70000000,10356.0,94.0,417.0,119.0,551990.0,1.88,57.62,44.34,1.37,14.79,0.134,52.87,Low,Delta,2021,7,July,3,Sunday
2021-07-18,Thailand,70000000,13103.0,126.0,522.0,127.0,496532.0,2.64,58.78,45.56,1.61,18.72,0.18,65.22,Moderate,Delta,2021,7,July,3,Sunday
2021-07-25,Thailand,70000000,12104.0,116.0,478.0,129.0,573276.0,2.11,59.93,46.93,1.61,17.29,0.166,64.39,Moderate,Delta,2021,7,July,3,Sunday
2021-08-01,Thailand,70000000,18795.0,143.0,737.0,149.0,676435.0,2.78,61.48,47.79,1.74,26.85,0.204,64.48,Moderate,Delta,2021,8,August,3,Sunday
2021-08-08,Thailand,70000000,20853.0,193.0,812.0,255.0,572338.0,3.64,62.38,48.72,1.74,29.79,0.276,70.64,High,Delta,2021,8,August,3,Sunday
2021-08-15,Thailand,70000000,15612.0,112.0,603.0,113.0,601865.0,2.59,63.56,49.79,1.74,22.3,0.16,69.17,High,Delta,2021,8,August,3,Sunday
2021-08-22,Thailand,70000000,21529.0,197.0,825.0,146.0,586927.0,3.67,63.56,50.91,2.08,30.76,0.281,68.61,High,Delta,2021,8,August,3,Sunday
2021-08-29,Thailand,70000000,20843.0,154.0,794.0,125.0,615899.0,3.38,64.44,51.67,2.4,29.78,0.22,70.72,High,Delta,2021,8,August,3,Sunday
2021-09-05,Thailand,70000000,22028.0,160.0,830.0,201.0,584504.0,3.77,65.8,53.0,2.4,31.47,0.229,72.71,High,Delta,2021,9,September,3,Sunday
2021-09-12,Thailand,70000000,19991.0,152.0,750.0,191.0,595658.0,3.36,66.11,53.53,3.07,28.56,0.217,65.72,High,Delta,2021,9,September,3,Sunday
2021-09-19,Thailand,70000000,22484.0,156.0,838.0,218.0,619433.0,3.63,66.79,54.42,3.07,32.12,0.223,70.24,High,Delta,2021,9,September,3,Sunday
2021-09-26,Thailand,70000000,22824.0,,848.0,152.0,661304.0,3.45,67.96,54.87,3.07,32.61,0.274,67.69,High,Delta,2021,9,September,3,Sunday
2021-10-03,Thailand,70000000,18175.0,121.0,668.0,174.0,637737.0,2.85,68.06,56.17,3.07,25.96,0.173,66.67,Lockdown,Delta,2021,10,October,4,Sunday
2021-10-10,Thailand,70000000,18406.0,135.0,672.0,120.0,655703.0,2.81,68.63,56.97,3.07,26.29,0.193,65.22,High,Delta,2021,10,October,4,Sunday
2021-10-17,Thailand,70000000,16216.0,135.0,592.0,165.0,546369.0,2.97,69.18,56.97,3.43,23.17,0.193,65.57,High,Delta,2021,10,October,4,Sunday
2021-10-24,Thailand,70000000,21276.0,,771.0,152.0,643257.0,3.31,69.66,57.92,3.43,30.39,0.233,,High,Delta,2021,10,October,4,Sunday
2021-10-31,Thailand,70000000,19033.0,144.0,688.0,153.0,550586.0,3.46,70.35,58.34,4.01,27.19,0.206,71.09,High,Delta,2021,10,October,4,Sunday
2021-11-07,Thailand,70000000,18802.0,156.0,676.0,144.0,596058.0,3.15,70.35,59.0,4.28,26.86,0.223,73.13,High,Delta,2021,11,November,4,Sunday
2021-11-14,Thailand,70000000,19768.0,122.0,707.0,150.0,612794.0,3.23,70.84,59.55,4.89,28.24,0.174,68.65,High,Delta,2021,11,November,4,Sunday
2021-11-21,Thailand,70000000,19200.0,131.0,687.0,187.0,560559.0,3.43,71.58,59.55,4.89,27.43,0.187,66.8,High,Delta,2021,11,November,4,Sunday
2021-11-28,Thailand,70000000,29382.0,185.0,1043.0,333.0,734913.0,4.0,72.18,60.56,5.15,41.97,0.264,76.22,High,Delta,2021,11,November,4,Sunday
2021-12-05,Thailand,70000000,25385.0,50.0,429.0,103.0,656608.0,3.87,72.18,61.08,5.58,36.26,0.071,58.26,High,Omicron,2021,12,December,4,Sunday
2021-12-12,Thailand,70000000,27741.0,55.0,467.0,102.0,696110.0,3.99,72.19,61.5,5.77,39.63,0.079,62.81,High,Omicron,2021,12,December,4,Sunday
2021-12-19,Thailand,70000000,36280.0,81.0,611.0,122.0,845430.0,4.29,72.28,61.5,6.1,51.83,0.116,64.32,Lockdown,Omicron,2021,12,December,4,Sunday
2021-12-26,Thailand,70000000,30825.0,62.0,518.0,133.0,692832.0,4.45,72.52,61.81,6.1,44.04,0.089,64.35,Lockdown,Omicron,2021,12,December,4,Sunday
2022-01-02,Thailand,70000000,33298.0,75.0,558.0,126.0,791643.0,4.21,72.52,61.97,7.05,47.57,0.107,61.8,Lockdown,Omicron,2022,1,January,1,Sunday
2022-01-09,Thailand,70000000,29314.0,67.0,492.0,138.0,783922.0,3.74,73.17,61.97,7.66,41.88,0.096,61.2,Lockdown,Omicron,2022,1,January,1,Sunday
2022-01-16,Thailand,70000000,31464.0,65.0,525.0,133.0,803512.0,3.92,73.33,62.51,,44.95,0.093,64.33,Lockdown,Omicron,2022,1,January,1,Sunday
2022-01-23,Thailand,70000000,32931.0,71.0,549.0,121.0,726585.0,4.53,74.03,62.62,8.25,47.04,0.101,63.58,Lockdown,Omicron,2022,1,January,1,Sunday
2022-01-30,Thailand,70000000,31884.0,60.0,529.0,165.0,670972.0,4.75,74.03,63.28,8.53,45.55,0.086,58.55,Lockdown,Omicron,2022,1,January,1,Sunday
2022-02-06,Thailand,70000000,27199.0,61.0,451.0,69.0,643632.0,4.23,74.03,63.28,9.73,38.86,0.087,61.22,High,Omicron,2022,2,February,1,Sunday
2022-02-13,Thailand,70000000,23430.0,48.0,389.0,104.0,564028.0,4.15,74.29,63.3,10.2,33.47,0.069,57.59,Lockdown,Omicron,2022,2,February,1,Sunday
2022-02-20,Thailand,70000000,19057.0,44.0,315.0,69.0,636981.0,2.99,74.29,63.62,11.23,27.22,0.063,60.56,Lockdown,Omicron,2022,2,February,1,Sunday
2022-02-27,Thailand,70000000,17035.0,36.0,280.0,48.0,619312.0,2.75,74.29,64.18,11.23,24.34,0.051,59.1,High,Omicron,2022,2,February,1,Sunday
2022-03-06,Thailand,70000000,11274.0,24.0,184.0,30.0,533723.0,2.11,74.29,64.94,11.99,16.11,0.034,48.39,High,Omicron,2022,3,March,1,Sunday
2022-03-13,Thailand,70000000,9586.0,19.0,157.0,41.0,456055.0,2.1,74.29,64.94,12.44,13.69,0.027,55.37,Moderate,Omicron,2022,3,March,1,Sunday
2022-03-20,Thailand,70000000,8641.0,17.0,141.0,25.0,488648.0,1.77,74.29,64.94,13.86,12.34,0.024,53.91,Moderate,Omicron,2022,3,March,1,Sunday
2022-03-27,Thailand,70000000,5573.0,11.0,91.0,27.0,526077.0,1.06,74.29,64.94,14.68,7.96,0.016,47.89,Low,Omicron,2022,3,March,1,Sunday
2022-04-03,Thailand,70000000,4729.0,10.0,77.0,16.0,488334.0,0.97,74.61,64.94,15.66,6.76,0.014,53.42,Low,Omicron,2022,4,April,2,Sunday
2022-04-10,Thailand,70000000,5848.0,12.0,96.0,20.0,506259.0,1.16,74.61,64.94,16.04,8.35,0.017,48.53,Low,Omicron,2022,4,April,2,Sunday
2022-04-17,Thailand,70000000,7339.0,16.0,120.0,31.0,620690.0,,74.69,65.16,16.94,10.48,0.023,55.24,Low,Omicron,2022,4,April,2,Sunday
2022-04-24,Thailand,70000000,7542.0,13.0,123.0,23.0,505688.0,1.49,74.69,65.16,17.67,10.77,0.019,50.84,Low,Omicron,2022,4,April,2,Sunday
2022-05-01,Thailand,70000000,4988.0,11.0,81.0,12.0,387283.0,1.29,74.98,65.16,18.57,7.13,0.016,47.53,Low,Omicron,2022,5,May,2,Sunday
2022-05-08,Thailand,70000000,6339.0,15.0,103.0,23.0,438766.0,1.44,74.98,65.16,19.29,9.06,0.021,57.22,Low,Omicron,2022,5,May,2,Sunday
2022-05-15,Thailand,70000000,7237.0,14.0,118.0,28.0,501794.0,1.44,74.98,65.43,20.35,10.34,0.02,48.46,Low,Omicron,2022,5,May,2,Sunday
2022-05-22,Thailand,70000000,10349.0,19.0,169.0,38.0,520617.0,1.99,74.98,65.43,21.71,14.78,0.027,51.68,Low,Omicron,2022,5,May,2,Sunday
2022-05-29,Thailand,70000000,8326.0,17.0,136.0,31.0,493434.0,1.69,74.98,65.43,22.04,11.89,0.024,51.28,Moderate,Omicron,2022,5,May,2,Sunday
2022-06-05,Thailand,70000000,10649.0,19.0,173.0,46.0,516276.0,2.06,74.98,65.43,22.9,15.21,0.027,,Low,Omicron,2022,6,June,2,Sunday
2022-06-12,Thailand,70000000,12052.0,23.0,196.0,58.0,502616.0,2.4,74.98,65.43,23.88,17.22,0.033,56.16,Moderate,Omicron,2022,6,June,2,Sunday
2022-06-19,Thailand,70000000,12923.0,26.0,210.0,45.0,560958.0,2.3,74.98,65.43,24.71,18.46,0.037,54.94,Moderate,Omicron,2022,6,June,2,Sunday
2022-06-26,Thailand,70000000,17368.0,37.0,283.0,80.0,653092.0,2.66,74.98,65.43,25.75,24.81,0.053,59.26,Moderate,Omicron,2022,6,June,2,Sunday
2022-07-03,Thailand,70000000,15678.0,23.0,209.0,34.0,650412.0,2.41,74.98,65.43,26.55,22.4,0.033,55.69,High,Omicron (BA.5),2022,7,July,3,Sunday
2022-07-10,Thailand,70000000,14633.0,27.0,195.0,45.0,637665.0,2.29,74.98,65.69,27.87,20.9,0.039,50.21,High,Omicron (BA.5),2022,7,July,3,Sunday
2022-07-17,Thailand,70000000,13485.0,20.0,179.0,38.0,508026.0,2.65,74.98,65.81,28.75,19.26,0.029,55.33,Moderate,Omicron (BA.5),2022,7,July,3,Sunday
2022-07-24,Thailand,70000000,11743.0,17.0,156.0,36.0,532421.0,2.21,75.06,65.81,29.99,16.78,0.024,53.93,Moderate,Omicron (BA.5),2022,7,July,3,Sunday
2022-07-31,Thailand,70000000,13418.0,20.0,178.0,29.0,535646.0,2.51,75.06,65.81,30.22,19.17,0.029,52.37,Moderate,Omicron (BA.5),2022,7,July,3,Sunday
2022-08-07,Thailand,70000000,14858.0,27.0,197.0,34.0,590013.0,2.52,75.06,65.81,31.19,21.23,0.039,59.63,Moderate,Omicron (BA.5),2022,8,August,3,Sunday
2022-08-14,Thailand,70000000,11123.0,20.0,148.0,30.0,523821.0,2.12,75.82,65.81,32.03,15.89,0.029,54.65,High,Omicron (BA.5),2022,8,August,3,Sunday
2022-08-21,Thailand,70000000,8784.0,12.0,117.0,23.0,495626.0,1.77,75.82,65.81,32.86,12.55,0.017,54.65,Moderate,Omicron (BA.5),2022,8,August,3,Sunday
2022-08-28,Thailand,70000000,12684.0,22.0,168.0,36.0,605482.0,2.09,75.82,65.81,33.96,18.12,0.031,56.1,Low,Omicron (BA.5),2022,8,August,3,Sunday
2022-09-04,Thailand,70000000,6487.0,9.0,86.0,20.0,486377.0,1.33,75.82,65.81,33.96,9.27,0.013,50.41,Moderate,Omicron (BA.5),2022,9,September,3,Sunday
2022-09-11,Thailand,70000000,9035.0,13.0,120.0,23.0,512196.0,1.76,75.82,65.81,35.33,12.91,0.019,53.96,Low,Omicron (BA.5),2022,9,September,3,Sunday
2022-09-18,Thailand,70000000,9223.0,13.0,123.0,31.0,525805.0,1.75,75.82,65.81,36.54,13.18,0.019,53.25,Low,Omicron (BA.5),2022,9,September,3,Sunday
2022-09-25,Thailand,70000000,4573.0,8.0,61.0,13.0,489224.0,0.93,75.82,65.81,37.08,6.53,0.011,49.4,Moderate,Omicron (BA.5),2022,9,September,3,Sunday
2022-10-02,Thailand,70000000,5264.0,8.0,70.0,11.0,496467.0,1.06,75.82,66.04,37.74,7.52,0.011,47.98,None,Omicron (BA.5),2022,10,October,4,Sunday
2022-10-09,Thailand,70000000,487.0,1.0,6.0,1.0,477433.0,0.1,75.82,66.04,38.29,0.7,0.001,49.37,Low,Omicron (BA.5),2022,10,October,4,Sunday
2022-10-16,Thailand,70000000,210.0,,3.0,1.0,378621.0,0.06,75.82,66.04,38.51,0.3,0.0,50.7,None,Omicron (BA.5),2022,10,October,4,Sunday
2022-10-23,Thailand,70000000,428.0,1.0,6.0,2.0,435137.0,0.1,75.82,66.04,39.08,0.61,0.001,49.35,None,Omicron (BA.5),2022,10,October,4,Sunday
2022-10-30,Thailand,70000000,2237.0,4.0,30.0,9.0,437966.0,0.51,75.82,66.04,39.68,3.2,0.006,49.5,None,Omicron (BA.5),2022,10,October,4,Sunday
2022-11-06,Thailand,70000000,698.0,1.0,9.0,2.0,416460.0,0.17,75.82,66.04,40.13,1.0,0.001,49.46,None,Omicron (BA.5),2022,11,November,4,Sunday
2022-11-13,Thailand,70000000,291.0,0.0,4.0,1.0,448443.0,0.06,75.82,66.04,41.29,0.42,0.0,48.54,None,Omicron (BA.5),2022,11,November,4,Sunday
2022-11-20,Thailand,70000000,210.0,0.0,3.0,1.0,465800.0,0.05,75.82,66.04,41.97,0.3,0.0,53.11,None,Omicron (BA.5),2022,11,November,4,Sunday
2022-11-27,Thailand,70000000,210.0,0.0,3.0,1.0,402047.0,0.05,75.82,66.04,42.14,0.3,0.0,49.91,None,Omicron (BA.5),2022,11,November,4,Sunday
2022-12-04,Thailand,70000000,210.0,0.0,3.0,1.0,478980.0,0.04,75.82,66.04,42.72,0.3,0.0,48.02,None,Omicron (BA.5),2022,12,December,4,Sunday
2022-12-11,Thailand,70000000,210.0,0.0,3.0,1.0,373691.0,0.06,75.82,66.04,43.01,0.3,0.0,44.71,None,Omicron (BA.5),2022,12,December,4,Sunday
2022-12-18,Thailand,70000000,210.0,0.0,3.0,1.0,441954.0,0.05,75.82,66.04,43.51,0.3,0.0,48.74,None,Omicron (BA.5),2022,12,December,4,Sunday
2022-12-25,Thailand,70000000,312.0,1.0,4.0,1.0,392871.0,0.08,75.82,66.46,43.51,0.45,0.001,47.82,None,Omicron (BA.5),2022,12,December,4,Sunday
2021-01-03,Turkey,85300000,4711.0,44.0,295.0,84.0,930552.0,0.51,18.29,12.1,0.0,5.52,0.052,53.83,None,Alpha,2021,1,January,1,Sunday
2021-01-10,Turkey,85300000,9829.0,71.0,610.0,100.0,1010592.0,0.97,20.05,13.53,0.09,11.52,0.083,65.65,None,Alpha,2021,1,January,1,Sunday
2021-01-17,Turkey,85300000,11018.0,97.0,681.0,149.0,1037457.0,1.06,21.64,14.04,0.09,12.92,0.114,56.44,None,Alpha,2021,1,January,1,Sunday
2021-01-24,Turkey,85300000,14877.0,110.0,911.0,147.0,968214.0,1.54,23.35,15.63,0.1,17.44,0.129,67.32,Low,Alpha,2021,1,January,1,Sunday
2021-01-31,Turkey,85300000,24466.0,166.0,1491.0,456.0,1070610.0,2.29,24.87,16.48,0.72,28.68,0.195,,Low,Alpha,2021,1,January,1,Sunday
2021-02-07,Turkey,85300000,23968.0,161.0,1446.0,399.0,1247849.0,1.92,27.27,18.15,0.72,28.1,0.189,72.8,Moderate,Alpha,2021,2,February,1,Sunday
2021-02-14,Turkey,85300000,35353.0,266.0,2118.0,565.0,1089212.0,3.25,29.38,19.23,0.72,41.45,0.312,71.23,Moderate,Alpha,2021,2,February,1,Sunday
2021-02-21,Turkey,85300000,35847.0,269.0,2128.0,566.0,1292203.0,2.77,31.22,20.71,0.72,42.02,0.315,76.25,Moderate,Alpha,2021,2,February,1,Sunday
2021-02-28,Turkey,85300000,42276.0,299.0,2482.0,493.0,1268061.0,3.33,33.34,22.52,0.72,49.56,0.351,84.11,Moderate,Alpha,2021,2,February,1,Sunday
2021-03-07,Turkey,85300000,38404.0,298.0,2233.0,689.0,1173763.0,3.27,35.59,24.05,0.72,45.02,0.349,79.7,High,Alpha,2021,3,March,1,Sunday
2021-03-14,Turkey,85300000,39268.0,285.0,2264.0,695.0,1481192.0,2.65,38.03,25.38,0.72,46.04,0.334,77.39,Moderate,Alpha,2021,3,March,1,Sunday
2021-03-21,Turkey,85300000,33629.0,211.0,1920.0,529.0,1134172.0,2.97,39.63,26.94,0.72,39.42,0.247,69.84,High,Alpha,2021,3,March,1,Sunday
2021-03-28,Turkey,85300000,28199.0,189.0,1586.0,364.0,1071872.0,2.63,41.57,29.25,0.72,33.06,0.222,67.96,Moderate,Alpha,2021,3,March,1,Sunday
2021-04-04,Turkey,85300000,23007.0,140.0,1282.0,203.0,1114149.0,2.06,44.04,30.68,0.72,26.97,0.164,71.62,Moderate,Alpha,2021,4,April,2,Sunday
2021-04-11,Turkey,85300000,21245.0,126.0,1172.0,181.0,1046437.0,2.03,46.75,32.13,0.72,24.91,0.148,66.14,Low,Alpha,2021,4,April,2,Sunday
2021-04-18,Turkey,85300000,16923.0,104.0,923.0,160.0,1076124.0,1.57,47.93,33.83,0.95,19.84,0.122,64.28,Low,Alpha,2021,4,April,2,Sunday
2021-04-25,Turkey,85300000,13164.0,92.0,707.0,178.0,1054245.0,1.25,50.52,36.11,1.15,15.43,0.108,62.95,Low,Alpha,2021,4,April,2,Sunday
2021-05-02,Turkey,85300000,7475.0,51.0,397.0,113.0,1007984.0,0.74,52.66,37.62,1.15,8.76,0.06,55.8,Low,Alpha,2021,5,May,2,Sunday
2021-05-09,Turkey,85300000,7460.0,52.0,392.0,122.0,979470.0,0.76,53.52,39.31,1.15,8.75,0.061,60.02,None,Alpha,2021,5,May,2,Sunday
2021-05-16,Turkey,85300000,3562.0,24.0,185.0,33.0,900155.0,,56.2,41.15,1.15,4.18,0.028,55.83,None,Alpha,2021,5,May,2,Sunday
2021-05-23,Turkey,85300000,6155.0,49.0,362.0,71.0,1027679.0,0.6,58.03,42.95,1.2,7.22,0.057,59.43,None,Delta,2021,5,May,2,Sunday
2021-05-30,Turkey,85300000,4384.0,32.0,255.0,41.0,952633.0,0.46,59.46,44.53,1.2,5.14,0.038,56.15,None,Delta,2021,5,May,2,Sunday
2021-06-06,Turkey,85300000,5421.0,35.0,311.0,99.0,932192.0,0.58,60.94,46.57,1.4,6.36,0.041,54.24,None,Delta,2021,6,June,2,Sunday
2021-06-13,Turkey,85300000,9348.0,73.0,529.0,150.0,1125658.0,0.83,62.47,48.2,1.4,10.96,0.086,59.34,None,Delta,2021,6,June,2,Sunday
2021-06-20,Turkey,85300000,12283.0,85.0,689.0,160.0,1023230.0,1.2,63.97,49.54,1.4,14.4,0.1,63.66,None,Delta,2021,6,June,2,Sunday
2021-06-27,Turkey,85300000,15040.0,100.0,832.0,206.0,1150865.0,1.31,65.32,51.3,1.4,17.63,0.117,64.51,Low,Delta,2021,6,June,2,Sunday
2021-07-04,Turkey,85300000,20899.0,170.0,1147.0,282.0,1220959.0,1.71,66.5,52.34,,24.5,0.199,66.84,Low,Delta,2021,7,July,3,Sunday
2021-07-11,Turkey,85300000,24404.0,153.0,1323.0,256.0,1261633.0,1.93,67.71,53.93,1.45,28.61,0.179,70.81,Low,Delta,2021,7,July,3,Sunday
2021-07-18,Turkey,85300000,29059.0,171.0,1558.0,283.0,1251846.0,2.32,69.24,55.34,1.53,34.07,0.2,70.47,Moderate,Delta,2021,7,July,3,Sunday
07-25-2021,Turkey,85300000,34035.0,260.0,1806.0,362.0,1231573.0,2.76,69.51,56.59,1.92,39.9,0.305,73.67,Moderate,Delta,2021,7,July,3,Sunday
08-01-2021,Turkey,85300000,30478.0,190.0,1603.0,308.0,1193058.0,2.55,70.27,57.74,1.99,35.73,0.223,70.24,Moderate,Delta,2021,8,August,3,Sunday
2021-08-08,Turkey,85300000,40559.0,257.0,2115.0,518.0,1265926.0,3.2,72.0,58.77,2.21,47.55,0.301,79.09,Moderate,Delta,2021,8,August,3,Sunday
2021-08-15,Turkey,85300000,50267.0,282.0,2591.0,524.0,1140503.0,4.41,72.36,60.22,2.21,58.93,0.331,82.32,High,Delta,2021,8,August,3,Sunday
2021-08-22,Turkey,85300000,51175.0,318.0,2632.0,721.0,1467771.0,3.49,73.01,60.45,2.7,59.99,0.373,80.62,High,Delta,2021,8,August,3,Sunday
2021-08-29,Turkey,85300000,53447.0,385.0,2726.0,672.0,1436223.0,3.72,73.74,61.48,3.03,62.66,0.451,79.25,High,Delta,2021,8,August,3,Sunday
2021-09-05,Turkey,85300000,50498.0,333.0,2558.0,615.0,1473035.0,3.43,74.43,62.32,3.25,59.2,0.39,84.01,High,Delta,2021,9,September,3,Sunday
2021-09-12,Turkey,85300000,46230.0,283.0,2327.0,725.0,1330285.0,3.48,74.75,63.07,3.34,54.2,0.332,77.02,High,Delta,2021,9,September,3,Sunday
2021-09-19,Turkey,85300000,51718.0,299.0,2597.0,532.0,1466987.0,3.53,75.55,63.32,3.78,60.63,0.351,81.83,High,Delta,2021,9,September,3,Sunday
2021-09-26,Turkey,85300000,53845.0,310.0,2666.0,688.0,1256671.0,4.28,75.55,65.01,4.06,63.12,0.363,88.24,High,Delta,2021,9,September,3,Sunday
2021-10-03,Turkey,85300000,52767.0,327.0,2612.0,392.0,1271287.0,4.15,76.16,65.01,4.94,61.86,0.383,83.81,High,Delta,2021,10,October,4,Sunday
2021-10-10,Turkey,85300000,50698.0,278.0,2491.0,686.0,1109515.0,4.57,76.16,65.87,,59.43,0.326,84.59,High,Delta,2021,10,October,4,Sunday
2021-10-17,Turkey,85300000,44977.0,238.0,2209.0,520.0,,3.41,77.3,65.93,4.94,52.73,0.279,76.32,High,Delta,2021,10,October,4,Sunday
2021-10-24,Turkey,85300000,47711.0,294.0,2321.0,430.0,1272533.0,3.75,77.3,67.03,5.02,55.93,0.345,81.49,High,Delta,2021,10,October,4,Sunday
2021-10-31,Turkey,85300000,42755.0,276.0,2079.0,312.0,1216402.0,3.51,77.73,67.07,5.66,50.12,0.324,76.4,High,Delta,2021,10,October,4,Sunday
2021-11-07,Turkey,85300000,44325.0,287.0,2150.0,581.0,1360968.0,3.26,77.91,67.38,6.11,51.96,0.336,77.98,High,Delta,2021,11,November,4,Sunday
2021-11-14,Turkey,85300000,40893.0,258.0,1970.0,517.0,1250125.0,3.27,78.16,68.16,6.88,47.94,0.302,80.26,High,Delta,2021,11,November,4,Sunday
2021-11-21,Turkey,85300000,43098.0,76.0,992.0,261.0,1163616.0,3.7,78.19,68.24,7.06,50.53,0.089,64.47,High,Omicron,2021,11,November,4,Sunday
2021-11-28,Turkey,85300000,58125.0,110.0,1334.0,299.0,1746809.0,3.33,78.49,68.6,8.22,68.14,0.129,68.73,High,Omicron,2021,11,November,4,Sunday
2021-12-05,Turkey,85300000,52299.0,102.0,1195.0,309.0,1394069.0,3.75,78.49,69.11,8.22,61.31,0.12,64.99,Lockdown,Omicron,2021,12,December,4,Sunday
2021-12-12,Turkey,85300000,71358.0,105.0,1624.0,401.0,1435800.0,4.97,78.49,69.57,8.66,83.66,0.123,73.88,High,Omicron,2021,12,December,4,Sunday
2021-12-19,Turkey,85300000,59542.0,100.0,1355.0,,1385799.0,4.3,78.79,69.57,9.81,69.8,0.117,67.49,Lockdown,Omicron,2021,12,December,4,Sunday
2021-12-26,Turkey,85300000,74123.0,116.0,1687.0,402.0,1575112.0,4.71,78.79,69.57,10.34,86.9,0.136,74.86,Lockdown,Omicron,2021,12,December,4,Sunday
2022-01-02,Turkey,85300000,83319.0,164.0,1888.0,448.0,1657537.0,5.03,79.47,70.0,11.01,97.68,0.192,70.24,Lockdown,Omicron,2022,1,January,1,Sunday
2022-01-09,Turkey,85300000,80808.0,155.0,1826.0,530.0,1830947.0,4.41,79.47,70.34,12.02,94.73,0.182,75.1,Lockdown,Omicron,2022,1,January,1,Sunday
2022-01-16,Turkey,85300000,77419.0,143.0,1742.0,390.0,1616954.0,4.79,79.47,70.79,12.86,90.76,0.168,71.26,Lockdown,Omicron,2022,1,January,1,Sunday
2022-01-23,Turkey,85300000,84178.0,133.0,1895.0,425.0,1939607.0,4.34,79.47,70.79,14.0,98.68,0.156,76.27,Lockdown,Omicron,2022,1,January,1,Sunday
2022-01-30,Turkey,85300000,77822.0,149.0,1751.0,556.0,1574554.0,4.94,79.47,70.79,,91.23,0.175,72.93,Lockdown,Omicron,2022,1,January,1,Sunday
2022-02-06,Turkey,85300000,71420.0,103.0,1603.0,,1626240.0,4.39,79.47,71.12,15.78,83.73,0.121,70.1,High,Omicron,2022,2,February,1,Sunday
2022-02-13,Turkey,85300000,62440.0,95.0,1397.0,267.0,1612567.0,3.87,79.58,71.47,16.97,73.2,0.111,68.36,High,Omicron,2022,2,February,1,Sunday
2022-02-20,Turkey,85300000,57057.0,99.0,1276.0,389.0,,3.61,79.58,71.47,18.34,66.89,0.116,65.96,High,Omicron,2022,2,February,1,Sunday
2022-02-27,Turkey,85300000,42176.0,77.0,943.0,164.0,1442938.0,2.92,79.58,71.47,19.58,49.44,0.09,66.76,Lockdown,Omicron,2022,2,February,1,Sunday
2022-03-06,Turkey,85300000,45363.0,84.0,1015.0,300.0,1305896.0,3.47,79.58,71.47,20.3,53.18,0.098,62.78,High,Omicron,2022,3,March,1,Sunday
2022-03-13,Turkey,85300000,32540.0,51.0,728.0,132.0,1217472.0,2.67,79.58,71.47,21.48,38.15,0.06,61.79,High,Omicron,2022,3,March,1,Sunday
2022-03-20,Turkey,85300000,22223.0,36.0,497.0,111.0,900980.0,2.47,79.87,71.47,22.53,26.05,0.042,60.94,Moderate,Omicron,2022,3,March,1,Sunday
2022-03-27,Turkey,85300000,14921.0,25.0,334.0,,1040739.0,1.43,79.87,71.47,23.92,17.49,0.029,62.44,Low,Omicron,2022,3,March,1,Sunday
2022-04-03,Turkey,85300000,13995.0,20.0,312.0,52.0,1140437.0,1.23,80.13,71.9,25.1,16.41,0.023,58.16,Low,Omicron,2022,4,April,2,Sunday
2022-04-10,Turkey,85300000,10537.0,19.0,235.0,69.0,1090331.0,0.97,80.13,71.9,26.59,12.35,0.022,56.78,Low,Omicron,2022,4,April,2,Sunday
2022-04-17,Turkey,85300000,15272.0,24.0,340.0,80.0,1053183.0,1.45,80.22,71.99,26.84,17.9,0.028,59.15,Low,Omicron,2022,4,April,2,Sunday
2022-04-24,Turkey,85300000,11560.0,17.0,257.0,43.0,1166223.0,0.99,80.22,71.99,28.55,13.55,0.02,52.43,Low,Omicron,2022,4,April,2,Sunday
2022-05-01,Turkey,85300000,10588.0,17.0,236.0,74.0,986535.0,1.07,80.22,71.99,29.93,12.41,0.02,54.4,Low,Omicron,2022,5,May,2,Sunday
2022-05-08,Turkey,85300000,12620.0,22.0,281.0,68.0,976957.0,1.29,80.22,72.13,31.01,14.79,0.026,56.92,Low,Omicron,2022,5,May,2,Sunday
2022-05-15,Turkey,85300000,14915.0,27.0,332.0,100.0,1017666.0,1.47,80.22,72.13,31.92,17.49,0.032,56.6,Low,Omicron,2022,5,May,2,Sunday
2022-05-22,Turkey,85300000,20086.0,30.0,447.0,133.0,1005246.0,2.0,80.26,72.13,32.97,23.55,0.035,55.57,Low,Omicron,2022,5,May,2,Sunday
2022-05-29,Turkey,85300000,22809.0,34.0,507.0,77.0,1185484.0,1.92,80.26,72.13,34.74,26.74,0.04,62.33,Low,Omicron,2022,5,May,2,Sunday
2022-06-05,Turkey,85300000,31940.0,60.0,710.0,138.0,1240520.0,2.57,80.26,72.13,35.37,37.44,0.07,62.92,Low,Omicron,2022,6,June,2,Sunday
2022-06-12,Turkey,85300000,30043.0,50.0,668.0,138.0,1253553.0,2.4,80.26,72.13,36.15,35.22,0.059,62.19,Moderate,Omicron,2022,6,June,2,Sunday
2022-06-19,Turkey,85300000,30079.0,38.0,547.0,132.0,1155930.0,2.6,80.5,72.13,37.97,35.26,0.045,58.86,Moderate,Omicron (BA.5),2022,6,June,2,Sunday
2022-06-26,Turkey,85300000,31585.0,38.0,575.0,93.0,1203675.0,2.62,80.5,72.13,38.86,37.03,0.045,61.08,Moderate,Omicron (BA.5),2022,6,June,2,Sunday
03/07/2022,Turkey,85300000,32999.0,50.0,600.0,130.0,1009194.0,3.27,80.5,72.13,39.65,38.69,0.059,62.43,Moderate,Omicron (BA.5),2022,7,July,3,Sunday
2022-07-10,Turkey,85300000,34303.0,48.0,624.0,180.0,1271230.0,2.7,80.5,72.13,40.34,40.21,0.056,60.72,Moderate,Omicron (BA.5),2022,7,July,3,Sunday
2022-07-17,Turkey,85300000,34941.0,42.0,636.0,114.0,1249705.0,2.8,80.5,72.13,41.47,40.96,0.049,62.62,Moderate,Omicron (BA.5),2022,7,July,3,Sunday
2022-07-24,Turkey,85300000,38803.0,45.0,706.0,190.0,1162857.0,3.34,80.5,72.13,42.71,45.49,0.053,60.24,Moderate,Omicron (BA.5),2022,7,July,3,Sunday
2022-07-31,Turkey,85300000,38487.0,46.0,700.0,160.0,1261589.0,3.05,80.73,72.13,42.71,45.12,0.054,62.41,High,Omicron (BA.5),2022,7,July,3,Sunday
2022-08-07,Turkey,85300000,35315.0,43.0,642.0,104.0,1217666.0,2.9,80.73,72.13,43.44,41.4,0.05,64.43,Moderate,Omicron (BA.5),2022,8,August,3,Sunday
2022-08-14,Turkey,85300000,29438.0,34.0,536.0,97.0,1357631.0,2.17,80.73,72.13,44.43,34.51,0.04,63.56,Moderate,Omicron (BA.5),2022,8,August,3,Sunday
2022-08-21,Turkey,85300000,30104.0,36.0,546.0,95.0,1094273.0,2.75,80.73,72.37,45.29,35.29,0.042,63.9,Moderate,Omicron (BA.5),2022,8,August,3,Sunday
2022-08-28,Turkey,85300000,25526.0,30.0,463.0,118.0,1184635.0,2.15,80.73,72.37,45.79,29.93,0.035,60.45,Moderate,Omicron (BA.5),2022,8,August,3,Sunday
2022-09-04,Turkey,85300000,23232.0,29.0,422.0,70.0,1034235.0,2.25,80.73,72.37,46.73,27.24,0.034,59.39,Moderate,Omicron (BA.5),2022,9,September,3,Sunday
2022-09-11,Turkey,85300000,18568.0,24.0,337.0,98.0,1041904.0,1.78,80.73,72.37,47.42,21.77,0.028,57.32,Low,Omicron (BA.5),2022,9,September,3,Sunday
2022-09-18,Turkey,85300000,18306.0,24.0,332.0,95.0,1112289.0,1.65,80.73,72.45,47.7,21.46,0.028,53.87,Low,Omicron (BA.5),2022,9,September,3,Sunday
2022-09-25,Turkey,85300000,11925.0,17.0,216.0,35.0,1012583.0,1.18,80.73,72.45,48.28,13.98,0.02,53.83,Low,Omicron (BA.5),2022,9,September,3,Sunday
2022-10-02,Turkey,85300000,10472.0,13.0,190.0,57.0,1016257.0,1.03,80.77,72.45,48.65,12.28,0.015,56.51,Low,Omicron (BA.5),2022,10,October,4,Sunday
2022-10-09,Turkey,85300000,11585.0,17.0,210.0,66.0,1054228.0,1.1,80.77,72.45,48.99,13.58,0.02,56.86,Low,Omicron (BA.5),2022,10,October,4,Sunday
2022-10-16,Turkey,85300000,7402.0,11.0,134.0,21.0,949699.0,0.78,80.77,72.45,49.0,8.68,0.013,59.88,Low,Omicron (BA.5),2022,10,October,4,Sunday
2022-10-23,Turkey,85300000,6771.0,10.0,123.0,38.0,1052521.0,0.64,80.77,72.45,49.44,7.94,0.012,59.53,None,Omicron (BA.5),2022,10,October,4,Sunday
2022-10-30,Turkey,85300000,4531.0,5.0,82.0,16.0,939041.0,0.48,80.77,72.45,49.68,5.31,0.006,54.1,None,Omicron (BA.5),2022,10,October,4,Sunday
2022-11-06,Turkey,85300000,5985.0,7.0,109.0,29.0,968208.0,0.62,80.77,72.45,50.36,7.02,0.008,58.14,None,Omicron (BA.5),2022,11,November,4,Sunday
2022-11-13,Turkey,85300000,2598.0,4.0,47.0,8.0,972247.0,0.27,80.77,72.45,50.76,3.05,0.005,54.27,None,Omicron (BA.5),2022,11,November,4,Sunday
2022-11-20,Turkey,85300000,2555.0,3.0,46.0,13.0,961696.0,0.27,80.77,72.45,50.76,3.0,0.004,57.16,None,Omicron (BA.5),2022,11,November,4,Sunday
2022-11-27,Turkey,85300000,873.0,1.0,16.0,5.0,977089.0,,80.77,72.45,51.23,1.02,0.001,57.16,None,Omicron (BA.5),2022,11,November,4,Sunday
2022-12-04,Turkey,85300000,256.0,0.0,5.0,2.0,946993.0,0.03,80.77,72.45,51.23,0.3,0.0,58.13,None,Omicron (BA.5),2022,12,December,4,Sunday
2022-12-11,Turkey,85300000,256.0,0.0,5.0,2.0,958229.0,0.03,80.77,72.45,51.33,0.3,0.0,53.8,None,Omicron (BA.5),2022,12,December,4,Sunday
2022-12-18,Turkey,85300000,2438.0,3.0,44.0,7.0,918914.0,0.27,80.77,72.45,51.66,2.86,0.004,57.96,None,Omicron (BA.5),2022,12,December,4,Sunday
2022-12-25,Turkey,85300000,256.0,0.0,5.0,1.0,844607.0,0.03,80.77,72.45,51.69,0.3,0.0,50.35,None,Omicron (BA.5),2022,12,December,4,Sunday
2021-01-03,Ukraine,43700000,4392.0,66.0,244.0,70.0,287043.0,1.53,9.63,7.21,0.0,10.05,0.151,48.31,Low,Alpha,2021,1,January,1,Sunday
2021-01-10,Ukraine,43700000,6725.0,106.0,374.0,102.0,299004.0,2.25,9.98,7.21,0.49,15.39,0.243,52.37,Low,Alpha,2021,1,January,1,Sunday
2021-01-17,Ukraine,43700000,8175.0,99.0,455.0,119.0,300217.0,2.72,10.66,7.35,0.49,18.71,0.227,55.82,Low,Alpha,2021,1,January,1,Sunday
2021-01-24,Ukraine,43700000,11075.0,173.0,615.0,178.0,350036.0,3.16,11.57,7.78,0.49,25.34,0.396,56.04,Low,Alpha,2021,1,January,1,Sunday
2021-01-31,Ukraine,43700000,13350.0,169.0,741.0,207.0,304268.0,4.39,11.97,7.79,0.49,30.55,0.387,60.94,Moderate,Alpha,2021,1,January,1,Sunday
2021-02-07,Ukraine,43700000,15112.0,234.0,834.0,259.0,363166.0,4.16,12.68,8.64,0.49,34.58,0.535,61.32,Moderate,Alpha,2021,2,February,1,Sunday
02-14-2021,Ukraine,43700000,13082.0,185.0,720.0,109.0,316169.0,4.14,13.02,9.29,0.49,29.93,0.423,53.78,Moderate,Alpha,2021,2,February,1,Sunday
2021-02-21,Ukraine,43700000,15348.0,206.0,844.0,148.0,330964.0,4.64,13.31,9.39,0.71,35.12,0.471,60.28,Moderate,Alpha,2021,2,February,1,Sunday
2021-02-28,Ukraine,43700000,17000.0,266.0,929.0,231.0,342786.0,4.96,14.55,10.35,0.71,38.9,0.609,58.38,High,Alpha,2021,2,February,1,Sunday
2021-03-07,Ukraine,43700000,14697.0,209.0,801.0,175.0,364336.0,4.03,15.15,10.76,1.14,33.63,0.478,58.05,High,Alpha,2021,3,March,1,Sunday
2021-03-14,Ukraine,43700000,14012.0,166.0,763.0,159.0,284299.0,4.93,15.52,11.09,1.14,32.06,0.38,57.84,Moderate,Alpha,2021,3,March,1,Sunday
2021-03-21,Ukraine,43700000,11228.0,167.0,611.0,169.0,334577.0,3.36,16.28,11.09,1.14,25.69,0.382,58.34,Moderate,Alpha,2021,3,March,1,Sunday
2021-03-28,Ukraine,43700000,9665.0,119.0,523.0,126.0,321835.0,3.0,16.92,12.18,1.14,22.12,0.272,55.04,Moderate,Alpha,2021,3,March,1,Sunday
2021-04-04,Ukraine,43700000,6728.0,103.0,364.0,87.0,279390.0,2.41,17.3,12.18,1.14,15.39,0.236,51.45,Low,Alpha,2021,4,April,2,Sunday
2021-04-11,Ukraine,43700000,5230.0,64.0,281.0,45.0,298124.0,1.75,18.04,13.21,1.14,11.97,0.146,56.56,Low,Alpha,2021,4,April,2,Sunday
2021-04-18,Ukraine,43700000,4380.0,59.0,235.0,54.0,260679.0,1.68,18.53,13.21,1.14,10.02,0.135,48.36,Low,Alpha,2021,4,April,2,Sunday
2021-04-25,Ukraine,43700000,3084.0,42.0,165.0,42.0,279871.0,1.1,19.41,13.66,1.14,7.06,0.096,50.22,None,Alpha,2021,4,April,2,Sunday
2021-05-02,Ukraine,43700000,3057.0,42.0,163.0,32.0,252601.0,1.21,20.49,14.23,1.14,7.0,0.096,51.14,None,Alpha,2021,5,May,2,Sunday
2021-05-09,Ukraine,43700000,2528.0,34.0,135.0,26.0,323012.0,0.78,21.13,14.44,1.14,5.79,0.078,49.45,None,Alpha,2021,5,May,2,Sunday
2021-05-16,Ukraine,43700000,3706.0,49.0,197.0,48.0,304234.0,1.22,21.73,14.75,1.14,8.48,0.112,47.75,None,Alpha,2021,5,May,2,Sunday
2021-05-23,Ukraine,43700000,3712.0,53.0,197.0,60.0,290269.0,1.28,22.55,15.04,1.14,8.49,0.121,47.62,None,Alpha,2021,5,May,2,Sunday
2021-05-30,Ukraine,43700000,5237.0,61.0,275.0,47.0,271424.0,1.93,22.84,17.17,1.14,11.98,0.14,52.77,None,Alpha,2021,5,May,2,Sunday
2021-06-06,Ukraine,43700000,4459.0,82.0,269.0,54.0,282803.0,1.58,23.28,17.17,1.14,10.2,0.188,53.74,Low,Delta,2021,6,June,2,Sunday
2021-06-13,Ukraine,43700000,5035.0,74.0,304.0,49.0,287178.0,1.75,24.26,17.17,1.14,11.52,0.169,51.54,Low,Delta,2021,6,June,2,Sunday
2021-06-20,Ukraine,43700000,8171.0,152.0,491.0,101.0,317662.0,2.57,24.96,18.03,1.14,18.7,0.348,51.31,Low,Delta,2021,6,June,2,Sunday
27 Jun 2021,Ukraine,43700000,9868.0,179.0,593.0,159.0,332158.0,2.97,25.85,18.03,1.14,22.58,0.41,56.23,Low,Delta,2021,6,June,2,Sunday
2021-07-04,Ukraine,43700000,12465.0,228.0,747.0,153.0,343679.0,3.63,26.45,18.43,1.14,28.52,0.522,62.4,Low,Delta,2021,7,July,3,Sunday
2021-07-11,Ukraine,43700000,12897.0,203.0,772.0,168.0,349538.0,3.69,27.25,18.57,1.14,29.51,0.465,56.49,Moderate,Delta,2021,7,July,3,Sunday
2021-07-18,Ukraine,43700000,16790.0,307.0,996.0,308.0,358831.0,4.68,27.25,20.04,1.14,38.42,0.703,61.72,Moderate,Delta,2021,7,July,3,Sunday
2021-07-25,Ukraine,43700000,17272.0,302.0,1024.0,214.0,376737.0,4.58,27.95,20.15,1.14,39.53,0.691,63.1,High,Delta,2021,7,July,3,Sunday
2021-08-01,Ukraine,43700000,20018.0,375.0,1179.0,285.0,363738.0,5.5,28.77,21.17,1.14,45.81,0.858,68.1,High,Delta,2021,8,August,3,Sunday
2021-08-08,Ukraine,43700000,21363.0,299.0,1256.0,388.0,358135.0,5.97,29.53,21.45,1.14,48.89,0.684,65.27,High,Delta,2021,8,August,3,Sunday
2021-08-15,Ukraine,43700000,21645.0,383.0,1268.0,300.0,451258.0,4.8,30.59,22.0,1.14,49.53,0.876,67.99,High,Delta,2021,8,August,3,Sunday
2021-08-22,Ukraine,43700000,20146.0,339.0,1178.0,211.0,396857.0,5.08,30.59,22.32,1.14,46.1,0.776,68.85,High,Delta,2021,8,August,3,Sunday
2021-08-29,Ukraine,43700000,20423.0,378.0,1190.0,207.0,441485.0,4.63,30.85,22.86,,46.73,0.865,61.85,High,Delta,2021,8,August,3,Sunday
2021-09-05,Ukraine,43700000,20698.0,328.0,1204.0,365.0,378901.0,5.46,31.46,23.14,1.14,47.36,0.751,62.5,High,Delta,2021,9,September,3,Sunday
2021-09-12,Ukraine,43700000,21285.0,319.0,1234.0,371.0,466363.0,4.56,31.87,23.63,1.14,48.71,0.73,66.01,High,Delta,2021,9,September,3,Sunday
2021-09-19,Ukraine,43700000,18344.0,327.0,1061.0,204.0,375551.0,4.88,32.32,23.99,1.14,41.98,0.748,65.98,High,Delta,2021,9,September,3,Sunday
2021-09-26,Ukraine,43700000,20695.0,310.0,1188.0,304.0,422910.0,4.89,33.08,25.21,1.14,47.36,0.709,66.36,High,Delta,2021,9,September,3,Sunday
2021-10-03,Ukraine,43700000,19283.0,323.0,1107.0,197.0,379848.0,5.08,33.81,25.21,1.47,44.13,0.739,66.93,High,Delta,2021,10,October,4,Sunday
2021-10-10,Ukraine,43700000,19710.0,296.0,1132.0,214.0,386468.0,5.1,33.99,25.21,1.47,45.1,0.677,60.39,High,Delta,2021,10,October,4,Sunday
2021-10-17,Ukraine,43700000,17166.0,305.0,980.0,300.0,362674.0,4.73,34.12,26.09,1.47,39.28,0.698,63.13,High,Delta,2021,10,October,4,Sunday
2021-10-24,Ukraine,43700000,17433.0,275.0,995.0,217.0,353165.0,4.94,34.72,26.16,1.47,39.89,0.629,55.38,High,Delta,2021,10,October,4,Sunday
2021-10-31,Ukraine,43700000,19626.0,289.0,1116.0,207.0,410802.0,4.78,34.85,26.77,1.47,44.91,0.661,67.71,High,Delta,2021,10,October,4,Sunday
2021-11-07,Ukraine,43700000,19492.0,332.0,1106.0,264.0,379848.0,5.13,35.83,27.07,1.69,44.6,0.76,67.21,High,Delta,2021,11,November,4,Sunday
2021-11-14,Ukraine,43700000,21770.0,291.0,1228.0,362.0,420069.0,5.18,36.33,27.96,1.69,49.82,0.666,65.33,High,Delta,2021,11,November,4,Sunday
2021-11-21,Ukraine,43700000,22763.0,308.0,1284.0,374.0,428822.0,5.31,36.33,27.96,1.69,52.09,0.705,61.25,Lockdown,Delta,2021,11,November,4,Sunday
2021-11-28,Ukraine,43700000,24973.0,422.0,1404.0,369.0,460034.0,5.43,36.61,28.43,1.99,57.15,0.966,68.39,Lockdown,Delta,2021,11,November,4,Sunday
2021-12-05,Ukraine,43700000,28901.0,129.0,776.0,224.0,451763.0,6.4,36.62,28.72,1.99,66.13,0.295,61.86,High,Omicron,2021,12,December,4,Sunday
12/12/2021,Ukraine,43700000,30929.0,131.0,830.0,234.0,394995.0,7.83,37.16,28.72,1.99,70.78,0.3,60.95,Lockdown,Omicron,2021,12,December,4,Sunday
2021-12-19,Ukraine,43700000,36118.0,174.0,967.0,303.0,468386.0,7.71,37.39,29.17,1.99,82.65,0.398,66.68,High,Omicron,2021,12,December,4,Sunday
2021-12-26,Ukraine,43700000,33333.0,145.0,892.0,233.0,462912.0,7.2,37.39,29.17,2.54,76.28,0.332,60.14,High,Omicron,2021,12,December,4,Sunday
2022-01-02,Ukraine,43700000,32822.0,176.0,878.0,221.0,,7.12,38.29,29.31,2.54,75.11,0.403,65.74,Lockdown,Omicron,2022,1,January,1,Sunday
2022-01-09,Ukraine,43700000,31049.0,159.0,829.0,252.0,497498.0,6.24,38.29,29.57,2.54,71.05,0.364,54.84,Lockdown,Omicron,2022,1,January,1,Sunday
2022-01-16,Ukraine,43700000,31792.0,164.0,844.0,178.0,495840.0,6.41,38.29,30.43,2.54,72.75,0.375,58.23,High,Omicron,2022,1,January,1,Sunday
2022-01-23,Ukraine,43700000,27910.0,141.0,737.0,172.0,426046.0,6.55,38.64,31.22,2.54,63.87,0.323,55.22,Lockdown,Omicron,2022,1,January,1,Sunday
2022-01-30,Ukraine,43700000,24498.0,126.0,647.0,192.0,490188.0,5.0,38.64,31.22,2.54,56.06,0.288,58.88,Lockdown,Omicron,2022,1,January,1,Sunday
2022-02-06,Ukraine,43700000,23268.0,102.0,614.0,194.0,391714.0,5.94,38.94,31.22,3.12,53.24,0.233,53.5,Lockdown,Omicron,2022,2,February,1,Sunday
2022-02-13,Ukraine,43700000,20423.0,99.0,539.0,119.0,377487.0,,38.94,31.22,3.12,46.73,0.227,57.87,Lockdown,Omicron,2022,2,February,1,Sunday
2022-02-20,Ukraine,43700000,14436.0,74.0,381.0,95.0,318986.0,4.53,38.94,31.22,3.12,33.03,0.169,54.59,High,Omicron,2022,2,February,1,Sunday
2022-02-27,Ukraine,43700000,12543.0,60.0,330.0,96.0,295910.0,4.24,39.21,31.89,3.2,28.7,0.137,52.53,Moderate,Omicron,2022,2,February,1,Sunday
2022-03-06,Ukraine,43700000,10917.0,57.0,286.0,68.0,297255.0,3.67,39.49,32.31,3.36,24.98,0.13,51.1,Moderate,Omicron,2022,3,March,1,Sunday
2022-03-13,Ukraine,43700000,9317.0,47.0,244.0,53.0,344392.0,2.71,39.49,32.31,3.36,21.32,0.108,48.09,Moderate,Omicron,2022,3,March,1,Sunday
2022-03-20,Ukraine,43700000,5624.0,22.0,147.0,24.0,313797.0,1.79,39.78,32.5,3.76,12.87,0.05,50.71,Low,Omicron,2022,3,March,1,Sunday
2022-03-27,Ukraine,43700000,5428.0,25.0,142.0,26.0,274181.0,1.98,39.89,32.5,4.21,12.42,0.057,47.85,Low,Omicron,2022,3,March,1,Sunday
2022-04-03,Ukraine,43700000,4860.0,21.0,127.0,26.0,293932.0,,40.15,32.5,4.21,11.12,0.048,50.8,Low,Omicron,2022,4,April,2,Sunday
2022-04-10,Ukraine,43700000,5039.0,25.0,132.0,29.0,311566.0,1.62,40.47,32.5,4.21,11.53,0.057,52.7,Low,Omicron,2022,4,April,2,Sunday
2022-04-17,Ukraine,43700000,5503.0,28.0,144.0,41.0,247422.0,2.22,40.9,32.82,4.31,12.59,0.064,48.37,Low,Omicron,2022,4,April,2,Sunday
2022-04-24,Ukraine,43700000,5434.0,25.0,142.0,25.0,336908.0,1.61,40.9,32.82,4.75,12.43,0.057,52.41,Low,Omicron,2022,4,April,2,Sunday
2022-05-01,Ukraine,43700000,6880.0,27.0,179.0,29.0,329402.0,2.09,40.9,33.03,4.76,15.74,0.062,50.17,Low,Omicron,2022,5,May,2,Sunday
2022-05-08,Ukraine,43700000,8041.0,35.0,210.0,52.0,330997.0,2.43,40.9,33.03,4.93,18.4,0.08,51.67,Low,Omicron,2022,5,May,2,Sunday
2022-05-15,Ukraine,43700000,10938.0,45.0,285.0,43.0,359950.0,3.04,41.17,33.44,4.93,25.03,0.103,48.05,Low,Omicron,2022,5,May,2,Sunday
2022-05-22,Ukraine,43700000,9556.0,43.0,249.0,77.0,267746.0,3.57,41.17,33.44,5.09,21.87,0.098,49.07,Moderate,Omicron,2022,5,May,2,Sunday
2022-05-29,Ukraine,43700000,12271.0,63.0,319.0,62.0,330551.0,3.71,41.17,33.69,5.72,28.08,0.144,50.14,Low,Omicron,2022,5,May,2,Sunday
2022-06-05,Ukraine,43700000,11438.0,,297.0,87.0,364754.0,3.14,41.17,33.69,5.76,26.17,0.112,54.91,Moderate,Omicron,2022,6,June,2,Sunday
2022-06-12,Ukraine,43700000,14356.0,69.0,373.0,80.0,348850.0,4.12,41.17,33.69,6.07,32.85,0.158,51.85,Moderate,Omicron,2022,6,June,2,Sunday
2022-06-19,Ukraine,43700000,16093.0,79.0,418.0,134.0,380916.0,,41.21,33.69,6.41,36.83,0.181,55.01,Moderate,Omicron,2022,6,June,2,Sunday
2022-06-26,Ukraine,43700000,14478.0,71.0,376.0,88.0,390311.0,3.71,41.6,33.69,7.4,33.13,0.162,52.59,High,Omicron,2022,6,June,2,Sunday
2022-07-03,Ukraine,43700000,14485.0,46.0,308.0,97.0,369517.0,3.92,41.6,33.69,7.4,33.15,0.105,50.82,Moderate,Omicron (BA.5),2022,7,July,3,Sunday
2022-07-10,Ukraine,43700000,13611.0,45.0,289.0,66.0,337436.0,4.03,41.6,33.82,7.68,31.15,0.103,47.73,Moderate,Omicron (BA.5),2022,7,July,3,Sunday
2022-07-17,Ukraine,43700000,13967.0,46.0,296.0,80.0,362664.0,3.85,41.6,33.97,7.95,31.96,0.105,46.75,Moderate,Omicron (BA.5),2022,7,July,3,Sunday
2022-07-24,Ukraine,43700000,13781.0,46.0,292.0,47.0,299373.0,4.6,41.6,33.97,8.1,31.54,0.105,50.61,Moderate,Omicron (BA.5),2022,7,July,3,Sunday
2022-07-31,Ukraine,43700000,13676.0,42.0,290.0,65.0,358467.0,3.82,41.6,34.21,8.1,31.3,0.096,50.73,Moderate,Omicron (BA.5),2022,7,July,3,Sunday
2022-08-07,Ukraine,43700000,12767.0,46.0,270.0,53.0,359789.0,3.55,41.82,34.21,8.51,29.21,0.105,48.92,Moderate,Omicron (BA.5),2022,8,August,3,Sunday
2022-08-14,Ukraine,43700000,11213.0,43.0,237.0,68.0,334022.0,3.36,41.82,34.21,8.67,25.66,0.098,50.96,Moderate,Omicron (BA.5),2022,8,August,3,Sunday
2022-08-21,Ukraine,43700000,9826.0,33.0,208.0,50.0,351529.0,2.8,41.82,34.21,9.72,22.48,0.076,55.05,Moderate,Omicron (BA.5),2022,8,August,3,Sunday
08-28-2022,Ukraine,43700000,8749.0,33.0,185.0,48.0,322154.0,2.72,41.82,34.21,9.72,20.02,0.076,53.52,Low,Omicron (BA.5),2022,8,August,3,Sunday
2022-09-04,Ukraine,43700000,7171.0,26.0,152.0,29.0,309176.0,2.32,41.82,34.29,9.72,16.41,0.059,49.23,Low,Omicron (BA.5),2022,9,September,3,Sunday
2022-09-11,Ukraine,43700000,5750.0,18.0,121.0,21.0,340517.0,1.69,41.82,34.59,10.65,13.16,0.041,48.83,Low,Omicron (BA.5),2022,9,September,3,Sunday
09-18-2022,Ukraine,43700000,2757.0,9.0,58.0,15.0,257509.0,1.07,41.82,34.59,10.65,6.31,0.021,49.3,Low,Omicron (BA.5),2022,9,September,3,Sunday
2022-09-25,Ukraine,43700000,2472.0,8.0,52.0,12.0,308022.0,0.8,41.9,34.59,10.97,5.66,0.018,48.22,None,Omicron (BA.5),2022,9,September,3,Sunday
2022-10-02,Ukraine,43700000,2690.0,10.0,57.0,13.0,307720.0,0.87,42.11,34.72,11.37,6.15,0.023,49.28,None,Omicron (BA.5),2022,10,October,4,Sunday
2022-10-09,Ukraine,43700000,1613.0,6.0,34.0,11.0,290351.0,0.56,42.11,34.72,11.62,3.69,0.014,48.0,None,Omicron (BA.5),2022,10,October,4,Sunday
2022-10-16,Ukraine,43700000,2114.0,7.0,45.0,8.0,266092.0,0.79,42.11,34.72,11.83,4.84,0.016,47.72,None,Omicron (BA.5),2022,10,October,4,Sunday
2022-10-23,Ukraine,43700000,131.0,0.0,3.0,1.0,270203.0,0.05,42.11,34.72,12.48,0.3,0.0,45.2,None,Omicron (BA.5),2022,10,October,4,Sunday
2022-10-30,Ukraine,43700000,1314.0,4.0,28.0,4.0,252768.0,0.52,42.11,34.72,12.48,3.01,0.009,48.09,None,Omicron (BA.5),2022,10,October,4,Sunday
2022-11-06,Ukraine,43700000,419.0,1.0,9.0,2.0,252832.0,0.17,42.11,34.72,13.28,0.96,0.002,41.24,None,Omicron (BA.5),2022,11,November,4,Sunday
2022-11-13,Ukraine,43700000,131.0,0.0,3.0,1.0,265759.0,0.05,42.11,34.72,13.28,0.3,0.0,47.46,None,Omicron (BA.5),2022,11,November,4,Sunday
2022-11-20,Ukraine,43700000,1874.0,7.0,40.0,11.0,254203.0,0.74,42.11,34.72,14.06,4.29,0.016,42.21,None,Omicron (BA.5),2022,11,November,4,Sunday
2022-11-27,Ukraine,43700000,131.0,0.0,3.0,1.0,258084.0,0.05,42.11,35.05,14.33,0.3,0.0,47.46,None,Omicron (BA.5),2022,11,November,4,Sunday
2022-12-04,Ukraine,43700000,131.0,0.0,3.0,1.0,239808.0,0.05,42.11,35.05,14.54,0.3,0.0,44.35,None,Omicron (BA.5),2022,12,December,4,Sunday
2022-12-11,Ukraine,43700000,475.0,2.0,10.0,,278918.0,0.17,42.11,35.05,14.7,1.09,0.005,50.1,None,Omicron (BA.5),2022,12,December,4,Sunday
2022-12-18,Ukraine,43700000,378.0,1.0,8.0,2.0,299082.0,0.13,42.11,35.05,15.41,0.87,0.002,47.1,None,Omicron (BA.5),2022,12,December,4,Sunday
2022-12-25,Ukraine,43700000,131.0,0.0,3.0,1.0,309215.0,0.04,42.11,35.05,15.6,0.3,0.0,46.8,None,Omicron (BA.5),2022,12,December,4,Sunday
2021-01-03,United Arab Emirates,9900000,536.0,2.0,20.0,6.0,255409.0,0.21,22.55,14.23,0.14,5.42,0.02,56.9,Low,Alpha,2021,1,January,1,Sunday
2021-01-10,United Arab Emirates,9900000,736.0,3.0,28.0,7.0,234847.0,0.31,24.17,15.51,0.14,7.44,0.03,58.23,Low,Alpha,2021,1,January,1,Sunday
2021-01-17,United Arab Emirates,9900000,1734.0,7.0,65.0,10.0,304969.0,0.57,26.85,17.2,0.14,17.52,0.071,69.72,Low,Alpha,2021,1,January,1,Sunday
2021-01-24,United Arab Emirates,9900000,1557.0,7.0,57.0,12.0,315935.0,0.49,30.04,18.99,0.14,15.73,0.071,66.81,Moderate,Alpha,2021,1,January,1,Sunday
2021-01-31,United Arab Emirates,9900000,1861.0,8.0,68.0,12.0,317443.0,0.59,32.54,20.89,0.14,18.79,0.081,75.74,Moderate,Alpha,2021,1,January,1,Sunday
2021-02-07,United Arab Emirates,9900000,1697.0,7.0,61.0,13.0,324744.0,0.52,35.51,22.92,0.14,17.15,0.071,67.87,Moderate,Alpha,2021,2,February,1,Sunday
2021-02-14,United Arab Emirates,9900000,2066.0,,74.0,18.0,346990.0,0.6,38.48,24.5,0.21,20.87,0.101,73.75,Moderate,Alpha,2021,2,February,1,Sunday
2021-02-21,United Arab Emirates,9900000,1713.0,8.0,60.0,14.0,322875.0,0.53,41.56,27.47,0.21,17.31,0.081,62.29,High,Alpha,2021,2,February,1,Sunday
2021-02-28,United Arab Emirates,9900000,1791.0,8.0,62.0,14.0,306104.0,0.59,45.1,29.67,0.31,18.09,0.081,71.28,Moderate,Alpha,2021,2,February,1,Sunday
2021-03-07,United Arab Emirates,9900000,1981.0,6.0,67.0,10.0,334367.0,0.59,47.74,31.76,0.31,20.01,0.061,73.71,Moderate,Alpha,2021,3,March,1,Sunday
2021-03-14,United Arab Emirates,9900000,1397.0,5.0,47.0,11.0,349411.0,0.4,50.57,34.8,0.31,14.11,0.051,62.0,Moderate,Alpha,2021,3,March,1,Sunday
2021-03-21,United Arab Emirates,9900000,1236.0,4.0,40.0,6.0,255101.0,0.48,54.21,37.45,0.31,12.48,0.04,61.2,Moderate,Alpha,2021,3,March,1,Sunday
2021-03-28,United Arab Emirates,9900000,846.0,3.0,27.0,6.0,283862.0,0.3,56.93,40.66,0.57,8.54,0.03,59.63,Low,Alpha,2021,3,March,1,Sunday
2021-04-04,United Arab Emirates,9900000,919.0,3.0,29.0,8.0,316783.0,0.29,60.08,42.88,0.57,9.28,0.03,59.16,Low,Alpha,2021,4,April,2,Sunday
2021-04-11,United Arab Emirates,9900000,412.0,1.0,13.0,2.0,230997.0,0.18,63.14,46.03,0.69,4.16,0.01,55.38,Low,Alpha,2021,4,April,2,Sunday
2021-04-18,United Arab Emirates,9900000,30.0,0.0,1.0,0.0,257979.0,0.01,65.58,49.03,0.72,0.3,0.0,49.82,None,Alpha,2021,4,April,2,Sunday
04-25-2021,United Arab Emirates,9900000,377.0,1.0,11.0,3.0,276484.0,0.14,68.33,51.19,0.72,3.81,0.01,58.26,None,Alpha,2021,4,April,2,Sunday
2021-05-02,United Arab Emirates,9900000,451.0,1.0,13.0,2.0,226266.0,0.2,71.15,54.09,0.73,4.55,0.01,52.54,None,Alpha,2021,5,May,2,Sunday
2021-05-09,United Arab Emirates,9900000,216.0,1.0,6.0,1.0,260769.0,0.08,73.2,57.3,1.07,2.19,0.01,58.8,None,Alpha,2021,5,May,2,Sunday
2021-05-16,United Arab Emirates,9900000,629.0,2.0,17.0,3.0,258329.0,0.24,75.86,59.45,1.07,6.35,0.02,58.54,None,Alpha,2021,5,May,2,Sunday
2021-05-23,United Arab Emirates,9900000,387.0,1.0,11.0,2.0,252675.0,0.15,77.32,62.0,1.07,3.91,0.01,55.68,Low,Alpha,2021,5,May,2,Sunday
2021-05-30,United Arab Emirates,9900000,781.0,2.0,21.0,6.0,263466.0,,79.2,64.17,1.48,7.89,0.02,54.06,None,Alpha,2021,5,May,2,Sunday
2021-06-06,United Arab Emirates,9900000,1137.0,3.0,30.0,8.0,315439.0,0.36,81.79,66.79,1.48,11.48,0.03,61.69,Low,Alpha,2021,6,June,2,Sunday
2021-06-13,United Arab Emirates,9900000,1100.0,2.0,28.0,8.0,281348.0,0.39,82.34,68.75,1.55,11.11,0.02,60.32,Low,Alpha,2021,6,June,2,Sunday
2021-06-20,United Arab Emirates,9900000,1314.0,5.0,38.0,10.0,282076.0,0.47,84.22,70.26,,13.28,0.051,56.57,Low,Delta,2021,6,June,2,Sunday
2021-06-27,United Arab Emirates,9900000,1616.0,5.0,46.0,14.0,294724.0,0.55,86.08,72.62,1.7,16.33,0.051,60.81,Low,Delta,2021,6,June,2,Sunday
2021-07-04,United Arab Emirates,9900000,2211.0,6.0,62.0,,321667.0,0.69,86.69,74.17,2.08,22.34,0.061,70.12,Moderate,Delta,2021,7,July,3,Sunday
2021-07-11,United Arab Emirates,9900000,2016.0,6.0,56.0,9.0,294623.0,0.68,88.15,76.22,2.08,20.36,0.061,67.05,High,Delta,2021,7,July,3,Sunday
2021-07-18,United Arab Emirates,9900000,2756.0,7.0,75.0,14.0,340245.0,0.81,88.89,77.44,2.25,27.83,0.071,71.91,Moderate,Delta,2021,7,July,3,Sunday
2021-07-25,United Arab Emirates,9900000,2645.0,6.0,71.0,15.0,352212.0,0.75,89.53,79.28,2.81,26.71,0.061,74.68,High,Delta,2021,7,July,3,Sunday
2021-08-01,United Arab Emirates,9900000,2495.0,6.0,66.0,14.0,353738.0,0.71,90.25,80.44,3.05,25.21,0.061,68.24,High,Delta,2021,8,August,3,Sunday
2021-08-08,United Arab Emirates,9900000,2759.0,7.0,72.0,17.0,387812.0,0.71,90.32,81.24,3.15,27.87,0.071,71.15,High,Delta,2021,8,August,3,Sunday
2021-08-15,United Arab Emirates,9900000,2731.0,6.0,71.0,14.0,359387.0,0.76,91.45,82.54,3.34,27.59,0.061,70.36,High,Delta,2021,8,August,3,Sunday
2021-08-22,United Arab Emirates,9900000,2464.0,5.0,63.0,18.0,328359.0,0.75,92.15,83.86,4.26,24.89,0.051,70.8,High,Delta,2021,8,August,3,Sunday
2021-08-29,United Arab Emirates,9900000,2939.0,8.0,74.0,11.0,332107.0,0.88,92.61,84.9,4.42,29.69,0.081,68.6,High,Delta,2021,8,August,3,Sunday
2021-09-05,United Arab Emirates,9900000,3080.0,7.0,78.0,22.0,375920.0,0.82,93.7,85.09,5.17,31.11,0.071,72.88,High,Delta,2021,9,September,3,Sunday
2021-09-12,United Arab Emirates,9900000,3052.0,7.0,76.0,16.0,362645.0,0.84,93.7,85.75,5.66,30.83,0.071,69.2,High,Delta,2021,9,September,3,Sunday
2021-09-19,United Arab Emirates,9900000,3184.0,6.0,78.0,12.0,369143.0,0.86,93.84,87.32,5.99,32.16,0.061,73.34,High,Delta,2021,9,September,3,Sunday
2021-09-26,United Arab Emirates,9900000,2597.0,6.0,64.0,19.0,354218.0,0.73,94.28,87.32,7.09,26.23,0.061,71.64,Lockdown,Delta,2021,9,September,3,Sunday
2021-10-03,United Arab Emirates,9900000,2083.0,5.0,51.0,12.0,338798.0,0.61,94.35,87.87,7.3,21.04,0.051,67.7,High,Delta,2021,10,October,4,Sunday
2021-10-10,United Arab Emirates,9900000,2026.0,4.0,50.0,14.0,329867.0,0.61,94.38,88.1,8.6,20.47,0.04,63.73,High,Delta,2021,10,October,4,Sunday
2021-10-17,United Arab Emirates,9900000,2351.0,5.0,57.0,17.0,332000.0,0.71,94.57,88.8,9.47,23.75,0.051,69.02,Moderate,Delta,2021,10,October,4,Sunday
2021-10-24,United Arab Emirates,9900000,2399.0,5.0,58.0,9.0,316876.0,0.76,94.66,89.63,10.29,24.23,0.051,67.53,High,Delta,2021,10,October,4,Sunday
2021-10-31,United Arab Emirates,9900000,3078.0,6.0,74.0,14.0,349161.0,0.88,95.05,89.63,10.9,31.09,0.061,76.3,High,Delta,2021,10,October,4,Sunday
2021-11-07,United Arab Emirates,9900000,3263.0,6.0,78.0,13.0,400410.0,0.81,95.05,90.07,12.77,32.96,0.061,73.8,High,Delta,2021,11,November,4,Sunday
2021-11-14,United Arab Emirates,9900000,3545.0,7.0,85.0,14.0,373735.0,0.95,95.36,90.07,13.18,35.81,0.071,68.83,Lockdown,Delta,2021,11,November,4,Sunday
2021-11-21,United Arab Emirates,9900000,3782.0,7.0,90.0,28.0,354088.0,1.07,95.36,90.07,14.42,38.2,0.071,80.03,Lockdown,Delta,2021,11,November,4,Sunday
2021-11-28,United Arab Emirates,9900000,4168.0,8.0,99.0,28.0,451368.0,0.92,95.4,90.27,15.63,42.1,0.081,79.41,Lockdown,Delta,2021,11,November,4,Sunday
2021-12-05,United Arab Emirates,9900000,3835.0,7.0,91.0,19.0,368964.0,1.04,95.9,90.33,16.67,38.74,0.071,77.42,Lockdown,Delta,2021,12,December,4,Sunday
2021-12-12,United Arab Emirates,9900000,4703.0,11.0,111.0,30.0,436828.0,1.08,95.9,90.9,18.84,47.51,0.111,85.07,Lockdown,Delta,2021,12,December,4,Sunday
2021-12-19,United Arab Emirates,9900000,4423.0,3.0,50.0,15.0,440453.0,1.0,96.12,91.35,19.81,44.68,0.03,61.98,Lockdown,Omicron,2021,12,December,4,Sunday
2021-12-26,United Arab Emirates,9900000,4612.0,3.0,52.0,10.0,431853.0,1.07,96.12,91.35,21.85,46.58,0.03,66.35,Lockdown,Omicron,2021,12,December,4,Sunday
2022-01-02,United Arab Emirates,9900000,4623.0,,52.0,8.0,346515.0,1.33,96.12,91.35,23.59,46.69,0.03,67.49,Lockdown,Omicron,2022,1,January,1,Sunday
2022-01-09,United Arab Emirates,9900000,4614.0,3.0,52.0,15.0,445334.0,1.04,96.12,91.35,25.15,46.61,0.03,67.07,Lockdown,Omicron,2022,1,January,1,Sunday
2022-01-16,United Arab Emirates,9900000,4094.0,2.0,46.0,13.0,453466.0,0.9,96.12,91.54,26.54,41.36,0.02,62.82,Lockdown,Omicron,2022,1,January,1,Sunday
2022-01-23,United Arab Emirates,9900000,3719.0,2.0,42.0,7.0,418977.0,0.89,96.12,91.54,28.47,37.57,0.02,65.58,Lockdown,Omicron,2022,1,January,1,Sunday
2022-01-30,United Arab Emirates,9900000,2931.0,2.0,33.0,8.0,299650.0,0.98,96.12,91.54,29.63,29.61,0.02,57.84,Lockdown,Omicron,2022,1,January,1,Sunday
2022-02-06,United Arab Emirates,9900000,2136.0,1.0,24.0,4.0,383250.0,,96.49,91.92,32.28,21.57,0.01,56.02,High,Omicron,2022,2,February,1,Sunday
2022-02-13,United Arab Emirates,9900000,2114.0,1.0,24.0,6.0,291966.0,0.72,96.49,91.92,34.46,21.36,0.01,57.24,High,Omicron,2022,2,February,1,Sunday
2022-02-20,United Arab Emirates,9900000,1595.0,1.0,18.0,5.0,278435.0,,96.49,91.92,36.04,16.11,0.01,56.48,High,Omicron,2022,2,February,1,Sunday
2022-02-27,United Arab Emirates,9900000,1250.0,1.0,14.0,3.0,308397.0,,96.49,91.92,37.83,12.63,0.01,53.71,Moderate,Omicron,2022,2,February,1,Sunday
2022-03-06,United Arab Emirates,9900000,976.0,1.0,11.0,3.0,288787.0,0.34,96.49,92.06,39.78,9.86,0.01,56.67,Low,Omicron,2022,3,March,1,Sunday
03-13-2022,United Arab Emirates,9900000,652.0,0.0,7.0,2.0,266741.0,0.24,96.49,92.06,42.08,6.58,0.0,53.11,Low,Omicron,2022,3,March,1,Sunday
2022-03-20,United Arab Emirates,9900000,669.0,0.0,7.0,,253643.0,0.26,96.49,92.06,43.49,6.75,0.0,52.56,Low,Omicron,2022,3,March,1,Sunday
2022-03-27,United Arab Emirates,9900000,693.0,0.0,8.0,2.0,295166.0,0.23,96.49,92.06,45.81,7.0,0.0,53.33,Low,Omicron,2022,3,March,1,Sunday
2022-04-03,United Arab Emirates,9900000,524.0,0.0,6.0,1.0,258824.0,0.2,96.49,92.06,46.77,5.29,0.0,53.9,Low,Omicron,2022,4,April,2,Sunday
2022-04-10,United Arab Emirates,9900000,668.0,0.0,7.0,1.0,232433.0,,96.49,92.08,48.63,6.75,0.0,52.98,Low,Omicron,2022,4,April,2,Sunday
2022-04-17,United Arab Emirates,9900000,734.0,0.0,8.0,1.0,294979.0,0.25,96.49,92.08,49.99,7.42,0.0,48.16,Low,Omicron,2022,4,April,2,Sunday
2022-04-24,United Arab Emirates,9900000,728.0,0.0,8.0,2.0,272954.0,0.27,96.49,92.08,52.22,7.35,0.0,,Low,Omicron,2022,4,April,2,Sunday
2022-05-01,United Arab Emirates,9900000,1272.0,1.0,14.0,4.0,317136.0,0.4,96.49,92.08,53.05,12.85,0.01,54.82,Low,Omicron,2022,5,May,2,Sunday
2022-05-08,United Arab Emirates,9900000,1523.0,1.0,17.0,3.0,315542.0,0.48,96.49,92.08,54.96,15.39,0.01,57.15,Low,Omicron,2022,5,May,2,Sunday
2022-05-15,United Arab Emirates,9900000,1702.0,1.0,19.0,6.0,368435.0,0.46,96.49,92.08,55.43,17.2,0.01,55.04,Moderate,Omicron,2022,5,May,2,Sunday
2022-05-22,United Arab Emirates,9900000,1586.0,1.0,18.0,5.0,296805.0,0.53,96.49,92.41,57.17,16.02,0.01,51.18,Moderate,Omicron,2022,5,May,2,Sunday
2022-05-29,United Arab Emirates,9900000,1573.0,1.0,18.0,3.0,304202.0,0.52,96.49,92.41,57.83,15.89,0.01,50.05,Moderate,Omicron,2022,5,May,2,Sunday
2022-06-05,United Arab Emirates,9900000,1687.0,1.0,19.0,3.0,326409.0,0.52,96.49,92.41,59.05,17.04,0.01,53.69,Moderate,Omicron,2022,6,June,2,Sunday
2022-06-12,United Arab Emirates,9900000,2189.0,1.0,24.0,6.0,321753.0,0.68,96.49,92.41,59.36,22.11,0.01,58.88,Moderate,Omicron,2022,6,June,2,Sunday
2022-06-19,United Arab Emirates,9900000,1741.0,1.0,19.0,3.0,330841.0,0.53,96.49,92.41,60.69,17.58,0.01,59.29,High,Omicron,2022,6,June,2,Sunday
2022-06-26,United Arab Emirates,9900000,2038.0,1.0,23.0,7.0,247149.0,0.82,96.49,92.41,61.05,20.59,0.01,58.03,Moderate,Omicron,2022,6,June,2,Sunday
2022-07-03,United Arab Emirates,9900000,2151.0,1.0,24.0,6.0,326258.0,0.66,96.49,92.41,62.18,21.73,0.01,54.95,Moderate,Omicron,2022,7,July,3,Sunday
2022-07-10,United Arab Emirates,9900000,1786.0,1.0,20.0,3.0,310220.0,0.58,96.49,92.85,62.31,18.04,0.01,54.4,High,Omicron,2022,7,July,3,Sunday
2022-07-17,United Arab Emirates,9900000,1995.0,1.0,18.0,4.0,317993.0,0.63,96.49,92.85,63.34,20.15,0.01,59.15,Moderate,Omicron (BA.5),2022,7,July,3,Sunday
2022-07-24,United Arab Emirates,9900000,1850.0,1.0,17.0,3.0,293343.0,0.63,96.49,92.85,64.25,18.69,0.01,52.16,Moderate,Omicron (BA.5),2022,7,July,3,Sunday
2022-07-31,United Arab Emirates,9900000,1342.0,1.0,12.0,3.0,315425.0,0.43,96.49,92.85,64.59,13.56,0.01,59.16,Moderate,Omicron (BA.5),2022,7,July,3,Sunday
2022-08-07,United Arab Emirates,9900000,1369.0,1.0,12.0,2.0,283319.0,0.48,96.49,92.85,64.59,13.83,0.01,58.6,Moderate,Omicron (BA.5),2022,8,August,3,Sunday
2022-08-14,United Arab Emirates,9900000,1148.0,1.0,10.0,3.0,290530.0,0.4,96.49,92.85,64.74,11.6,0.01,58.63,Moderate,Omicron (BA.5),2022,8,August,3,Sunday
2022-08-21,United Arab Emirates,9900000,1052.0,0.0,10.0,3.0,281038.0,0.37,96.49,92.85,65.83,10.62,0.0,54.25,Low,Omicron (BA.5),2022,8,August,3,Sunday
2022-08-28,United Arab Emirates,9900000,1075.0,0.0,10.0,3.0,294177.0,0.37,96.49,92.85,66.5,10.86,0.0,52.44,Low,Omicron (BA.5),2022,8,August,3,Sunday
2022-09-04,United Arab Emirates,9900000,780.0,0.0,7.0,1.0,301382.0,0.26,96.49,92.85,,7.88,0.0,53.27,Low,Omicron (BA.5),2022,9,September,3,Sunday
2022-09-11,United Arab Emirates,9900000,663.0,0.0,6.0,1.0,269647.0,0.25,96.49,92.85,67.24,6.7,0.0,54.34,Low,Omicron (BA.5),2022,9,September,3,Sunday
2022-09-18,United Arab Emirates,9900000,466.0,0.0,4.0,1.0,274526.0,0.17,96.49,92.85,67.24,4.71,0.0,49.83,Low,Omicron (BA.5),2022,9,September,3,Sunday
2022-09-25,United Arab Emirates,9900000,176.0,0.0,2.0,0.0,247829.0,0.07,96.49,92.85,67.24,1.77,0.0,48.09,None,Omicron (BA.5),2022,9,September,3,Sunday
2022-10-02,United Arab Emirates,9900000,248.0,0.0,2.0,0.0,237997.0,0.1,96.49,92.85,67.24,2.5,0.0,50.13,None,Omicron (BA.5),2022,10,October,4,Sunday
2022-10-09,United Arab Emirates,9900000,37.0,,0.0,0.0,236440.0,0.02,96.49,92.85,67.72,0.37,0.0,48.3,None,Omicron (BA.5),2022,10,October,4,Sunday
2022-10-16,United Arab Emirates,9900000,360.0,0.0,3.0,1.0,247011.0,0.15,96.49,92.85,67.72,3.63,0.0,54.25,None,Omicron (BA.5),2022,10,October,4,Sunday
2022-10-23,United Arab Emirates,9900000,248.0,0.0,2.0,1.0,259332.0,0.1,96.49,92.85,68.25,2.51,0.0,49.3,None,Omicron (BA.5),2022,10,October,4,Sunday
2022-10-30,United Arab Emirates,9900000,210.0,0.0,2.0,0.0,248532.0,0.08,96.49,92.85,68.25,2.12,0.0,51.08,None,Omicron (BA.5),2022,10,October,4,Sunday
2022-11-06,United Arab Emirates,9900000,394.0,0.0,4.0,1.0,238051.0,0.17,96.49,92.85,68.25,3.98,0.0,53.91,None,Omicron (BA.5),2022,11,November,4,Sunday
2022-11-13,United Arab Emirates,9900000,30.0,0.0,0.0,0.0,234609.0,0.01,96.57,92.85,68.25,0.3,0.0,53.43,None,Omicron (BA.5),2022,11,November,4,Sunday
2022-11-20,United Arab Emirates,9900000,30.0,0.0,0.0,0.0,,0.01,96.57,92.85,68.25,0.3,0.0,50.75,None,Omicron (BA.5),2022,11,November,4,Sunday
2022-11-27,United Arab Emirates,9900000,30.0,0.0,0.0,0.0,235323.0,0.01,96.57,92.85,68.25,0.3,0.0,51.19,None,Omicron (BA.5),2022,11,November,4,Sunday
2022-12-04,United Arab Emirates,9900000,30.0,0.0,0.0,0.0,238875.0,0.01,96.57,92.85,68.32,0.3,0.0,47.69,None,Omicron (BA.5),2022,12,December,4,Sunday
2022-12-11,United Arab Emirates,9900000,30.0,0.0,0.0,0.0,273406.0,0.01,96.57,92.85,68.56,0.3,0.0,52.79,None,Omicron (BA.5),2022,12,December,4,Sunday
2022-12-18,United Arab Emirates,9900000,127.0,0.0,1.0,0.0,269132.0,0.05,96.57,92.85,68.66,1.28,0.0,53.7,None,Omicron (BA.5),2022,12,December,4,Sunday
2022-12-25,United Arab Emirates,9900000,30.0,0.0,0.0,0.0,219091.0,0.01,96.57,92.85,68.7,0.3,0.0,45.55,None,Omicron (BA.5),2022,12,December,4,Sunday
2021-01-03,United Kingdom,67500000,15429.0,123.0,710.0,181.0,1486421.0,1.04,21.1,12.98,0.0,22.86,0.182,57.24,Low,Alpha,2021,1,January,1,Sunday
2021-01-10,United Kingdom,67500000,19768.0,175.0,898.0,241.0,1527816.0,1.29,23.77,15.03,0.35,29.29,0.259,58.4,Low,Alpha,2021,1,January,1,Sunday
2021-01-17,United Kingdom,67500000,23923.0,202.0,1081.0,320.0,1861792.0,1.28,26.22,15.9,0.42,35.44,0.299,,Low,Alpha,2021,1,January,1,Sunday
2021-01-24,United Kingdom,67500000,31925.0,251.0,1427.0,244.0,1767706.0,1.81,28.38,17.71,0.53,47.3,0.372,72.29,Low,Alpha,2021,1,January,1,Sunday
2021-01-31,United Kingdom,67500000,44082.0,324.0,1945.0,,,2.48,31.93,19.89,0.69,65.31,0.48,71.41,Moderate,Alpha,2021,1,January,1,Sunday
2021-02-07,United Kingdom,67500000,44874.0,292.0,1955.0,302.0,1845229.0,2.43,34.49,21.94,0.69,66.48,0.433,71.78,Moderate,Alpha,2021,2,February,1,Sunday
2021-02-14,United Kingdom,67500000,47225.0,311.0,2029.0,593.0,2096841.0,2.25,37.21,24.11,0.69,69.96,0.461,72.43,Moderate,Alpha,2021,2,February,1,Sunday
2021-02-21,United Kingdom,67500000,51706.0,339.0,2188.0,357.0,2164275.0,2.39,41.0,26.5,0.69,76.6,0.502,82.11,High,Alpha,2021,2,February,1,Sunday
2021-02-28,UK,67500000,45330.0,308.0,1891.0,346.0,1750608.0,2.59,43.98,28.66,0.69,67.16,0.456,72.69,High,Alpha,2021,2,February,1,Sunday
2021-03-07,United Kingdom,67500000,43859.0,343.0,1799.0,271.0,1851907.0,,46.59,31.24,0.69,64.98,0.508,72.56,Moderate,Alpha,2021,3,March,1,Sunday
2021-03-14,United Kingdom,67500000,35886.0,242.0,1449.0,327.0,1790920.0,2.0,50.66,33.59,0.69,53.16,0.359,66.97,Moderate,Alpha,2021,3,March,1,Sunday
2021-03-21,United Kingdom,67500000,32524.0,196.0,1289.0,267.0,1606688.0,2.02,53.45,36.34,0.69,48.18,0.29,63.49,Moderate,Alpha,2021,3,March,1,Sunday
2021-03-28,United Kingdom,67500000,24149.0,,939.0,167.0,1652761.0,129.98,56.31,39.06,0.69,35.78,0.2,60.62,Moderate,Alpha,2021,3,March,1,Sunday
2021-04-04,United Kingdom,67500000,21552.0,127.0,822.0,186.0,1634765.0,,59.75,41.84,0.69,31.93,0.188,65.8,Low,Alpha,2021,4,April,2,Sunday
2021-04-11,United Kingdom,67500000,16168.0,106.0,604.0,132.0,1724086.0,0.94,62.17,44.77,0.69,23.95,0.157,60.24,Low,Alpha,2021,4,April,2,Sunday
2021-04-18,United Kingdom,67500000,13288.0,74.0,486.0,136.0,1700842.0,0.78,64.83,47.46,0.69,19.69,0.11,53.06,Low,Alpha,2021,4,April,2,Sunday
2021-04-25,United Kingdom,67500000,6128.0,37.0,220.0,66.0,1440124.0,0.43,67.2,50.04,0.69,9.08,0.055,53.28,Low,Alpha,2021,4,April,2,Sunday
2021-05-02,United Kingdom,67500000,5925.0,35.0,209.0,55.0,1451758.0,0.41,69.98,52.46,0.73,8.78,0.052,49.43,None,Alpha,2021,5,May,2,Sunday
2021-05-09,United Kingdom,67500000,6236.0,29.0,215.0,37.0,1558821.0,0.4,72.19,55.33,0.95,9.24,0.043,47.15,None,Alpha,2021,5,May,2,Sunday
2021-05-16,United Kingdom,67500000,7586.0,40.0,256.0,51.0,1423795.0,0.53,74.12,57.83,1.52,11.24,0.059,54.69,None,Alpha,2021,5,May,2,Sunday
2021-05-23,United Kingdom,67500000,9468.0,53.0,313.0,96.0,1583874.0,0.6,75.79,60.31,1.52,14.03,0.079,55.79,None,Alpha,2021,5,May,2,Sunday
2021-05-30,United Kingdom,67500000,11862.0,54.0,383.0,63.0,1525887.0,0.78,77.8,63.23,1.52,17.57,0.08,56.44,None,Alpha,2021,5,May,2,Sunday
2021-06-06,United Kingdom,67500000,17553.0,92.0,645.0,141.0,1470275.0,1.19,79.33,64.59,1.52,26.0,0.136,56.13,None,Delta,2021,6,June,2,Sunday
2021-06-13,United Kingdom,67500000,18888.0,124.0,680.0,211.0,1484261.0,1.27,80.38,66.94,1.52,27.98,0.184,57.35,Low,Delta,2021,6,June,2,Sunday
2021-06-20,United Kingdom,67500000,26346.0,166.0,931.0,290.0,1876982.0,1.4,81.63,69.05,2.0,39.03,0.246,62.98,Low,Delta,2021,6,June,2,Sunday
2021-06-27,United Kingdom,67500000,26333.0,146.0,918.0,202.0,1661054.0,1.59,83.4,70.55,2.0,39.01,0.216,61.91,Low,Delta,2021,6,June,2,Sunday
2021-07-04,United Kingdom,67500000,38149.0,206.0,1302.0,343.0,2037164.0,1.87,83.48,72.88,2.0,56.52,0.305,65.04,Low,Delta,2021,7,July,3,Sunday
2021-07-11,United Kingdom,67500000,39068.0,187.0,1325.0,302.0,1735697.0,2.25,85.25,73.59,2.12,57.88,0.277,62.29,Moderate,Delta,2021,7,July,3,Sunday
2021-07-18,United Kingdom,67500000,39057.0,218.0,1305.0,363.0,1852124.0,2.11,85.86,75.2,2.35,57.86,0.323,66.35,Moderate,Delta,2021,7,July,3,Sunday
2021-07-25,UK,67500000,48394.0,243.0,1602.0,249.0,2268200.0,2.13,87.13,76.14,2.38,71.7,0.36,72.71,Moderate,Delta,2021,7,July,3,Sunday
2021-08-01,United Kingdom,67500000,53000.0,224.0,1733.0,302.0,1785108.0,2.97,87.23,77.44,2.87,78.52,0.332,68.76,High,Delta,2021,8,August,3,Sunday
2021-08-08,United Kingdom,67500000,61181.0,310.0,1977.0,503.0,1723727.0,3.55,88.15,78.67,3.68,90.64,0.459,76.59,High,Delta,2021,8,August,3,Sunday
2021-08-15,United Kingdom,67500000,65088.0,347.0,2080.0,394.0,2284748.0,2.85,88.33,79.8,3.68,96.43,0.514,77.19,High,Delta,2021,8,August,3,Sunday
2021-08-22,United Kingdom,67500000,57039.0,291.0,1811.0,477.0,1858978.0,3.07,88.93,80.5,3.69,84.5,0.431,74.66,High,Delta,2021,8,August,3,Sunday
2021-08-29,United Kingdom,67500000,65960.0,280.0,2072.0,,2076851.0,3.18,89.5,81.56,4.86,97.72,0.415,78.43,High,Delta,2021,8,August,3,Sunday
2021-09-05,United Kingdom,67500000,62866.0,246.0,1969.0,592.0,1953155.0,3.22,89.5,81.84,5.24,93.14,0.364,73.15,High,Delta,2021,9,September,3,Sunday
2021-09-12,United Kingdom,67500000,69750.0,353.0,2173.0,629.0,2163823.0,3.22,90.22,82.39,5.47,103.33,0.523,73.55,High,Delta,2021,9,September,3,Sunday
2021-09-19,United Kingdom,67500000,57622.0,283.0,1769.0,414.0,1844694.0,3.12,90.22,83.86,5.8,85.37,0.419,70.9,Lockdown,Delta,2021,9,September,3,Sunday
2021-09-26,United Kingdom,67500000,64856.0,284.0,1991.0,560.0,2039417.0,3.18,90.5,83.86,6.74,96.08,0.421,77.4,High,Delta,2021,9,September,3,Sunday
2021-10-03,United Kingdom,67500000,56743.0,257.0,1742.0,342.0,2059209.0,2.76,90.89,83.86,7.69,84.06,0.381,70.52,High,Delta,2021,10,October,4,Sunday
2021-10-10,United Kingdom,67500000,49015.0,209.0,1500.0,351.0,1755950.0,2.79,90.99,84.16,8.88,72.61,0.31,66.92,High,Delta,2021,10,October,4,Sunday
2021-10-17,United Kingdom,67500000,48031.0,201.0,1465.0,269.0,1793715.0,2.68,91.52,84.44,9.11,71.16,0.298,63.64,High,Delta,2021,10,October,4,Sunday
2021-10-24,United Kingdom,67500000,50868.0,190.0,1538.0,456.0,1875046.0,2.71,91.52,85.31,10.36,75.36,0.281,73.54,High,Delta,2021,10,October,4,Sunday
2021-10-31,United Kingdom,67500000,51215.0,190.0,1549.0,449.0,1711281.0,2.99,91.52,85.31,11.63,75.87,0.281,71.37,High,Delta,2021,10,October,4,Sunday
2021-11-07,United Kingdom,67500000,60538.0,233.0,1825.0,554.0,1957332.0,3.09,91.52,85.59,11.84,89.69,0.345,74.9,High,Delta,2021,11,November,4,Sunday
2021-11-14,United Kingdom,67500000,61346.0,282.0,1847.0,553.0,2053261.0,2.99,91.59,85.75,14.07,90.88,0.418,75.68,High,Delta,2021,11,November,4,Sunday
2021-11-21,United Kingdom,67500000,63629.0,235.0,1907.0,597.0,1991125.0,3.2,91.62,86.18,14.7,94.26,0.348,75.5,High,Delta,2021,11,November,4,Sunday
2021-11-28,United Kingdom,67500000,75390.0,286.0,2259.0,427.0,2127828.0,3.54,91.62,86.18,16.53,111.69,0.424,78.13,High,Delta,2021,11,November,4,Sunday
2021-12-05,United Kingdom,67500000,76642.0,99.0,1098.0,339.0,2184147.0,3.51,91.62,86.18,17.96,113.54,0.147,62.91,High,Omicron,2021,12,December,4,Sunday
2021-12-12,United Kingdom,67500000,90164.0,104.0,1288.0,318.0,2201620.0,4.1,91.88,86.47,19.75,133.58,0.154,64.77,Lockdown,Omicron,2021,12,December,4,Sunday
2021-12-19,United Kingdom,67500000,97481.0,110.0,1389.0,308.0,2529552.0,3.85,91.88,86.7,21.2,144.42,0.163,73.77,Lockdown,Omicron,2021,12,December,4,Sunday
2021-12-26,United Kingdom,67500000,99568.0,128.0,1419.0,348.0,2695777.0,3.69,92.08,86.73,21.99,147.51,0.19,68.97,Lockdown,Omicron,2021,12,December,4,Sunday
2022-01-02,United Kingdom,67500000,117556.0,142.0,1675.0,349.0,2502205.0,4.7,92.62,86.73,24.21,174.16,0.21,69.82,Lockdown,Omicron,2022,1,January,1,Sunday
2022-01-09,United Kingdom,67500000,101048.0,131.0,1436.0,286.0,2527309.0,4.0,92.62,87.0,26.27,149.7,0.194,68.97,High,Omicron,2022,1,January,1,Sunday
2022-01-16,UK,67500000,96148.0,135.0,1366.0,261.0,2337948.0,4.11,92.62,87.0,28.0,142.44,0.2,64.35,Lockdown,Omicron,2022,1,January,1,Sunday
2022-01-23,United Kingdom,67500000,79793.0,89.0,1134.0,186.0,2284184.0,3.49,92.62,87.0,30.06,118.21,0.132,67.56,High,Omicron,2022,1,January,1,Sunday
2022-01-30,United Kingdom,67500000,73893.0,104.0,1050.0,246.0,2430581.0,3.04,92.62,87.0,32.03,109.47,0.154,61.03,Lockdown,Omicron,2022,1,January,1,Sunday
2022-02-06,United Kingdom,67500000,68285.0,95.0,966.0,291.0,2189259.0,3.12,92.62,87.43,33.86,101.16,0.141,62.82,Lockdown,Omicron,2022,2,February,1,Sunday
2022-02-13,United Kingdom,67500000,53113.0,72.0,751.0,193.0,1674380.0,3.17,92.62,87.43,35.49,78.69,0.107,61.38,High,Omicron,2022,2,February,1,Sunday
2022-02-20,United Kingdom,67500000,50945.0,66.0,721.0,172.0,1999490.0,2.55,92.62,87.43,36.86,75.47,0.098,59.27,High,Omicron,2022,2,February,1,Sunday
2022-02-27,United Kingdom,67500000,33732.0,43.0,477.0,106.0,1929692.0,1.75,92.62,87.53,39.11,49.97,0.064,55.31,High,Omicron,2022,2,February,1,Sunday
2022-03-06,United Kingdom,67500000,25169.0,32.0,354.0,81.0,1640793.0,1.53,92.62,88.02,41.16,37.29,0.047,53.47,Moderate,Omicron,2022,3,March,1,Sunday
2022-03-13,United Kingdom,67500000,22635.0,29.0,318.0,59.0,1775972.0,1.27,92.62,88.02,42.44,33.53,0.043,52.82,Low,Omicron,2022,3,March,1,Sunday
2022-03-20,United Kingdom,67500000,17549.0,18.0,247.0,72.0,1505848.0,1.17,92.62,88.02,44.64,26.0,0.027,50.58,Low,Omicron,2022,3,March,1,Sunday
2022-03-27,United Kingdom,67500000,15023.0,21.0,211.0,39.0,1382054.0,1.09,92.62,88.02,46.33,22.26,0.031,50.42,Low,Omicron,2022,3,March,1,Sunday
2022-04-03,United Kingdom,67500000,14006.0,18.0,197.0,54.0,1575832.0,0.89,92.62,88.02,47.63,20.75,0.027,55.05,Low,Omicron,2022,4,April,2,Sunday
2022-04-10,United Kingdom,67500000,13921.0,18.0,196.0,55.0,1338542.0,1.04,92.62,88.02,,20.62,0.027,51.07,Low,Omicron,2022,4,April,2,Sunday
2022-04-17,United Kingdom,67500000,16143.0,19.0,227.0,56.0,1549409.0,1.04,92.62,88.02,50.05,23.92,0.028,49.79,Low,Omicron,2022,4,April,2,Sunday
2022-04-24,United Kingdom,67500000,16422.0,17.0,231.0,69.0,1745431.0,0.94,92.62,88.02,52.3,24.33,0.025,50.51,Low,Omicron,2022,4,April,2,Sunday
2022-05-01,United Kingdom,67500000,20480.0,25.0,288.0,57.0,1375286.0,1.49,92.62,88.02,52.78,30.34,0.037,55.31,Low,Omicron,2022,5,May,2,Sunday
2022-05-08,United Kingdom,67500000,25093.0,31.0,353.0,106.0,1498742.0,1.67,92.62,88.02,53.48,37.17,0.046,55.11,Low,Omicron,2022,5,May,2,Sunday
2022-05-15,United Kingdom,67500000,26467.0,32.0,372.0,102.0,1544465.0,1.71,92.62,88.02,55.49,39.21,0.047,55.08,Low,Omicron,2022,5,May,2,Sunday
2022-05-22,United Kingdom,67500000,31184.0,36.0,438.0,125.0,1722086.0,1.81,92.62,88.02,56.09,46.2,0.053,53.91,Low,Omicron,2022,5,May,2,Sunday
2022-05-29,United Kingdom,67500000,35933.0,41.0,505.0,133.0,1726534.0,2.08,92.62,88.02,57.32,53.23,0.061,56.88,Moderate,Omicron,2022,5,May,2,Sunday
06-05-2022,United Kingdom,67500000,39709.0,49.0,558.0,164.0,2019842.0,1.97,92.62,88.02,57.89,58.83,0.073,54.54,Moderate,Omicron,2022,6,June,2,Sunday
2022-06-12,United Kingdom,67500000,41971.0,49.0,590.0,188.0,1979670.0,2.12,92.62,88.02,58.69,62.18,0.073,55.92,Moderate,Omicron,2022,6,June,2,Sunday
2022-06-19,United Kingdom,67500000,45773.0,64.0,643.0,142.0,1951835.0,2.35,92.62,88.02,59.35,67.81,0.095,,Moderate,Omicron,2022,6,June,2,Sunday
2022-06-26,United Kingdom,67500000,42618.0,47.0,599.0,173.0,1867245.0,,92.62,88.02,60.08,63.14,0.07,58.88,High,Omicron,2022,6,June,2,Sunday
2022-07-03,United Kingdom,67500000,45645.0,42.0,525.0,145.0,1935177.0,2.36,92.62,88.02,61.12,67.62,0.062,53.25,Moderate,Omicron (BA.5),2022,7,July,3,Sunday
2022-07-10,United Kingdom,67500000,40576.0,37.0,467.0,106.0,1699363.0,2.39,92.62,88.02,61.25,60.11,0.055,52.8,Moderate,Omicron (BA.5),2022,7,July,3,Sunday
2022-07-17,UK,67500000,43314.0,43.0,498.0,153.0,1979795.0,2.19,92.62,88.02,61.25,64.17,0.064,55.62,Moderate,Omicron (BA.5),2022,7,July,3,Sunday
2022-07-24,United Kingdom,67500000,44134.0,43.0,507.0,110.0,1695417.0,2.6,92.62,88.02,61.98,65.38,0.064,59.79,Moderate,Omicron (BA.5),2022,7,July,3,Sunday
2022-07-31,UK,67500000,39419.0,40.0,453.0,111.0,1934798.0,2.04,92.62,88.02,62.57,58.4,0.059,49.96,Moderate,Omicron (BA.5),2022,7,July,3,Sunday
2022-08-07,United Kingdom,67500000,35580.0,40.0,409.0,69.0,1943455.0,1.83,92.62,88.02,62.93,52.71,0.059,54.86,Moderate,Omicron (BA.5),2022,8,August,3,Sunday
2022-08-14,United Kingdom,67500000,29763.0,27.0,342.0,64.0,1745530.0,1.71,92.62,88.02,62.93,44.09,0.04,49.84,Moderate,Omicron (BA.5),2022,8,August,3,Sunday
2022-08-21,United Kingdom,67500000,28607.0,30.0,329.0,,1680923.0,1.7,92.62,88.02,63.51,42.38,0.044,51.52,Moderate,Omicron (BA.5),2022,8,August,3,Sunday
2022-08-28,United Kingdom,67500000,22858.0,19.0,263.0,57.0,1699942.0,1.34,92.62,88.02,63.69,33.86,0.028,51.32,Moderate,Omicron (BA.5),2022,8,August,3,Sunday
2022-09-04,United Kingdom,67500000,20406.0,19.0,235.0,51.0,1251112.0,1.63,92.62,88.02,64.41,30.23,0.028,50.81,Low,Omicron (BA.5),2022,9,September,3,Sunday
2022-09-11,United Kingdom,67500000,16590.0,16.0,191.0,37.0,1622513.0,1.02,92.62,88.02,64.41,24.58,0.024,49.94,Low,Omicron (BA.5),2022,9,September,3,Sunday
2022-09-18,United Kingdom,67500000,12532.0,11.0,144.0,34.0,1529434.0,0.82,92.62,88.02,64.41,18.57,0.016,50.67,Low,Omicron (BA.5),2022,9,September,3,Sunday
2022-09-25,United Kingdom,67500000,8876.0,9.0,102.0,29.0,1500591.0,0.59,92.62,88.02,64.41,13.15,0.013,48.75,None,Omicron (BA.5),2022,9,September,3,Sunday
2022-10-02,United Kingdom,67500000,5540.0,6.0,64.0,19.0,1556438.0,0.36,92.62,88.02,64.41,8.21,0.009,45.93,None,Omicron (BA.5),2022,10,October,4,Sunday
2022-10-09,United Kingdom,67500000,6081.0,6.0,70.0,11.0,1469762.0,0.41,92.62,88.02,64.41,9.01,0.009,51.62,None,Omicron (BA.5),2022,10,October,4,Sunday
2022-10-16,United Kingdom,67500000,4237.0,4.0,49.0,12.0,1326891.0,0.32,92.62,88.02,64.41,6.28,0.006,51.27,None,Omicron (BA.5),2022,10,October,4,Sunday
2022-10-23,United Kingdom,67500000,266.0,0.0,3.0,1.0,1404103.0,0.02,92.62,88.02,64.55,0.39,0.0,50.88,None,Omicron (BA.5),2022,10,October,4,Sunday
2022-10-30,United Kingdom,67500000,1708.0,2.0,20.0,5.0,1442418.0,0.12,92.62,88.02,64.89,2.53,0.003,45.15,None,Omicron (BA.5),2022,10,October,4,Sunday
2022-11-06,United Kingdom,67500000,559.0,0.0,6.0,1.0,1436198.0,0.04,92.62,88.02,64.89,0.83,0.0,49.56,None,Omicron (BA.5),2022,11,November,4,Sunday
2022-11-13,United Kingdom,67500000,3283.0,3.0,38.0,8.0,1469283.0,0.22,92.62,88.02,65.51,4.86,0.004,50.93,None,Omicron (BA.5),2022,11,November,4,Sunday
2022-11-20,United Kingdom,67500000,202.0,0.0,2.0,0.0,1537568.0,0.01,92.62,88.02,65.51,0.3,0.0,46.19,None,Omicron (BA.5),2022,11,November,4,Sunday
2022-11-27,United Kingdom,67500000,202.0,0.0,2.0,0.0,1296202.0,0.02,92.62,88.02,65.51,0.3,0.0,48.79,None,Omicron (BA.5),2022,11,November,4,Sunday
2022-12-04,United Kingdom,67500000,1825.0,2.0,21.0,5.0,1456016.0,0.13,92.62,88.02,65.51,2.7,0.003,48.73,None,Omicron (BA.5),2022,12,December,4,Sunday
2022-12-11,United Kingdom,67500000,2032.0,2.0,23.0,5.0,1586305.0,0.13,92.62,88.02,,3.01,0.003,53.65,None,Omicron (BA.5),2022,12,December,4,Sunday
2022-12-18,United Kingdom,67500000,202.0,0.0,2.0,1.0,1222547.0,0.02,92.62,88.02,65.51,0.3,0.0,53.57,None,Omicron (BA.5),2022,12,December,4,Sunday
2022-12-25,United Kingdom,67500000,202.0,0.0,2.0,1.0,1439936.0,0.01,92.62,88.02,65.65,0.3,0.0,44.6,None,Omicron (BA.5),2022,12,December,4,Sunday
2021-01-03,United States,331900000,19126.0,187.0,651.0,184.0,6250326.0,0.31,19.11,11.84,0.09,5.76,0.056,54.1,None,Alpha,2021,1,January,1,Sunday
01-10-2021,United States,331900000,49738.0,442.0,1676.0,471.0,6089872.0,0.82,20.51,13.43,0.64,14.99,0.133,57.83,None,Alpha,2021,1,January,1,Sunday
2021-01-17,United States,331900000,44138.0,360.0,1477.0,317.0,7422677.0,0.59,22.84,14.56,0.64,13.3,0.108,55.01,Low,Alpha,2021,1,January,1,Sunday
2021-01-24,United States,331900000,74830.0,707.0,2484.0,725.0,7726586.0,0.97,25.07,15.94,0.64,22.55,0.213,53.95,Low,Alpha,2021,1,January,1,Sunday
2021-01-31,United States,331900000,58169.0,448.0,1908.0,,6750004.0,0.86,28.01,17.88,0.64,17.53,0.135,54.57,Moderate,Alpha,2021,1,January,1,Sunday
2021-02-07,United States,331900000,94088.0,738.0,3079.0,464.0,7724902.0,1.22,29.21,18.31,0.64,28.35,0.222,64.87,Low,Alpha,2021,2,February,1,Sunday
2021-02-14,United States,331900000,113479.0,998.0,3668.0,906.0,7303260.0,1.55,32.49,20.32,0.64,34.19,0.301,69.27,Moderate,Alpha,2021,2,February,1,Sunday
2021-02-21,United States,331900000,114408.0,1025.0,3655.0,1166.0,7636299.0,1.5,34.58,22.18,0.64,34.47,0.309,68.94,High,Alpha,2021,2,February,1,Sunday
2021-02-28,United States,331900000,85324.0,780.0,2690.0,421.0,7390421.0,1.15,37.2,24.3,0.64,25.71,0.235,57.14,High,Alpha,2021,2,February,1,Sunday
2021-03-07,United States,331900000,96748.0,724.0,3011.0,558.0,8738753.0,1.11,39.68,26.29,0.64,29.15,0.218,63.55,Moderate,Alpha,2021,3,March,1,Sunday
2021-03-14,United States,331900000,94061.0,657.0,2897.0,690.0,7497494.0,1.25,42.36,27.94,0.64,28.34,0.198,64.74,Moderate,Alpha,2021,3,March,1,Sunday
2021-03-21,United States,331900000,58609.0,515.0,1779.0,512.0,7542743.0,0.78,44.76,30.18,0.64,17.66,0.155,52.2,Moderate,Alpha,2021,3,March,1,Sunday
2021-03-28,United States,331900000,65217.0,443.0,1951.0,322.0,6995819.0,0.93,47.78,32.35,0.64,19.65,0.133,57.23,Low,Alpha,2021,3,March,1,Sunday
2021-04-04,United States,331900000,47133.0,314.0,1380.0,300.0,7077734.0,0.67,49.7,35.52,0.87,14.2,0.095,54.95,Moderate,Alpha,2021,4,April,2,Sunday
2021-04-11,United States,331900000,38206.0,257.0,1103.0,306.0,6680700.0,0.57,52.6,37.52,0.89,11.51,0.077,52.06,Low,Alpha,2021,4,April,2,Sunday
2021-04-18,United States,331900000,28790.0,205.0,823.0,175.0,7022648.0,0.41,54.42,39.05,0.89,8.67,0.062,46.72,Low,Alpha,2021,4,April,2,Sunday
2021-04-25,United States,331900000,21482.0,165.0,604.0,110.0,6139982.0,0.35,56.84,41.26,0.89,6.47,0.05,49.39,Low,Alpha,2021,4,April,2,Sunday
2021-05-02,United States,331900000,25109.0,183.0,697.0,128.0,5672437.0,0.44,58.68,43.2,0.89,7.57,0.055,49.87,None,Alpha,2021,5,May,2,Sunday
2021-05-09,United States,331900000,23720.0,,649.0,143.0,5746055.0,0.41,61.16,45.11,0.89,7.15,0.05,50.07,Low,Alpha,2021,5,May,2,Sunday
2021-05-16,United States,331900000,996.0,6.0,27.0,6.0,5739533.0,0.02,63.36,47.74,0.89,0.3,0.002,45.77,None,Alpha,2021,5,May,2,Sunday
2021-05-23,United States,331900000,16981.0,,450.0,133.0,5690446.0,0.3,64.69,49.5,1.33,5.12,0.031,48.29,None,Alpha,2021,5,May,2,Sunday
2021-05-30,United States,331900000,24593.0,150.0,640.0,166.0,6690760.0,0.37,66.31,51.74,1.33,7.41,0.045,50.29,None,Alpha,2021,5,May,2,Sunday
2021-06-06,United States,331900000,19901.0,107.0,512.0,137.0,6144215.0,0.32,67.57,53.16,1.33,6.0,0.032,50.83,Low,Alpha,2021,6,June,2,Sunday
2021-06-13,United States,331900000,44328.0,242.0,1123.0,356.0,8190059.0,,69.24,55.21,1.51,13.36,0.073,52.16,None,Alpha,2021,6,June,2,Sunday
2021-06-20,United States,331900000,59547.0,417.0,1708.0,376.0,6194305.0,0.96,70.13,57.18,1.51,17.94,0.126,54.95,Low,Delta,2021,6,June,2,Sunday
2021-06-27,United States,331900000,53764.0,347.0,1522.0,333.0,7191233.0,0.75,71.51,58.85,1.51,16.2,0.105,55.23,Low,Delta,2021,6,June,2,Sunday
2021-07-04,United States,331900000,75516.0,545.0,2111.0,648.0,6842981.0,1.1,72.93,60.38,1.81,22.75,0.164,53.28,Low,Delta,2021,7,July,3,Sunday
2021-07-11,USA,331900000,81015.0,604.0,2248.0,431.0,7333057.0,1.1,74.23,61.27,1.81,24.41,0.182,60.0,Moderate,Delta,2021,7,July,3,Sunday
2021-07-18,United States,331900000,97311.0,579.0,2656.0,728.0,8058494.0,1.21,75.56,63.24,2.0,29.32,0.174,60.94,Moderate,Delta,2021,7,July,3,Sunday
2021-07-25,United States,331900000,113033.0,760.0,3066.0,853.0,6748232.0,1.68,75.56,63.96,2.0,34.06,0.229,,Moderate,Delta,2021,7,July,3,Sunday
2021-08-01,United States,331900000,109283.0,784.0,2925.0,487.0,8369298.0,1.31,76.65,65.52,2.34,32.93,0.236,64.75,High,Delta,2021,8,August,3,Sunday
2021-08-08,United States,331900000,141041.0,989.0,3748.0,861.0,10213929.0,1.38,76.94,66.36,3.2,42.49,0.298,61.77,High,Delta,2021,8,August,3,Sunday
2021-08-15,United States,331900000,120514.0,854.0,3187.0,587.0,8137520.0,1.48,77.39,66.9,3.2,36.31,0.257,58.78,High,Delta,2021,8,August,3,Sunday
2021-08-22,United States,331900000,141196.0,884.0,3696.0,671.0,9051955.0,1.56,78.08,68.09,3.22,42.54,0.266,67.06,High,Delta,2021,8,August,3,Sunday
2021-08-29,United States,331900000,150519.0,1033.0,3905.0,894.0,9801452.0,1.54,78.43,69.09,3.37,45.35,0.311,67.46,High,Delta,2021,8,August,3,Sunday
2021-09-05,United States,331900000,144834.0,826.0,3731.0,743.0,8824915.0,1.64,78.85,69.89,3.74,43.64,0.249,66.99,Lockdown,Delta,2021,9,September,3,Sunday
2021-09-12,United States,331900000,130248.0,767.0,3342.0,954.0,8241589.0,1.58,79.06,70.33,3.74,39.24,0.231,63.37,High,Delta,2021,9,September,3,Sunday
2021-09-19,United States,331900000,127086.0,693.0,3229.0,983.0,7016717.0,1.81,79.09,71.43,4.77,38.29,0.209,65.6,High,Delta,2021,9,September,3,Sunday
2021-09-26,United States,331900000,142511.0,846.0,3608.0,1034.0,9350716.0,1.52,79.33,71.81,5.42,42.94,0.255,68.25,High,Delta,2021,9,September,3,Sunday
2021-10-03,United States,331900000,123886.0,718.0,3133.0,612.0,8435849.0,1.47,80.24,71.92,5.42,37.33,0.216,64.64,High,Delta,2021,10,October,4,Sunday
2021-10-10,United States,331900000,121654.0,664.0,3056.0,601.0,7781223.0,1.56,80.24,72.67,6.04,36.65,0.2,62.38,High,Delta,2021,10,October,4,Sunday
2021-10-17,United States,331900000,102741.0,646.0,2563.0,495.0,8161437.0,1.26,80.3,73.42,6.5,30.96,0.195,55.18,High,Delta,2021,10,October,4,Sunday
2021-10-24,United States,331900000,114387.0,627.0,2844.0,492.0,7929861.0,1.44,80.66,73.78,7.22,34.46,0.189,63.84,High,Delta,2021,10,October,4,Sunday
2021-10-31,United States,331900000,122204.0,661.0,3038.0,943.0,8120038.0,1.5,81.05,73.78,8.23,36.82,0.199,65.99,High,Delta,2021,10,October,4,Sunday
2021-11-07,United States,331900000,125589.0,648.0,3123.0,682.0,8962428.0,1.4,81.05,73.78,8.36,37.84,0.195,64.99,High,Delta,2021,11,November,4,Sunday
2021-11-14,United States,331900000,150868.0,849.0,3726.0,701.0,8095172.0,1.86,81.05,74.51,9.99,45.46,0.256,64.34,High,Delta,2021,11,November,4,Sunday
2021-11-21,United States,331900000,167773.0,905.0,4143.0,1218.0,10200897.0,1.64,81.55,74.51,10.92,50.55,0.273,70.4,Lockdown,Delta,2021,11,November,4,Sunday
2021-11-28,United States,331900000,192873.0,1063.0,4763.0,1038.0,8816686.0,2.19,81.75,74.51,11.56,58.11,0.32,74.11,Lockdown,Delta,2021,11,November,4,Sunday
2021-12-05,United States,331900000,200436.0,1058.0,4948.0,772.0,9547130.0,2.1,81.75,74.55,11.89,60.39,0.319,76.83,Lockdown,Delta,2021,12,December,4,Sunday
2021-12-12,United States,331900000,217661.0,1336.0,5351.0,950.0,12039830.0,1.81,81.75,74.99,,65.58,0.403,72.85,High,Delta,2021,12,December,4,Sunday
2021-12-19,United States,331900000,210893.0,417.0,2480.0,642.0,11224495.0,1.88,81.88,74.99,15.2,63.54,0.126,59.45,High,Omicron,2021,12,December,4,Sunday
2021-12-26,United States,331900000,242943.0,425.0,2857.0,809.0,11038222.0,2.2,81.9,74.99,15.2,73.2,0.128,63.86,High,Omicron,2021,12,December,4,Sunday
2022-01-02,United States,331900000,236402.0,431.0,2778.0,516.0,10004630.0,2.36,81.9,75.07,17.14,71.23,0.13,61.72,Lockdown,Omicron,2022,1,January,1,Sunday
2022-01-09,United States,331900000,216577.0,420.0,2543.0,778.0,9971512.0,2.17,81.9,75.16,18.18,65.25,0.127,57.55,Lockdown,Omicron,2022,1,January,1,Sunday
2022-01-16,United States,331900000,234083.0,469.0,2747.0,809.0,10834279.0,2.16,81.9,75.21,20.12,70.53,0.141,62.45,Lockdown,Omicron,2022,1,January,1,Sunday
2022-01-23,United States,331900000,197874.0,350.0,2299.0,676.0,10059231.0,1.97,81.9,76.24,21.06,59.62,0.105,60.52,Lockdown,Omicron,2022,1,January,1,Sunday
2022-01-30,United States,331900000,169870.0,325.0,1974.0,372.0,9386515.0,1.81,81.98,76.24,22.8,51.18,0.098,57.59,Lockdown,Omicron,2022,1,January,1,Sunday
2022-02-06,United States,331900000,144055.0,277.0,1674.0,265.0,8904215.0,1.62,81.98,76.24,24.3,43.4,0.083,56.35,Lockdown,Omicron,2022,2,February,1,Sunday
2022-02-13,United States,331900000,126892.0,236.0,1475.0,439.0,8427476.0,1.51,81.98,76.24,26.16,38.23,0.071,54.11,High,Omicron,2022,2,February,1,Sunday
2022-02-20,United States,331900000,99423.0,168.0,1155.0,233.0,7087415.0,1.4,82.23,76.24,27.04,29.96,0.051,56.78,High,Omicron,2022,2,February,1,Sunday
2022-02-27,United States,331900000,84548.0,127.0,983.0,251.0,7388345.0,1.14,82.23,76.24,28.71,25.47,0.038,49.93,High,Omicron,2022,2,February,1,Sunday
2022-03-06,United States,331900000,74918.0,110.0,871.0,243.0,,0.93,82.32,76.24,29.65,22.57,0.033,50.13,Moderate,Omicron,2022,3,March,1,Sunday
2022-03-13,United States,331900000,49654.0,84.0,577.0,99.0,6226373.0,0.8,82.32,76.24,31.95,14.96,0.025,50.09,Moderate,Omicron,2022,3,March,1,Sunday
2022-03-20,United States,331900000,35649.0,61.0,414.0,117.0,6603062.0,0.54,82.32,76.24,32.84,10.74,0.018,51.4,Low,Omicron,2022,3,March,1,Sunday
2022-03-27,United States,331900000,40144.0,67.0,467.0,145.0,6351108.0,0.63,82.32,76.24,34.35,12.1,0.02,45.74,Low,Omicron,2022,3,March,1,Sunday
2022-04-03,United States,331900000,35069.0,61.0,408.0,112.0,6752467.0,0.52,82.32,76.24,35.93,10.57,0.018,45.9,Low,Omicron,2022,4,April,2,Sunday
2022-04-10,United States,331900000,38654.0,67.0,448.0,101.0,6555937.0,0.59,82.32,76.46,36.85,11.65,0.02,44.29,Low,Omicron,2022,4,April,2,Sunday
2022-04-17,United States,331900000,38269.0,72.0,444.0,133.0,7557225.0,0.51,82.32,76.46,38.73,11.53,0.022,49.44,Low,Omicron,2022,4,April,2,Sunday
2022-04-24,United States,331900000,33455.0,50.0,388.0,93.0,6929666.0,0.48,82.32,76.49,40.24,10.08,0.015,46.27,Low,Omicron,2022,4,April,2,Sunday
2022-05-01,United States,331900000,36463.0,57.0,423.0,117.0,6016040.0,0.61,82.32,76.49,41.27,10.99,0.017,48.29,Low,Omicron,2022,5,May,2,Sunday
2022-05-08,United States,331900000,43924.0,81.0,509.0,147.0,7243440.0,0.61,82.32,76.49,41.89,13.23,0.024,51.36,Low,Omicron,2022,5,May,2,Sunday
2022-05-15,United States,331900000,50370.0,95.0,584.0,162.0,6572201.0,0.77,82.32,76.49,43.46,15.18,0.029,48.49,Low,Omicron,2022,5,May,2,Sunday
2022-05-22,United States,331900000,69778.0,137.0,809.0,161.0,7062352.0,0.99,82.32,76.49,44.78,21.02,0.041,51.85,Low,Omicron,2022,5,May,2,Sunday
2022-05-29,USA,331900000,75283.0,143.0,873.0,148.0,7705640.0,0.98,82.32,76.49,45.0,22.68,0.043,50.86,Moderate,Omicron,2022,5,May,2,Sunday
2022-06-05,United States,331900000,84985.0,162.0,985.0,188.0,7412220.0,1.15,82.32,76.49,46.18,25.61,0.049,53.87,Moderate,Omicron,2022,6,June,2,Sunday
2022-06-12,USA,331900000,73222.0,118.0,849.0,,8008597.0,0.91,82.32,76.49,47.65,22.06,0.036,52.67,Moderate,Omicron,2022,6,June,2,Sunday
2022-06-19,United States,331900000,89263.0,148.0,1035.0,244.0,7319911.0,1.22,82.32,76.49,,26.89,0.045,50.73,Moderate,Omicron,2022,6,June,2,Sunday
2022-06-26,United States,331900000,108561.0,172.0,1259.0,314.0,7792901.0,1.39,82.51,76.49,49.1,32.71,0.052,53.21,Moderate,Omicron,2022,6,June,2,Sunday
2022-07-03,United States,331900000,98976.0,174.0,1147.0,249.0,7582249.0,1.31,82.51,76.49,50.25,29.82,0.052,55.65,High,Omicron,2022,7,July,3,Sunday
2022-07-10,United States,331900000,88600.0,171.0,1027.0,291.0,7437325.0,1.19,82.51,76.49,,26.69,0.052,53.4,Moderate,Omicron,2022,7,July,3,Sunday
2022-07-17,United States,331900000,84388.0,110.0,800.0,244.0,8380918.0,1.01,82.51,76.49,51.15,25.43,0.033,47.73,Moderate,Omicron (BA.5),2022,7,July,3,Sunday
2022-07-24,United States,331900000,88603.0,123.0,840.0,161.0,8181760.0,1.08,82.51,76.49,52.33,26.7,0.037,53.07,Moderate,Omicron (BA.5),2022,7,July,3,Sunday
2022-07-31,United States,331900000,83908.0,107.0,796.0,219.0,8746138.0,0.96,82.51,76.49,52.33,25.28,0.032,48.49,Moderate,Omicron (BA.5),2022,7,July,3,Sunday
2022-08-07,United States,331900000,79154.0,97.0,751.0,199.0,8974310.0,0.88,82.51,76.49,52.33,23.85,0.029,54.5,Moderate,Omicron (BA.5),2022,8,August,3,Sunday
2022-08-14,United States,331900000,88818.0,110.0,842.0,201.0,7151607.0,1.24,82.51,76.49,53.06,26.76,0.033,54.01,Moderate,Omicron (BA.5),2022,8,August,3,Sunday
2022-08-21,United States,331900000,74845.0,89.0,710.0,129.0,7550262.0,0.99,82.51,76.49,53.46,22.55,0.027,51.48,Moderate,Omicron (BA.5),2022,8,August,3,Sunday
2022-08-28,United States,331900000,50484.0,78.0,478.0,136.0,,0.8,82.51,76.71,53.54,15.21,0.024,49.93,Moderate,Omicron (BA.5),2022,8,August,3,Sunday
2022-09-04,United States,331900000,38377.0,51.0,363.0,114.0,6340072.0,0.61,82.51,76.71,53.71,11.56,0.015,48.42,Low,Omicron (BA.5),2022,9,September,3,Sunday
2022-09-11,United States,331900000,34821.0,52.0,330.0,90.0,6350665.0,0.55,82.51,76.71,55.02,10.49,0.016,50.46,Low,Omicron (BA.5),2022,9,September,3,Sunday
2022-09-18,United States,331900000,31471.0,45.0,298.0,91.0,6059317.0,0.52,82.51,76.75,55.02,9.48,0.014,47.67,Low,Omicron (BA.5),2022,9,September,3,Sunday
2022-09-25,United States,331900000,22237.0,27.0,210.0,67.0,5888807.0,0.38,82.51,76.75,55.02,6.7,0.008,48.73,Low,Omicron (BA.5),2022,9,September,3,Sunday
2022-10-02,United States,331900000,16201.0,20.0,153.0,32.0,6233400.0,0.26,82.51,76.75,55.35,4.88,0.006,50.02,None,Omicron (BA.5),2022,10,October,4,Sunday
2022-10-09,United States,331900000,22780.0,34.0,216.0,56.0,5814072.0,0.39,82.51,76.75,55.35,6.86,0.01,46.77,None,Omicron (BA.5),2022,10,October,4,Sunday
2022-10-16,United States,331900000,9764.0,12.0,92.0,,6590242.0,0.15,82.51,76.75,55.38,2.94,0.004,45.98,None,Omicron (BA.5),2022,10,October,4,Sunday
10-23-2022,United States,331900000,22877.0,35.0,216.0,69.0,5969955.0,0.38,82.51,76.75,55.8,6.89,0.011,45.18,None,Omicron (BA.5),2022,10,October,4,Sunday
2022-10-30,United States,331900000,5527.0,7.0,52.0,9.0,7455704.0,0.07,82.51,76.75,55.8,1.67,0.002,44.65,None,Omicron (BA.5),2022,10,October,4,Sunday
2022-11-06,United States,331900000,15719.0,22.0,149.0,33.0,6068961.0,0.26,82.51,76.75,56.02,4.74,0.007,43.25,None,Omicron (BA.5),2022,11,November,4,Sunday
2022-11-13,USA,331900000,4982.0,7.0,47.0,14.0,6111309.0,0.08,82.51,76.75,56.62,1.5,0.002,49.11,None,Omicron (BA.5),2022,11,November,4,Sunday
2022-11-20,United States,331900000,8085.0,10.0,77.0,15.0,5503628.0,0.15,82.51,76.75,56.62,2.44,0.003,51.97,None,Omicron (BA.5),2022,11,November,4,Sunday
2022-11-27,USA,331900000,996.0,1.0,9.0,3.0,6812792.0,0.01,82.51,76.75,56.62,0.3,0.0,50.65,None,Omicron (BA.5),2022,11,November,4,Sunday
2022-12-04,United States,331900000,996.0,2.0,9.0,2.0,6531481.0,0.02,82.51,76.75,56.62,0.3,0.001,43.02,None,Omicron (BA.5),2022,12,December,4,Sunday
2022-12-11,United States,331900000,3488.0,4.0,33.0,10.0,6189286.0,0.06,82.51,76.75,56.62,1.05,0.001,49.02,None,Omicron (BA.5),2022,12,December,4,Sunday
2022-12-18,United States,331900000,6850.0,9.0,65.0,20.0,5455771.0,0.13,82.51,76.75,56.62,2.06,0.003,50.94,None,Omicron (BA.5),2022,12,December,4,Sunday
2022-12-25,United States,331900000,996.0,1.0,9.0,2.0,6095634.0,0.02,82.51,76.75,56.62,0.3,0.0,45.95,None,Omicron (BA.5),2022,12,December,4,Sunday
2021-01-03,Vietnam,98200000,6150.0,57.0,173.0,49.0,494940.0,1.24,18.43,12.52,0.0,6.26,0.058,58.86,Low,Alpha,2021,1,January,1,Sunday
2021-01-10,Vietnam,98200000,4573.0,39.0,128.0,26.0,539957.0,0.85,19.03,13.06,0.0,4.66,0.04,56.77,Low,Alpha,2021,1,January,1,Sunday
2021-01-17,Vietnam,98200000,9954.0,77.0,277.0,74.0,557266.0,1.79,20.82,14.57,0.22,10.14,0.078,61.36,None,Alpha,2021,1,January,1,Sunday
2021-01-24,Vietnam,98200000,11350.0,87.0,314.0,52.0,500539.0,2.27,22.85,15.54,0.48,11.56,0.089,64.98,Low,Alpha,2021,1,January,1,Sunday
2021-01-31,Vietnam,98200000,15854.0,108.0,436.0,130.0,491514.0,3.23,23.57,16.44,0.48,16.14,0.11,65.15,Low,Alpha,2021,1,January,1,Sunday
2021-02-07,Vietnam,98200000,20690.0,154.0,566.0,153.0,618829.0,3.34,25.62,17.54,0.48,21.07,0.157,71.7,Moderate,Alpha,2021,2,February,1,Sunday
2021-02-14,Vietnam,98200000,17162.0,144.0,466.0,146.0,517523.0,3.32,27.39,18.77,0.48,17.48,0.147,73.19,Moderate,Alpha,2021,2,February,1,Sunday
2021-02-21,Vietnam,98200000,24193.0,186.0,652.0,153.0,592261.0,4.08,28.96,19.95,0.48,24.64,0.189,76.26,Moderate,Alpha,2021,2,February,1,Sunday
2021-02-28,Vietnam,98200000,24839.0,187.0,666.0,200.0,604879.0,4.11,30.63,20.84,0.48,25.29,0.19,76.79,Moderate,Alpha,2021,2,February,1,Sunday
2021-03-07,Vietnam,98200000,25054.0,165.0,665.0,161.0,652623.0,3.84,32.25,22.42,0.48,25.51,0.168,73.37,High,Alpha,2021,3,March,1,Sunday
2021-03-14,Vietnam,98200000,26515.0,220.0,697.0,165.0,718041.0,3.69,34.4,23.94,0.73,27.0,0.224,75.47,High,Alpha,2021,3,March,1,Sunday
03-21-2021,Vietnam,98200000,23288.0,158.0,605.0,100.0,630054.0,3.7,36.17,25.75,0.73,23.72,0.161,70.5,High,Alpha,2021,3,March,1,Sunday
2021-03-28,Vietnam,98200000,17236.0,119.0,444.0,128.0,562972.0,3.06,37.63,26.98,0.73,17.55,0.121,71.07,Moderate,Alpha,2021,3,March,1,Sunday
2021-04-04,Vietnam,98200000,13049.0,87.0,333.0,73.0,467269.0,2.79,40.27,28.68,0.8,13.29,0.089,58.74,Moderate,Alpha,2021,4,April,2,Sunday
2021-04-11,Vietnam,98200000,14112.0,94.0,358.0,90.0,587936.0,2.4,41.53,29.32,0.8,14.37,0.096,65.87,Low,Alpha,2021,4,April,2,Sunday
2021-04-18,Vietnam,98200000,8995.0,64.0,226.0,,533623.0,1.69,43.23,31.15,0.9,9.16,0.065,60.01,Low,Alpha,2021,4,April,2,Sunday
2021-04-25,Vietnam,98200000,7322.0,51.0,181.0,51.0,498141.0,1.47,45.31,33.41,0.9,7.46,0.052,52.83,Low,Alpha,2021,4,April,2,Sunday
2021-05-02,Vietnam,98200000,7365.0,51.0,181.0,45.0,569979.0,1.29,47.03,34.11,0.9,7.5,0.052,59.7,Low,Alpha,2021,5,May,2,Sunday
2021-05-09,Vietnam,98200000,5948.0,34.0,145.0,37.0,462977.0,1.28,48.99,35.64,0.9,6.06,0.035,54.82,Low,Alpha,2021,5,May,2,Sunday
2021-05-16,Vietnam,98200000,5810.0,43.0,140.0,33.0,482802.0,1.2,50.42,37.33,0.9,5.92,0.044,51.98,None,Alpha,2021,5,May,2,Sunday
2021-05-23,Vietnam,98200000,3076.0,27.0,84.0,21.0,482589.0,0.64,52.6,39.55,1.26,3.13,0.027,54.06,None,Delta,2021,5,May,2,Sunday
2021-05-30,Vietnam,98200000,5924.0,54.0,161.0,36.0,488560.0,1.21,54.5,40.26,1.26,6.03,0.055,54.02,None,Delta,2021,5,May,2,Sunday
2021-06-06,Vietnam,98200000,4501.0,32.0,120.0,34.0,524019.0,0.86,55.68,42.13,1.26,4.58,0.033,54.0,None,Delta,2021,6,June,2,Sunday
2021-06-13,Vietnam,98200000,6328.0,56.0,168.0,48.0,533393.0,1.19,56.71,43.55,1.26,6.44,0.057,55.08,None,Delta,2021,6,June,2,Sunday
2021-06-20,Vietnam,98200000,5410.0,45.0,142.0,34.0,550792.0,0.98,58.3,44.3,1.26,5.51,0.046,53.16,Low,Delta,2021,6,June,2,Sunday
2021-06-27,Vietnam,98200000,5056.0,39.0,131.0,23.0,525995.0,0.96,60.01,46.28,1.26,5.15,0.04,51.97,None,Delta,2021,6,June,2,Sunday
2021-07-04,Vietnam,98200000,9458.0,61.0,243.0,52.0,530608.0,1.78,60.65,47.48,1.26,9.63,0.062,61.2,None,Delta,2021,7,July,3,Sunday
2021-07-11,Vietnam,98200000,14154.0,97.0,359.0,105.0,551998.0,2.56,62.1,49.18,1.26,14.41,0.099,64.44,Low,Delta,2021,7,July,3,Sunday
2021-07-18,Vietnam,98200000,16283.0,130.0,408.0,125.0,603061.0,2.7,63.14,50.77,1.59,16.58,0.132,66.15,Low,Delta,2021,7,July,3,Sunday
2021-07-25,Vietnam,98200000,17237.0,119.0,430.0,84.0,579386.0,2.98,64.76,51.38,1.77,17.55,0.121,65.42,Moderate,Delta,2021,7,July,3,Sunday
2021-08-01,Vietnam,98200000,24352.0,182.0,603.0,187.0,639040.0,3.81,66.4,52.56,1.94,24.8,0.185,73.06,Moderate,Delta,2021,8,August,3,Sunday
2021-08-08,Vietnam,98200000,28581.0,211.0,696.0,137.0,692460.0,4.13,66.4,54.56,2.27,29.1,0.215,74.63,Moderate,Delta,2021,8,August,3,Sunday
2021-08-15,Vietnam,98200000,32020.0,239.0,779.0,239.0,696305.0,4.6,67.85,54.67,2.27,32.61,0.243,77.75,High,Delta,2021,8,August,3,Sunday
2021-08-22,Vietnam,98200000,31784.0,209.0,769.0,238.0,704033.0,4.51,68.27,55.51,2.27,32.37,0.213,83.53,High,Delta,2021,8,August,3,Sunday
2021-08-29,Vietnam,98200000,31305.0,235.0,746.0,176.0,640555.0,4.89,68.82,57.3,2.27,31.88,0.239,80.59,High,Delta,2021,8,August,3,Sunday
2021-09-05,Vietnam,98200000,31037.0,193.0,737.0,230.0,755645.0,4.11,70.4,57.79,2.75,31.61,0.197,76.63,High,Delta,2021,9,September,3,Sunday
2021-09-12,Vietnam,98200000,34830.0,251.0,821.0,200.0,645083.0,5.4,71.25,58.76,2.81,35.47,0.256,77.5,High,Delta,2021,9,September,3,Sunday
2021-09-19,Vietnam,98200000,38323.0,240.0,892.0,191.0,757153.0,5.06,71.34,60.17,2.9,39.03,0.244,79.69,High,Delta,2021,9,September,3,Sunday
2021-09-26,Vietnam,98200000,33182.0,196.0,773.0,222.0,669484.0,4.96,71.9,60.17,2.9,33.79,0.2,77.82,Lockdown,Delta,2021,9,September,3,Sunday
2021-10-03,Vietnam,98200000,35068.0,212.0,811.0,137.0,770785.0,4.55,72.34,60.94,3.22,35.71,0.216,81.12,High,Delta,2021,10,October,4,Sunday
2021-10-10,Vietnam,98200000,35759.0,246.0,825.0,154.0,764534.0,4.68,72.76,61.31,3.81,36.41,0.251,81.69,High,Delta,2021,10,October,4,Sunday
2021-10-17,Vietnam,98200000,30056.0,,687.0,128.0,675235.0,4.45,73.35,62.42,3.81,30.61,0.197,76.5,Lockdown,Delta,2021,10,October,4,Sunday
2021-10-24,Vietnam,98200000,26870.0,148.0,612.0,157.0,735031.0,3.66,73.86,62.75,3.81,27.36,0.151,74.11,High,Delta,2021,10,October,4,Sunday
2021-10-31,Vietnam,98200000,28711.0,157.0,652.0,176.0,656230.0,4.38,74.54,63.12,4.75,29.24,0.16,72.2,High,Delta,2021,10,October,4,Sunday
2021-11-07,Vietnam,98200000,23486.0,150.0,529.0,155.0,675246.0,3.48,74.54,64.21,4.75,23.92,0.153,73.88,High,Delta,2021,11,November,4,Sunday
2021-11-14,Vietnam,98200000,31770.0,177.0,714.0,216.0,647066.0,4.91,74.74,64.47,5.39,32.35,0.18,76.66,Moderate,Delta,2021,11,November,4,Sunday
2021-11-21,Vietnam,98200000,30619.0,52.0,329.0,98.0,701172.0,4.37,74.97,64.54,6.12,31.18,0.053,63.22,High,Omicron,2021,11,November,4,Sunday
2021-11-28,Vietnam,98200000,34525.0,68.0,369.0,98.0,653034.0,5.29,75.56,64.97,6.12,35.16,0.069,62.37,High,Omicron,2021,11,November,4,Sunday
2021-12-05,Vietnam,98200000,37969.0,66.0,403.0,123.0,730181.0,5.2,76.22,65.77,6.12,38.66,0.067,66.08,High,Omicron,2021,12,December,4,Sunday
2021-12-12,Vietnam,98200000,48300.0,77.0,513.0,101.0,795879.0,6.07,76.22,65.77,6.89,49.19,0.078,74.69,Lockdown,Omicron,2021,12,December,4,Sunday
2021-12-19,Vietnam,98200000,45101.0,80.0,476.0,130.0,,5.42,76.22,66.47,7.26,45.93,0.081,65.61,Lockdown,Omicron,2021,12,December,4,Sunday
2021-12-26,Vietnam,98200000,55348.0,101.0,581.0,95.0,801544.0,6.91,76.38,67.1,7.99,56.36,0.103,69.3,Lockdown,Omicron,2021,12,December,4,Sunday
02 Jan 2022,Vietnam,98200000,49646.0,91.0,521.0,89.0,1007033.0,4.93,76.66,67.18,8.72,50.56,0.093,67.64,Lockdown,Omicron,2022,1,January,1,Sunday
2022-01-09,Vietnam,98200000,57877.0,90.0,607.0,114.0,768612.0,7.53,77.16,67.18,9.24,58.94,0.092,72.25,High,Omicron,2022,1,January,1,Sunday
2022-01-16,Vietnam,98200000,52328.0,92.0,547.0,92.0,841906.0,6.22,77.16,67.56,9.78,53.29,0.094,69.49,Lockdown,Omicron,2022,1,January,1,Sunday
2022-01-23,Vietnam,98200000,48564.0,83.0,508.0,160.0,819396.0,5.93,77.16,67.56,10.73,49.45,0.085,66.7,Lockdown,Omicron,2022,1,January,1,Sunday
2022-01-30,Vietnam,98200000,54467.0,95.0,568.0,130.0,877219.0,6.21,77.16,67.95,11.3,55.47,0.097,71.47,High,Omicron,2022,1,January,1,Sunday
2022-02-06,Vietnam,98200000,48665.0,74.0,507.0,154.0,768585.0,6.33,77.21,68.0,11.76,49.56,0.075,73.17,Lockdown,Omicron,2022,2,February,1,Sunday
2022-02-13,Vietnam,98200000,41930.0,69.0,437.0,101.0,770555.0,5.44,77.21,68.0,12.76,42.7,0.07,66.23,Lockdown,Omicron,2022,2,February,1,Sunday
2022-02-20,Vietnam,98200000,34703.0,63.0,360.0,97.0,674963.0,5.14,77.21,68.61,12.88,35.34,0.064,63.42,Lockdown,Omicron,2022,2,February,1,Sunday
2022-02-27,Vietnam,98200000,31240.0,48.0,324.0,66.0,785782.0,3.98,77.21,68.61,14.48,31.81,0.049,63.15,High,Omicron,2022,2,February,1,Sunday
2022-03-06,Vietnam,98200000,24183.0,,251.0,78.0,603198.0,4.01,77.26,68.61,15.01,24.63,0.049,61.13,High,Omicron,2022,3,March,1,Sunday
2022-03-13,Vietnam,98200000,19148.0,38.0,198.0,31.0,594193.0,3.22,77.4,68.61,15.52,19.5,0.039,60.92,Moderate,Omicron,2022,3,March,1,Sunday
2022-03-20,Vietnam,98200000,14912.0,25.0,154.0,41.0,542179.0,2.75,77.4,68.79,16.65,15.19,0.025,56.41,Moderate,Omicron,2022,3,March,1,Sunday
2022-03-27,Vietnam,98200000,16252.0,30.0,167.0,52.0,544421.0,2.99,77.4,69.44,,16.55,0.031,56.3,Moderate,Omicron,2022,3,March,1,Sunday
2022-04-03,Vietnam,98200000,9536.0,17.0,98.0,28.0,475989.0,2.0,77.4,69.44,18.43,9.71,0.017,51.2,Moderate,Omicron,2022,4,April,2,Sunday
2022-04-10,Vietnam,98200000,6279.0,10.0,65.0,19.0,541610.0,1.16,77.53,69.44,19.75,6.39,0.01,,Low,Omicron,2022,4,April,2,Sunday
2022-04-17,Vietnam,98200000,10101.0,17.0,104.0,21.0,510852.0,,77.53,69.44,20.89,10.29,0.017,51.8,Low,Omicron,2022,4,April,2,Sunday
2022-04-24,Vietnam,98200000,9875.0,19.0,102.0,23.0,504049.0,1.96,77.87,69.44,21.64,10.06,0.019,51.64,Low,Omicron,2022,4,April,2,Sunday
2022-05-01,Vietnam,98200000,6584.0,10.0,67.0,12.0,476282.0,1.38,77.87,69.86,22.4,6.7,0.01,52.98,Low,Omicron,2022,5,May,2,Sunday
2022-05-08,Vietnam,98200000,6139.0,11.0,63.0,13.0,525517.0,1.17,77.87,69.86,23.68,6.25,0.011,56.2,Low,Omicron,2022,5,May,2,Sunday
2022-05-15,Vietnam,98200000,9565.0,17.0,98.0,15.0,537207.0,1.78,77.87,69.86,24.32,9.74,0.017,55.49,None,Omicron,2022,5,May,2,Sunday
2022-05-22,Vietnam,98200000,10484.0,16.0,107.0,30.0,543652.0,1.93,77.87,69.86,25.65,10.68,0.016,53.93,Low,Omicron,2022,5,May,2,Sunday
2022-05-29,Vietnam,98200000,13657.0,24.0,140.0,44.0,529691.0,2.58,78.25,69.86,26.52,13.91,0.024,52.83,Low,Omicron,2022,5,May,2,Sunday
2022-06-05,Vietnam,98200000,13330.0,26.0,137.0,37.0,581390.0,2.29,78.25,69.87,27.89,13.57,0.026,58.97,Low,Omicron,2022,6,June,2,Sunday
2022-06-12,Vietnam,98200000,17967.0,27.0,184.0,53.0,561863.0,3.2,78.25,69.98,28.57,18.3,0.027,56.81,Low,Omicron,2022,6,June,2,Sunday
2022-06-19,Vietnam,98200000,21006.0,26.0,176.0,42.0,617373.0,3.4,78.25,70.27,30.01,21.39,0.026,55.93,Moderate,Omicron (BA.5),2022,6,June,2,Sunday
2022-06-26,Vietnam,98200000,21857.0,28.0,183.0,33.0,612770.0,3.57,78.25,70.27,31.35,22.26,0.029,58.31,Moderate,Omicron (BA.5),2022,6,June,2,Sunday
2022-07-03,Vietnam,98200000,26625.0,39.0,222.0,61.0,563981.0,4.72,78.25,70.27,32.38,27.11,0.04,57.28,Moderate,Omicron (BA.5),2022,7,July,3,Sunday
2022-07-10,Vietnam,98200000,23815.0,33.0,199.0,40.0,735721.0,3.24,78.25,70.27,32.65,24.25,0.034,55.65,High,Omicron (BA.5),2022,7,July,3,Sunday
2022-07-17,Vietnam,98200000,26287.0,36.0,220.0,50.0,679643.0,3.87,78.32,70.27,33.79,26.77,0.037,56.69,Moderate,Omicron (BA.5),2022,7,July,3,Sunday
2022-07-24,Vietnam,98200000,24547.0,36.0,205.0,62.0,647156.0,3.79,78.46,70.55,35.2,25.0,0.037,56.11,High,Omicron (BA.5),2022,7,July,3,Sunday
2022-07-31,Vietnam,98200000,22620.0,35.0,189.0,40.0,641773.0,3.52,78.46,70.55,36.08,23.03,0.036,54.33,Moderate,Omicron (BA.5),2022,7,July,3,Sunday
2022-08-07,Vietnam,98200000,18651.0,23.0,155.0,31.0,696112.0,2.68,78.46,70.55,36.59,18.99,0.023,52.75,Moderate,Omicron (BA.5),2022,8,August,3,Sunday
2022-08-14,Vietnam,98200000,20183.0,30.0,168.0,26.0,663668.0,3.04,78.46,70.55,37.5,20.55,0.031,58.78,Moderate,Omicron (BA.5),2022,8,August,3,Sunday
2022-08-21,Vietnam,98200000,14843.0,19.0,124.0,33.0,588060.0,2.52,78.46,70.55,38.51,15.12,0.019,,Moderate,Omicron (BA.5),2022,8,August,3,Sunday
2022-08-28,Vietnam,98200000,16950.0,21.0,141.0,26.0,553171.0,3.06,78.46,70.55,38.75,17.26,0.021,53.26,Moderate,Omicron (BA.5),2022,8,August,3,Sunday
2022-09-04,Vietnam,98200000,14441.0,18.0,120.0,31.0,544291.0,2.65,78.46,70.55,40.24,14.71,0.018,56.74,Moderate,Omicron (BA.5),2022,9,September,3,Sunday
2022-09-11,Vietnam,98200000,13477.0,18.0,112.0,24.0,481632.0,2.8,78.48,70.55,41.16,13.72,0.018,54.99,Low,Omicron (BA.5),2022,9,September,3,Sunday
2022-09-18,Vietnam,98200000,11832.0,,99.0,28.0,535411.0,2.21,78.48,70.55,41.43,12.05,0.018,52.91,Low,Omicron (BA.5),2022,9,September,3,Sunday
2022-09-25,Vietnam,98200000,11645.0,16.0,97.0,29.0,579532.0,2.01,78.57,70.55,41.81,11.86,0.016,50.58,Low,Omicron (BA.5),2022,9,September,3,Sunday
2022-10-02,Vietnam,98200000,9697.0,14.0,81.0,15.0,564401.0,1.72,78.57,70.55,43.31,9.87,0.014,53.88,Low,Omicron (BA.5),2022,10,October,4,Sunday
2022-10-09,Vietnam,98200000,3064.0,4.0,26.0,7.0,516413.0,0.59,78.57,70.55,43.57,3.12,0.004,55.6,Low,Omicron (BA.5),2022,10,October,4,Sunday
2022-10-16,Vietnam,98200000,2957.0,3.0,25.0,4.0,471167.0,0.63,78.57,70.7,44.31,3.01,0.003,50.93,None,Omicron (BA.5),2022,10,October,4,Sunday
23/10/2022,Vietnam,98200000,3647.0,6.0,30.0,5.0,517983.0,0.7,78.57,70.7,44.31,3.71,0.006,53.58,None,Omicron (BA.5),2022,10,October,4,Sunday
2022-10-30,Vietnam,98200000,1016.0,2.0,8.0,2.0,509786.0,0.2,78.57,70.7,44.79,1.03,0.002,49.72,None,Omicron (BA.5),2022,10,October,4,Sunday
2022-11-06,Vietnam,98200000,1153.0,2.0,10.0,2.0,393818.0,0.29,78.57,70.7,45.8,1.17,0.002,52.63,None,Omicron (BA.5),2022,11,November,4,Sunday
2022-11-13,Vietnam,98200000,1944.0,2.0,16.0,5.0,496353.0,0.39,78.57,70.7,46.46,1.98,0.002,50.18,None,Omicron (BA.5),2022,11,November,4,Sunday
2022-11-20,Vietnam,98200000,650.0,1.0,5.0,1.0,554981.0,0.12,78.57,70.73,46.46,0.66,0.001,44.12,None,Omicron (BA.5),2022,11,November,4,Sunday
2022-11-27,Vietnam,98200000,630.0,1.0,5.0,2.0,464548.0,0.14,78.57,70.73,46.98,0.64,0.001,48.33,None,Omicron (BA.5),2022,11,November,4,Sunday
2022-12-04,Vietnam,98200000,295.0,0.0,2.0,0.0,377861.0,0.08,78.57,70.73,46.98,0.3,0.0,50.35,None,Omicron (BA.5),2022,12,December,4,Sunday
2022-12-11,Vietnam,98200000,1259.0,2.0,10.0,3.0,448702.0,0.28,78.57,70.73,47.55,1.28,0.002,53.03,None,Omicron (BA.5),2022,12,December,4,Sunday
2022-12-18,Vietnam,98200000,1034.0,1.0,9.0,2.0,408937.0,0.25,78.57,70.73,48.03,1.05,0.001,49.9,None,Omicron (BA.5),2022,12,December,4,Sunday
2022-12-25,Vietnam,98200000,295.0,0.0,2.0,0.0,449337.0,0.07,78.57,70.73,48.58,0.3,0.0,50.09,None,Omicron (BA.5),2022,12,December,4,Sunday
2021-06-13,Ethiopia,120300000,16210.0,225.0,1230.0,245.0,167550.0,9.67,14.33,10.16,0.85,13.47,0.187,40.95,Low,Delta,2021,6,June,2,Sunday
2022-03-06,Turkey,85300000,45363.0,84.0,1015.0,300.0,1305896.0,3.47,79.58,71.47,20.3,53.18,0.098,62.78,High,Omicron,2022,3,March,1,Sunday
2021-03-14,Malaysia,33600000,8359.0,57.0,263.0,75.0,435417.0,1.92,40.53,27.79,0.96,24.88,0.17,63.83,High,Alpha,2021,3,March,1,Sunday
2021-10-17,Spain,47400000,34875.0,148.0,548.0,87.0,1394866.0,2.5,91.32,84.34,9.27,73.58,0.312,78.31,High,Delta,2021,10,October,4,Sunday
2021-11-07,Indonesia,276400000,263287.0,2916.0,9864.0,2810.0,1466748.0,17.95,69.11,57.46,3.63,95.26,1.055,,High,Delta,2021,11,November,4,Sunday
2022-04-10,South Africa,60400000,13605.0,49.0,269.0,76.0,221278.0,6.15,54.66,46.32,11.16,22.52,0.081,45.62,Low,Omicron,2022,4,April,2,Sunday
2021-02-28,Ukraine,43700000,17000.0,266.0,929.0,231.0,342786.0,4.96,14.55,10.35,0.71,38.9,0.609,58.38,High,Alpha,2021,2,February,1,Sunday
2022-12-25,Norway,5400000,16.0,0.0,0.0,0.0,82183.0,0.02,90.77,87.1,65.02,0.3,0.0,43.14,None,Omicron (BA.5),2022,12,December,4,Sunday
2022-09-04,New Zealand,5100000,268.0,0.0,2.0,1.0,84954.0,0.32,92.49,88.76,62.45,5.26,0.0,37.21,Low,Omicron (BA.5),2022,9,September,3,Sunday
2021-09-19,Nigeria,213400000,141309.0,1736.0,5311.0,1270.0,559759.0,25.24,24.94,17.35,1.44,66.22,0.813,52.65,High,Delta,2021,9,September,3,Sunday
2022-09-18,Peru,33700000,3941.0,13.0,60.0,13.0,233562.0,1.69,82.53,74.07,44.36,11.69,0.039,45.93,Low,Omicron (BA.5),2022,9,September,3,Sunday
2022-08-28,Indonesia,276400000,137216.0,274.0,1873.0,525.0,1323515.0,10.37,75.58,66.04,29.6,49.64,0.099,58.26,Moderate,Omicron (BA.5),2022,8,August,3,Sunday
2022-02-13,Portugal,10300000,5003.0,4.0,80.0,16.0,258985.0,1.93,94.3,91.4,40.21,48.58,0.039,58.59,High,Omicron,2022,2,February,1,Sunday
2021-11-21,Mexico,128900000,84858.0,305.0,2181.0,535.0,1248362.0,6.8,68.71,56.93,4.51,65.83,0.237,62.47,High,Omicron,2021,11,November,4,Sunday
2021-01-31,Argentina,45800000,19783.0,220.0,592.0,159.0,524171.0,3.77,27.85,17.64,0.27,43.19,0.48,61.11,Low,Alpha,2021,1,January,1,Sunday
2021-09-05,Mexico,128900000,75862.0,1224.0,4289.0,984.0,1098935.0,6.9,63.0,50.44,2.04,58.85,0.95,71.25,Lockdown,Delta,2021,9,September,3,Sunday
2021-07-25,Peru,33700000,20816.0,318.0,963.0,148.0,313936.0,6.63,68.29,53.93,1.95,61.77,0.944,63.48,Moderate,Delta,2021,7,July,3,Sunday
2021-11-14,Italy,59100000,30165.0,174.0,745.0,208.0,1430383.0,2.11,88.59,81.6,11.73,51.04,0.294,70.51,Lockdown,Delta,2021,11,November,4,Sunday
2021-06-20,Belgium,11600000,1033.0,6.0,48.0,12.0,225668.0,0.46,78.75,65.82,1.99,8.91,0.052,59.4,None,Delta,2021,6,June,2,Sunday
06-19-2022,Portugal,10300000,4059.0,3.0,65.0,17.0,277045.0,1.47,94.4,91.81,63.84,39.41,0.029,61.76,Moderate,Omicron,2022,6,June,2,Sunday
2022-12-25,Brazil,213000000,1437.0,3.0,22.0,6.0,1537873.0,0.09,85.45,77.14,55.51,0.67,0.001,47.05,None,Omicron (BA.5),2022,12,December,4,Sunday
2021-07-11,France,67400000,40418.0,242.0,1988.0,607.0,1918376.0,2.11,82.81,70.15,1.84,59.97,0.359,74.25,Moderate,Delta,2021,7,July,3,Sunday
2021-05-23,New Zealand,5100000,332.0,1.0,8.0,2.0,93177.0,0.36,71.94,58.08,1.25,6.51,0.02,45.03,None,Alpha,2021,5,May,2,Sunday
2021-10-03,India,1393000000,1070486.0,8770.0,38006.0,8224.0,8456640.0,12.66,72.38,61.37,3.34,76.85,0.63,78.37,High,Delta,2021,10,October,4,Sunday
2021-07-18,Argentina,45800000,22319.0,195.0,569.0,156.0,522657.0,4.27,75.12,60.13,1.92,48.73,0.426,58.52,Low,Delta,2021,7,July,3,Sunday
2021-04-25,Ethiopia,120300000,2180.0,20.0,145.0,36.0,153227.0,1.42,11.85,8.69,0.85,1.81,0.017,37.53,None,Alpha,2021,4,April,2,Sunday
2022-02-06,Switzerland,8700000,6103.0,6.0,59.0,12.0,210239.0,2.9,82.1,76.18,24.19,70.15,0.069,60.37,High,Omicron,2022,2,February,1,Sunday
2021-10-17,Malaysia,33600000,11608.0,68.0,299.0,78.0,565237.0,2.05,82.13,72.39,5.49,34.55,0.202,67.4,High,Delta,2021,10,October,4,Sunday
2021-12-26,Ukraine,43700000,33333.0,145.0,892.0,233.0,462912.0,7.2,37.39,29.17,2.54,76.28,0.332,60.14,High,Omicron,2021,12,December,4,Sunday
2021-04-04,Bangladesh,169400000,21919.0,195.0,786.0,225.0,624225.0,3.51,29.27,21.06,0.79,12.94,0.115,57.57,Low,Alpha,2021,4,April,2,Sunday
2022-10-09,Egypt,104300000,6285.0,19.0,108.0,30.0,385606.0,1.63,55.04,46.5,18.45,6.03,0.018,51.07,None,Omicron (BA.5),2022,10,October,4,Sunday
2021-02-28,Morocco,37100000,12130.0,131.0,355.0,90.0,311734.0,3.89,27.75,18.08,0.61,32.7,0.353,69.86,High,Alpha,2021,2,February,1,Sunday
2021-10-10,United Arab Emirates,9900000,2026.0,4.0,50.0,14.0,329867.0,0.61,94.38,88.1,8.6,20.47,0.04,63.73,High,Delta,2021,10,October,4,Sunday
2021-06-20,Sweden,10400000,2247.0,,105.0,24.0,166854.0,1.35,74.96,60.95,1.32,21.61,0.125,47.18,Low,Delta,2021,6,June,2,Sunday
2022-02-13,Japan,125800000,44761.0,38.0,824.0,143.0,2436163.0,1.84,88.05,83.28,24.9,35.58,0.03,47.06,Lockdown,Omicron,2022,2,February,1,Sunday
2021-08-01,Chile,19500000,12940.0,77.0,585.0,173.0,449649.0,2.88,86.43,75.65,,66.36,0.395,59.51,Moderate,Delta,2021,8,August,3,Sunday
2021-07-11,Nigeria,213400000,121927.0,1703.0,4677.0,705.0,500453.0,24.36,20.34,13.95,0.85,57.14,0.798,50.56,Moderate,Delta,2021,7,July,3,Sunday
2022-09-04,Sweden,10400000,2060.0,2.0,31.0,9.0,179628.0,1.15,87.55,82.05,57.76,19.81,0.019,43.28,Low,Omicron (BA.5),2022,9,September,3,Sunday
2022-12-04,Austria,9000000,27.0,0.0,0.0,0.0,181427.0,0.01,82.66,77.81,57.63,0.3,0.0,54.25,None,Omicron (BA.5),2022,12,December,4,Sunday
2022-04-17,Sweden,10400000,1445.0,2.0,27.0,7.0,160836.0,0.9,87.4,81.88,41.58,13.89,0.019,42.78,Low,Omicron,2022,4,April,2,Sunday
